code,date,big1000,big400,retail,people
000218,20261002,100.0,100.0,0.0,1.0
000560,20261002,100.0,100.0,0.0,1.0
000708,20261002,100.0,100.0,0.0,1.0
000779,20261002,100.0,100.0,0.0,1.0
000815,20261002,100.0,100.0,0.0,1.0
000856,20261002,100.0,100.0,0.0,1.0
00400A,20261002,10.3,15.42,49.99,133126.0
00401A,20261002,22.21,25.11,47.35,18153.0
00402A,20261002,19.08,24.91,49.48,40093.0
00403A,20261002,12.58,17.75,49.29,816720.0
00404A,20261002,12.97,17.6,55.73,28926.0
00405A,20261002,14.46,20.77,43.46,133480.0
00406A,20261002,10.98,22.3,34.99,221095.0
00407A,20261002,21.46,27.84,41.24,116064.0
00408A,20261002,19.66,29.48,41.66,7998.0
00409A,20261002,28.59,41.58,28.45,45845.0
00410A,20261002,28.9,34.89,38.14,9542.0
00411A,20261002,22.99,30.0,39.9,18992.0
0050,20261002,24.29,25.95,56.03,3557229.0
0051,20261002,0.0,13.85,76.18,12597.0
0052,20261002,18.49,20.58,64.71,453219.0
0053,20261002,45.36,49.89,39.22,7378.0
0055,20261002,30.32,37.4,48.18,18890.0
0056,20261002,9.04,11.39,63.08,1670875.0
0057,20261002,0.0,0.0,55.24,3463.0
0061,20261002,22.63,33.07,37.1,5972.0
006201,20261002,37.36,49.44,45.7,5138.0
006203,20261002,51.18,74.49,13.72,3463.0
006204,20261002,0.0,0.0,58.51,1144.0
006205,20261002,34.9,46.76,34.88,8805.0
006206,20261002,30.43,33.14,48.21,3068.0
006207,20261002,4.69,16.65,39.26,1606.0
006208,20261002,9.56,10.13,81.36,712535.0
00625K,20261002,0.0,0.0,40.21,12.0
00631L,20261002,20.32,30.36,30.17,283716.0
00632R,20261002,31.06,45.05,18.96,65756.0
00633L,20261002,24.0,37.98,23.32,3788.0
00634R,20261002,43.65,54.99,15.07,750.0
00635U,20261002,15.85,19.38,60.79,58463.0
00636,20261002,19.37,26.39,46.0,8152.0
00636K,20261002,0.0,0.0,99.97,8.0
00637L,20261002,43.75,58.21,13.66,12383.0
00638R,20261002,38.19,53.89,17.31,496.0
00639,20261002,19.55,29.13,37.74,5684.0
00640L,20261002,18.31,36.24,44.69,1234.0
00641R,20261002,46.17,60.34,13.58,1274.0
00642U,20261002,35.24,44.59,40.01,7105.0
00643,20261002,36.74,49.25,27.41,3166.0
00643K,20261002,0.0,0.0,18.77,5.0
00645,20261002,17.64,30.56,54.41,9676.0
00646,20261002,40.52,44.52,43.11,114872.0
00647L,20261002,31.09,31.09,46.91,1499.0
00648R,20261002,37.37,48.03,16.47,2326.0
00650L,20261002,33.74,47.45,19.19,2243.0
00651R,20261002,54.6,71.05,9.76,367.0
00652,20261002,24.96,30.81,53.22,9321.0
00653L,20261002,0.0,3.8,52.19,1278.0
00654R,20261002,40.94,58.22,14.75,359.0
00655L,20261002,22.48,32.78,29.42,2252.0
00656R,20261002,54.37,75.58,10.13,310.0
00657,20261002,15.34,23.59,58.51,1625.0
00657K,20261002,0.0,0.0,99.99,4.0
00660,20261002,0.0,16.18,36.18,1021.0
00661,20261002,11.37,21.25,62.25,7136.0
00662,20261002,32.4,36.36,36.67,111526.0
00663L,20261002,20.78,26.35,48.31,12931.0
00664R,20261002,40.8,59.29,9.82,9953.0
00665L,20261002,43.18,57.73,12.09,5032.0
00666R,20261002,71.95,84.04,6.66,117.0
00668,20261002,31.33,38.51,50.81,2061.0
00668K,20261002,0.0,0.0,99.99,4.0
00669R,20261002,33.92,46.28,15.18,3028.0
00670L,20261002,6.13,12.31,65.76,12213.0
00671R,20261002,51.64,68.75,6.81,3487.0
00673R,20261002,40.77,52.91,13.46,15884.0
00674R,20261002,41.72,47.07,36.86,1242.0
00675L,20261002,15.93,20.95,62.61,18060.0
00676R,20261002,32.04,47.84,17.56,4318.0
00678,20261002,0.0,22.21,44.39,1868.0
00679B,20261002,37.63,42.9,29.76,232860.0
00680L,20261002,38.25,53.52,13.8,19288.0
00681R,20261002,20.68,79.63,2.66,103.0
00682U,20261002,52.92,78.46,6.03,255.0
00683L,20261002,62.36,70.37,14.7,305.0
00684R,20261002,73.73,81.2,7.81,169.0
00685L,20261002,21.91,34.07,26.76,172260.0
00686R,20261002,50.87,67.89,6.94,2037.0
00687B,20261002,37.7,43.56,28.35,151884.0
00687C,20261002,93.67,93.67,6.3,16.0
00688L,20261002,33.89,48.49,15.54,9196.0
00689R,20261002,73.59,87.01,0.47,50.0
00690,20261002,8.31,13.48,69.99,16440.0
00692,20261002,14.92,16.64,69.6,90671.0
00693U,20261002,38.13,44.4,29.52,2687.0
00694B,20261002,62.8,66.06,22.04,2005.0
00695B,20261002,68.77,74.95,18.52,2274.0
00696B,20261002,82.09,83.23,10.98,10951.0
00697B,20261002,18.44,21.68,53.41,6864.0
00700,20261002,5.14,11.96,47.94,2583.0
00701,20261002,5.32,6.82,83.37,37651.0
00702,20261002,30.41,54.4,38.37,1180.0
00703,20261002,0.0,26.72,48.48,1017.0
00706L,20261002,20.31,31.51,32.56,6015.0
00707R,20261002,77.06,94.22,0.25,23.0
00708L,20261002,19.3,24.73,50.2,19267.0
00709,20261002,7.44,34.0,44.21,2239.0
00710B,20261002,81.23,81.77,12.65,3723.0
00711B,20261002,99.18,99.32,0.37,797.0
00712,20261002,22.82,34.45,22.98,149459.0
00713,20261002,21.1,22.33,64.97,271093.0
00714,20261002,22.39,48.66,40.14,2370.0
00715L,20261002,49.16,54.77,23.17,3531.0
00717,20261002,18.07,26.14,44.86,7478.0
00719B,20261002,23.77,30.44,35.05,15055.0
00720B,20261002,62.16,65.5,16.84,77412.0
00722B,20261002,88.92,89.66,7.01,13493.0
00723B,20261002,99.65,99.72,0.09,471.0
00724B,20261002,97.48,97.64,1.47,6166.0
00725B,20261002,80.64,82.15,9.25,41143.0
00726B,20261002,97.65,98.01,1.12,1718.0
00727B,20261002,87.59,89.81,6.68,730.0
00728,20261002,0.0,4.39,80.73,9922.0
00730,20261002,14.05,16.48,73.39,12871.0
00731,20261002,0.0,15.67,73.97,8171.0
00733,20261002,11.72,13.41,77.96,20350.0
00734B,20261002,80.06,82.55,10.17,520.0
00735,20261002,15.6,21.37,62.3,30279.0
00736,20261002,45.67,76.27,18.1,486.0
00737,20261002,10.35,16.09,71.15,5441.0
00738U,20261002,13.25,20.81,53.11,32968.0
00739,20261002,27.21,47.6,35.31,1950.0
00740B,20261002,96.17,96.6,1.76,6042.0
00741B,20261002,37.85,49.67,35.28,1134.0
00746B,20261002,99.5,99.59,0.22,1306.0
00749B,20261002,99.75,99.75,0.05,193.0
00750B,20261002,99.32,99.72,0.07,76.0
00751B,20261002,72.6,75.28,11.47,67150.0
00752,20261002,26.93,31.0,41.96,17084.0
00753L,20261002,34.27,49.16,16.64,12098.0
00754B,20261002,99.75,99.75,0.14,467.0
00755B,20261002,97.72,97.72,1.49,1008.0
00756B,20261002,97.31,97.63,1.42,2320.0
00757,20261002,27.78,30.69,53.72,67459.0
00758B,20261002,90.49,90.49,2.77,120.0
00759B,20261002,98.89,98.89,0.31,119.0
00760B,20261002,99.16,99.16,0.57,622.0
00761B,20261002,98.48,98.56,0.79,3428.0
00762,20261002,14.88,18.85,70.27,22278.0
00763U,20261002,47.23,51.5,31.59,3750.0
00764B,20261002,93.73,94.14,3.63,8253.0
00768B,20261002,97.59,98.06,0.98,1768.0
00770,20261002,7.58,11.83,68.47,22091.0
00771,20261002,11.94,15.43,60.76,2078.0
00772B,20261002,78.62,80.37,9.99,40444.0
00773B,20261002,95.27,95.67,2.56,8858.0
00775B,20261002,99.23,99.66,0.09,184.0
00777B,20261002,99.88,99.92,0.01,222.0
00778B,20261002,99.92,99.94,0.01,183.0
00779B,20261002,99.5,99.57,0.24,642.0
00780B,20261002,96.91,97.42,2.1,1277.0
00781B,20261002,16.97,24.6,47.78,743.0
00782B,20261002,18.77,23.42,48.02,1270.0
00783,20261002,0.0,24.22,44.97,799.0
00785B,20261002,99.7,99.87,0.04,237.0
00786B,20261002,15.33,30.65,44.37,1269.0
00787B,20261002,17.68,38.88,45.82,1001.0
00788B,20261002,15.44,27.43,43.81,1444.0
00789B,20261002,99.07,99.38,0.29,354.0
00791B,20261002,99.68,99.68,0.07,100.0
00792B,20261002,99.81,99.86,0.05,452.0
00793B,20261002,0.0,0.0,58.37,260.0
00795B,20261002,52.29,56.24,21.02,37143.0
00799B,20261002,7.87,23.0,48.96,1657.0
00830,20261002,22.02,24.75,60.09,177851.0
00834B,20261002,94.36,94.36,1.67,134.0
00836B,20261002,99.33,99.6,0.25,433.0
00840B,20261002,99.27,99.27,0.22,91.0
00841B,20261002,98.66,99.44,0.29,120.0
00842B,20261002,31.65,41.61,29.51,1037.0
00844B,20261002,98.91,99.24,0.55,294.0
00845B,20261002,99.34,99.59,0.17,220.0
00846B,20261002,98.18,98.18,0.99,253.0
00847B,20261002,0.0,29.29,32.73,299.0
00848B,20261002,99.21,99.21,0.24,152.0
00849B,20261002,99.74,99.84,0.02,107.0
00850,20261002,15.14,17.64,71.3,80128.0
00851,20261002,27.87,27.87,54.27,2101.0
00852L,20261002,22.77,43.37,40.95,659.0
00853B,20261002,89.53,90.92,6.61,2337.0
00856B,20261002,59.63,65.59,19.48,409.0
00857B,20261002,55.1,59.44,22.32,15636.0
00858,20261002,13.74,17.51,58.18,18701.0
00859B,20261002,14.91,20.32,45.35,2099.0
00860B,20261002,0.0,0.0,67.9,370.0
00861,20261002,5.45,7.3,81.92,18066.0
00862B,20261002,98.32,98.37,1.07,1498.0
00863B,20261002,99.52,99.52,0.24,337.0
00864B,20261002,29.26,35.51,27.64,3890.0
00865B,20261002,24.85,31.21,28.73,10513.0
00867B,20261002,99.72,99.79,0.08,214.0
00870B,20261002,99.39,99.6,0.22,311.0
00875,20261002,0.0,18.94,69.83,7204.0
00876,20261002,24.05,27.46,61.96,21806.0
00877,20261002,14.1,20.11,49.91,13814.0
00878,20261002,8.57,10.71,59.0,1681374.0
00881,20261002,14.56,16.14,64.94,403686.0
00882,20261002,17.73,26.65,35.25,82832.0
00884B,20261002,98.78,98.78,0.55,212.0
00885,20261002,10.36,16.49,51.09,48138.0
00886,20261002,0.0,14.33,66.32,1175.0
00887,20261002,20.17,31.57,33.79,20471.0
00888,20261002,11.41,12.31,70.81,90503.0
00890B,20261002,65.7,73.63,20.17,694.0
00891,20261002,10.97,13.13,61.95,189749.0
00892,20261002,14.45,17.45,66.03,46228.0
00893,20261002,5.86,8.53,74.42,56048.0
00894,20261002,10.96,13.42,71.34,26091.0
00895,20261002,8.15,9.5,75.63,28592.0
00896,20261002,7.41,8.88,70.04,61837.0
00897,20261002,14.92,23.14,48.44,9677.0
00898,20261002,9.66,17.63,55.11,8337.0
00899,20261002,0.0,8.19,73.2,3573.0
00900,20261002,12.8,15.21,58.58,127766.0
00901,20261002,7.13,14.85,72.52,11501.0
00902,20261002,13.09,17.99,54.13,17912.0
00903,20261002,7.2,11.1,69.87,6984.0
00904,20261002,8.0,14.47,69.23,24184.0
00905,20261002,6.02,7.51,69.97,44320.0
00907,20261002,11.01,12.83,67.13,20132.0
00908,20261002,28.25,38.6,43.5,2703.0
00909,20261002,7.3,12.98,71.5,25488.0
00910,20261002,3.28,8.16,77.98,37664.0
00911,20261002,7.0,15.54,73.79,12152.0
00912,20261002,18.59,21.32,64.56,8361.0
00913,20261002,16.09,17.52,65.28,12770.0
00915,20261002,14.81,16.97,71.6,70861.0
00916,20261002,8.46,14.7,71.06,18968.0
00917,20261002,7.36,14.22,70.13,13161.0
00918,20261002,8.69,11.39,59.12,383350.0
00919,20261002,7.64,10.43,56.72,1484028.0
00920,20261002,8.03,24.52,65.73,6183.0
00921,20261002,2.66,6.29,79.86,10167.0
00922,20261002,32.41,34.35,47.88,188254.0
00923,20261002,13.63,14.97,68.43,122424.0
00924,20261002,19.67,21.83,60.64,54875.0
00926,20261002,51.76,56.51,36.87,9172.0
00927,20261002,7.02,9.58,65.55,146137.0
00928,20261002,18.08,25.06,58.98,7095.0
00929,20261002,8.35,10.23,59.85,460115.0
00930,20261002,5.24,6.82,76.65,23181.0
00931B,20261002,75.09,76.78,12.81,33574.0
00932,20261002,9.23,11.71,70.5,12949.0
00933B,20261002,73.35,76.69,10.17,78013.0
00934,20261002,9.96,11.19,69.09,49562.0
00935,20261002,20.4,22.1,59.44,124429.0
00936,20261002,8.87,10.03,70.32,22064.0
00937B,20261002,51.29,60.38,12.09,211248.0
00938,20261002,45.13,47.28,39.96,6446.0
00939,20261002,4.62,6.72,65.95,103092.0
00940,20261002,8.62,12.24,53.64,310893.0
00941,20261002,10.19,13.7,63.95,46509.0
00942B,20261002,89.04,89.99,4.53,9726.0
00943,20261002,25.48,31.52,54.92,4220.0
00944,20261002,4.68,9.22,72.23,7809.0
00945B,20261002,34.46,41.59,22.17,18651.0
00946,20261002,17.92,20.07,55.24,35486.0
00947,20261002,23.25,28.85,56.08,37465.0
00948B,20261002,79.1,82.26,6.23,26254.0
00949,20261002,14.54,19.85,58.06,17223.0
00950B,20261002,89.6,90.9,3.04,12098.0
00951,20261002,27.89,32.77,42.59,15328.0
00952,20261002,9.07,14.02,59.57,22578.0
00953B,20261002,38.67,52.97,11.93,52822.0
00954,20261002,18.21,24.05,52.45,10691.0
00955,20261002,27.23,31.74,43.79,35365.0
00956,20261002,14.49,17.55,55.46,3252.0
00957B,20261002,43.18,50.81,19.92,3918.0
00958B,20261002,13.54,20.51,37.2,4298.0
00959B,20261002,40.65,48.42,18.18,9144.0
00960,20261002,16.97,19.15,69.07,12976.0
00961,20261002,6.36,11.62,46.57,62468.0
00962,20261002,0.0,7.05,64.36,11307.0
00963,20261002,20.95,28.94,30.49,5338.0
00964,20261002,12.46,21.32,41.48,4701.0
00965,20261002,43.23,45.92,37.39,33131.0
00966B,20261002,33.46,37.47,33.57,3882.0
00967B,20261002,62.09,70.43,12.85,2677.0
00968B,20261002,63.7,68.8,11.97,8185.0
00969B,20261002,57.14,67.84,13.2,2111.0
00970B,20261002,53.6,60.36,17.07,5824.0
00971,20261002,12.15,16.92,63.87,6594.0
00972,20261002,32.92,36.18,46.93,1621.0
009800,20261002,25.82,30.77,41.81,19664.0
009801,20261002,13.31,22.51,53.05,8586.0
009802,20261002,13.07,17.06,56.23,41096.0
009803,20261002,9.99,13.67,60.2,30370.0
009804,20261002,6.82,11.52,63.62,17797.0
009805,20261002,14.41,19.15,54.28,54596.0
009806,20261002,38.26,55.22,30.33,1085.0
009807,20261002,34.29,57.79,34.17,1131.0
009808,20261002,7.69,12.73,63.44,4235.0
009809,20261002,33.91,38.68,43.5,2521.0
00980A,20261002,22.71,25.03,53.66,70044.0
00980B,20261002,40.36,49.45,26.23,1504.0
00980D,20261002,30.04,36.89,28.45,3389.0
00980T,20261002,50.62,53.92,27.63,3141.0
009810,20261002,24.48,34.91,43.95,1919.0
009811,20261002,11.0,17.85,56.18,22545.0
009812,20261002,27.69,37.49,40.04,5858.0
009813,20261002,17.72,23.37,50.19,22761.0
009814,20261002,16.67,21.34,52.75,13684.0
009815,20261002,15.91,22.02,51.4,29014.0
009816,20261002,13.04,18.95,49.35,929404.0
009817,20261002,15.12,25.17,39.73,10021.0
009818,20261002,7.86,9.75,64.1,4764.0
009819,20261002,8.24,11.97,62.61,51098.0
00981A,20261002,17.41,21.83,52.09,931551.0
00981B,20261002,34.04,50.77,11.08,16888.0
00981D,20261002,31.42,45.41,15.92,8452.0
00981T,20261002,21.89,35.41,27.71,8290.0
009820,20261002,30.49,39.77,30.7,33729.0
009821,20261002,7.34,10.82,65.7,55738.0
009822,20261002,5.71,13.0,59.84,4819.0
009823,20261002,11.8,16.49,60.23,32932.0
009824,20261002,8.85,14.97,59.79,43522.0
009825,20261002,3.53,11.04,45.47,4400.0
009826,20261002,17.41,25.75,42.78,62114.0
009827,20261002,9.82,15.42,51.55,15759.0
009828,20261002,24.96,28.48,50.24,56735.0
009829,20261002,37.67,45.38,28.6,13547.0
00982A,20261002,10.05,13.53,58.18,176502.0
00982B,20261002,53.11,60.59,17.42,762.0
00982D,20261002,30.3,38.08,29.56,2805.0
00982T,20261002,0.0,20.05,65.64,1895.0
00983A,20261002,18.46,24.58,56.42,8284.0
00983B,20261002,45.68,52.84,20.25,791.0
00983D,20261002,13.54,31.55,27.29,3930.0
00984A,20261002,12.85,15.54,62.14,61547.0
00984B,20261002,27.38,34.49,25.57,3425.0
00984D,20261002,27.11,43.28,14.21,15718.0
00985A,20261002,9.02,12.21,64.18,49595.0
00985B,20261002,54.73,65.5,10.88,8887.0
00985D,20261002,41.02,53.47,18.99,2467.0
00986A,20261002,11.65,19.72,59.86,4622.0
00986B,20261002,73.03,78.62,10.9,390.0
00986D,20261002,41.36,50.96,14.76,2337.0
00987A,20261002,11.15,15.73,65.17,16571.0
00987B,20261002,41.98,55.8,19.89,2139.0
00987D,20261002,73.04,75.24,14.18,1674.0
00988A,20261002,13.6,18.82,51.06,225913.0
00988B,20261002,17.69,30.0,32.73,5363.0
00989A,20261002,10.56,15.67,58.07,6495.0
00989B,20261002,22.95,38.16,25.44,2761.0
00990A,20261002,26.29,34.07,36.72,119077.0
00990B,20261002,28.84,38.43,29.69,3434.0
00991A,20261002,15.93,20.29,51.77,326145.0
00991B,20261002,97.39,98.33,0.86,404.0
00992A,20261002,12.28,17.12,54.97,173876.0
00993A,20261002,16.22,21.88,49.71,45331.0
00994A,20261002,15.67,20.97,55.96,27099.0
00995A,20261002,13.58,17.03,58.95,23494.0
00996A,20261002,16.76,21.37,55.13,21639.0
00997A,20261002,10.82,17.09,50.98,65292.0
00998A,20261002,25.12,28.74,46.32,25274.0
00999A,20261002,7.45,11.32,61.96,85575.0
1101,20261002,50.81,54.84,29.59,515214.0
1102,20261002,79.71,82.08,11.55,100676.0
1103,20261002,76.66,80.31,11.56,74279.0
1104,20261002,67.55,73.11,16.42,56197.0
1107,20261002,99.7,99.7,0.29,3432.0
1108,20261002,74.73,78.5,12.83,12953.0
1109,20261002,72.97,79.67,11.32,12050.0
1110,20261002,91.38,94.08,2.3,5195.0
1201,20261002,58.29,63.03,23.84,87803.0
1203,20261002,86.77,90.95,4.86,55132.0
1204,20261002,31.81,45.79,39.35,3512.0
1207,20261002,75.32,77.3,16.41,46621.0
1210,20261002,61.04,65.16,25.83,99912.0
1212,20261002,35.63,44.29,32.74,30349.0
1213,20261002,77.03,81.12,12.98,6537.0
1215,20261002,52.49,56.18,35.94,97981.0
1216,20261002,85.96,89.43,6.91,142949.0
1217,20261002,54.31,61.79,25.91,137393.0
1218,20261002,62.89,67.23,21.64,82419.0
1219,20261002,59.11,64.16,22.94,52819.0
1220,20261002,60.48,67.89,18.55,47355.0
1221,20261002,25.92,34.27,42.19,18636.0
1224,20261002,82.38,88.36,6.16,3609.0
1225,20261002,86.77,89.36,6.12,43893.0
1227,20261002,64.07,67.18,23.86,53238.0
1228,20261002,12.2,38.0,31.02,1578.0
1229,20261002,62.94,65.95,22.15,103055.0
1231,20261002,63.64,64.81,27.64,36213.0
1232,20261002,72.04,73.76,19.79,16703.0
1233,20261002,68.53,75.96,9.36,10234.0
1234,20261002,74.28,83.05,9.29,24033.0
1235,20261002,95.42,96.34,1.76,2985.0
1236,20261002,78.89,83.78,9.6,11566.0
1238,20261002,8.57,11.74,55.22,2037.0
1240,20261002,49.15,69.57,14.47,3022.0
1256,20261002,47.11,59.9,25.82,6271.0
1259,20261002,71.69,78.86,12.62,16098.0
1260,20261002,70.59,76.37,7.52,1331.0
1264,20261002,24.84,47.19,33.89,9285.0
1268,20261002,72.16,78.11,14.31,3498.0
1269,20261002,72.54,77.54,7.78,725.0
1271,20261002,64.43,74.75,12.41,2858.0
1293,20261002,42.39,74.32,7.78,393.0
1294,20261002,44.0,60.22,20.38,4526.0
1295,20261002,41.89,57.33,25.96,3255.0
1301,20261002,72.92,75.58,16.98,289787.0
1303,20261002,83.76,86.34,8.71,281682.0
1304,20261002,57.85,61.06,26.85,99047.0
1305,20261002,48.43,52.14,33.26,72066.0
1306,20261002,19.41,21.34,52.65,6127.0
1307,20261002,77.05,80.14,12.3,17896.0
1308,20261002,50.09,53.25,32.31,75654.0
1309,20261002,43.85,46.87,39.87,78390.0
1310,20261002,24.61,31.15,48.4,104781.0
1312,20261002,56.7,60.66,25.91,137083.0
1313,20261002,64.15,68.79,19.47,60948.0
1314,20261002,33.52,42.05,34.5,300428.0
1315,20261002,70.44,82.1,10.37,5754.0
1316,20261002,33.2,41.45,37.07,61077.0
1319,20261002,75.59,79.92,14.71,31859.0
1321,20261002,53.61,70.59,7.88,3960.0
1323,20261002,61.27,70.62,16.26,14606.0
1324,20261002,60.81,65.67,25.12,23368.0
1325,20261002,44.9,49.2,40.41,36079.0
1326,20261002,80.23,82.83,11.41,184738.0
1333,20261002,43.03,51.19,24.1,15925.0
1336,20261002,38.52,52.14,24.39,12362.0
1337,20261002,38.72,47.19,32.94,52299.0
1338,20261002,34.22,45.5,36.32,55979.0
1339,20261002,72.47,75.29,18.25,7296.0
1340,20261002,28.15,35.19,42.17,61539.0
1341,20261002,75.97,83.71,6.48,9688.0
1342,20261002,51.25,57.95,28.39,8950.0
1343,20261002,42.18,66.19,13.76,1197.0
1402,20261002,86.99,89.12,6.32,88002.0
1407,20261002,28.88,35.3,46.68,161979.0
1408,20261002,12.55,20.73,53.05,70650.0
1409,20261002,57.39,61.23,27.3,155071.0
1410,20261002,68.41,77.09,10.14,6621.0
1413,20261002,69.55,76.07,10.89,8445.0
1414,20261002,82.88,88.38,7.25,26878.0
1416,20261002,50.42,56.49,25.28,45248.0
1417,20261002,48.27,58.14,26.39,55486.0
1418,20261002,58.96,71.74,11.44,30544.0
1419,20261002,85.55,90.98,4.03,16807.0
1423,20261002,74.46,83.31,8.96,18117.0
1432,20261002,53.3,54.84,38.07,257009.0
1434,20261002,68.81,72.13,17.09,63671.0
1435,20261002,93.04,94.87,2.98,33004.0
1436,20261002,72.06,76.16,16.59,14355.0
1437,20261002,67.51,79.71,9.91,8468.0
1438,20261002,76.95,83.21,9.38,5049.0
1439,20261002,77.32,85.89,7.94,4331.0
1440,20261002,73.45,78.37,12.81,93414.0
1441,20261002,58.61,63.48,28.67,13313.0
1442,20261002,78.74,86.78,6.3,8821.0
1443,20261002,82.71,90.0,5.22,15681.0
1444,20261002,60.1,64.24,23.49,60053.0
1445,20261002,59.28,68.64,15.54,11812.0
1446,20261002,62.72,66.49,18.66,7978.0
1447,20261002,66.11,70.2,19.3,41744.0
1449,20261002,32.34,39.83,41.78,44953.0
1450,20261002,21.04,25.83,49.27,15113.0
1451,20261002,56.67,63.84,19.98,16653.0
1452,20261002,38.88,49.77,28.91,46992.0
1453,20261002,73.72,75.69,18.52,14075.0
1454,20261002,77.17,81.54,9.72,13745.0
1455,20261002,63.17,67.12,22.13,34522.0
1456,20261002,80.74,85.57,6.49,4597.0
1457,20261002,68.31,75.21,14.33,16483.0
1458,20261002,51.07,59.79,23.45,21131.0
1459,20261002,78.46,84.37,7.9,12167.0
1460,20261002,65.11,72.05,14.71,23683.0
1462,20261002,34.47,46.4,30.59,61049.0
1463,20261002,75.24,82.01,9.44,33364.0
1464,20261002,54.41,61.69,21.91,63541.0
1465,20261002,62.34,72.1,16.64,10171.0
1466,20261002,61.56,68.68,18.14,21671.0
1467,20261002,59.75,67.37,19.03,17787.0
1468,20261002,96.81,97.55,0.88,1320.0
1469,20261002,87.63,92.35,0.57,336.0
1470,20261002,70.28,86.24,2.32,1189.0
1471,20261002,17.03,22.02,56.31,56101.0
1472,20261002,69.47,82.39,6.29,3584.0
1473,20261002,69.22,72.05,16.95,12548.0
1474,20261002,53.42,59.12,24.43,16262.0
1475,20261002,69.0,76.29,8.77,2283.0
1476,20261002,70.47,77.69,13.76,23533.0
1477,20261002,50.13,58.94,26.18,31162.0
1480,20261002,94.48,98.13,0.47,375.0
1491,20261002,46.3,59.65,12.34,1716.0
1498,20261002,0.0,48.56,5.79,13.0
1503,20261002,70.84,73.36,19.72,79944.0
1504,20261002,67.73,70.42,22.58,201064.0
1506,20261002,71.35,77.16,10.44,21287.0
1507,20261002,100.0,100.0,0.0,1.0
1512,20261002,47.96,54.05,23.47,19945.0
1513,20261002,41.22,46.09,45.32,154739.0
1514,20261002,34.71,41.1,48.2,101037.0
1515,20261002,40.33,48.73,36.94,24471.0
1516,20261002,58.33,64.82,22.69,41178.0
1517,20261002,44.12,48.8,37.55,46131.0
1519,20261002,68.08,73.77,18.13,86326.0
1521,20261002,66.44,68.06,23.02,23443.0
1522,20261002,52.93,57.54,32.81,29927.0
1524,20261002,35.54,38.2,47.25,45272.0
1525,20261002,86.51,89.26,8.23,3185.0
1526,20261002,29.94,38.14,42.09,52364.0
1527,20261002,29.31,33.78,49.78,64311.0
1528,20261002,27.74,30.16,57.81,93420.0
1529,20261002,44.82,48.69,38.31,30645.0
1530,20261002,69.93,75.66,18.06,11024.0
1531,20261002,54.11,64.12,17.41,12776.0
1532,20261002,58.73,66.77,17.97,19273.0
1533,20261002,52.11,63.68,26.86,9949.0
1534,20261002,35.44,47.06,33.28,4100.0
1535,20261002,75.44,75.86,18.53,9778.0
1536,20261002,27.66,33.06,51.13,83570.0
1537,20261002,43.09,51.15,36.96,15806.0
1538,20261002,70.77,78.45,11.28,7608.0
1539,20261002,60.55,61.18,26.44,5235.0
1540,20261002,24.39,34.95,49.68,41201.0
1541,20261002,79.46,83.76,9.37,2425.0
1553,20261002,0.0,0.0,70.14,30.0
1557,20261002,0.0,30.57,47.03,113.0
1558,20261002,17.14,39.68,37.84,27356.0
1560,20261002,49.03,65.64,15.9,22294.0
1563,20261002,36.43,45.87,27.68,15492.0
1565,20261002,8.4,17.57,61.28,37653.0
1568,20261002,55.14,63.91,22.51,9641.0
1569,20261002,45.8,55.42,24.75,23858.0
1570,20261002,44.49,56.28,22.76,34862.0
1571,20261002,0.0,67.23,7.29,9.0
1573,20261002,0.0,0.0,13.92,17.0
1575,20261002,0.0,0.0,99.99,9.0
1577,20261002,0.0,0.0,99.99,19.0
1580,20261002,29.88,39.31,43.64,27741.0
1582,20261002,25.75,30.21,51.98,66343.0
1583,20261002,89.51,91.25,5.58,2488.0
1584,20261002,36.43,40.92,40.65,56172.0
1585,20261002,46.04,65.76,10.75,934.0
1586,20261002,61.45,72.52,16.69,11932.0
1587,20261002,37.91,47.29,35.27,11799.0
1589,20261002,21.0,28.35,48.48,43146.0
1590,20261002,53.12,73.68,6.61,7208.0
1591,20261002,8.04,20.54,47.75,32299.0
1592,20261002,18.1,26.47,40.5,6278.0
1593,20261002,35.43,50.05,27.44,3309.0
1594,20261002,75.4,82.82,7.55,639.0
1595,20261002,34.52,46.93,32.25,10088.0
1597,20261002,37.9,51.06,34.22,19319.0
1598,20261002,52.75,60.51,23.46,10596.0
1599,20261002,56.88,65.02,24.72,11767.0
1601,20261002,6.33,11.6,55.06,16634.0
1602,20261002,9.58,12.18,77.58,273705.0
1603,20261002,68.94,72.74,19.51,13407.0
1604,20261002,52.92,58.54,28.27,101691.0
1605,20261002,72.99,75.4,17.73,248795.0
1606,20261002,9.57,15.97,55.86,77406.0
1608,20261002,63.01,66.04,25.19,48972.0
1609,20261002,28.99,32.83,53.12,195250.0
1611,20261002,43.49,52.12,34.96,87222.0
1612,20261002,55.1,61.44,28.16,37282.0
1613,20261002,47.38,57.74,23.02,22763.0
1614,20261002,75.53,83.15,5.31,5501.0
1615,20261002,76.82,80.71,12.75,8690.0
1616,20261002,56.05,60.07,28.29,14612.0
1617,20261002,69.07,77.82,14.46,11260.0
1618,20261002,52.95,57.57,32.42,22022.0
1623,20261002,73.47,77.1,16.2,5858.0
1626,20261002,60.14,69.63,15.35,9817.0
1702,20261002,55.02,57.97,32.81,63828.0
1707,20261002,40.55,50.54,35.2,68912.0
1708,20261002,33.94,39.81,49.21,85707.0
1709,20261002,61.98,70.74,17.5,42604.0
1710,20261002,57.48,62.84,23.5,58737.0
1711,20261002,39.09,44.83,40.51,97546.0
1712,20261002,47.49,56.17,27.35,82511.0
1713,20261002,68.35,74.24,13.39,23508.0
1714,20261002,47.35,52.56,31.06,106300.0
1717,20261002,60.95,66.79,23.7,100162.0
1718,20261002,48.14,52.98,32.54,187797.0
1720,20261002,61.48,64.94,24.06,16043.0
1721,20261002,32.41,38.96,45.44,67104.0
1722,20261002,57.28,62.88,23.54,122937.0
1723,20261002,46.96,52.0,35.89,62789.0
1725,20261002,93.1,94.44,3.94,3558.0
1726,20261002,83.56,85.67,8.77,9497.0
1727,20261002,56.64,61.58,29.16,21535.0
1729,20261002,85.84,91.39,5.83,4206.0
1730,20261002,53.73,57.3,36.27,10025.0
1731,20261002,51.75,55.7,28.53,18397.0
1732,20261002,44.13,46.4,40.34,37980.0
1733,20261002,31.93,44.49,37.22,38281.0
1734,20261002,41.84,49.87,32.12,70284.0
1735,20261002,77.84,78.44,14.81,8329.0
1736,20261002,83.25,88.71,6.01,7723.0
1737,20261002,58.28,62.6,27.2,74644.0
1742,20261002,72.65,80.21,8.99,11271.0
1748,20261002,36.48,39.61,37.81,709.0
1752,20261002,58.32,63.47,25.3,8100.0
1760,20261002,33.89,43.04,39.83,38954.0
1762,20261002,36.1,46.09,36.32,53835.0
1763,20261002,100.0,100.0,0.0,1.0
1764,20261002,100.0,100.0,0.0,1.0
1765,20261002,100.0,100.0,0.0,1.0
1766,20261002,100.0,100.0,0.0,1.0
1773,20261002,68.35,74.09,15.25,17159.0
1775,20261002,100.0,100.0,0.0,1.0
1776,20261002,44.15,65.82,17.48,3209.0
1777,20261002,54.22,59.87,23.88,3339.0
1780,20261002,62.36,78.55,10.18,2533.0
1781,20261002,23.54,44.87,38.91,35679.0
1783,20261002,56.1,63.91,20.32,38026.0
1784,20261002,18.13,28.08,44.14,34495.0
1785,20261002,36.49,42.17,43.88,134119.0
1786,20261002,44.53,51.0,31.37,44818.0
1788,20261002,40.09,49.79,33.45,7718.0
1789,20261002,74.78,77.05,13.18,24580.0
1794,20261002,0.0,0.0,52.35,131.0
1795,20261002,53.1,57.83,33.27,41063.0
1796,20261002,45.18,55.76,17.92,7582.0
1799,20261002,64.08,66.13,20.68,18822.0
1802,20261002,74.5,76.32,19.22,200649.0
1805,20261002,70.41,77.71,10.08,9219.0
1806,20261002,70.92,74.74,17.74,24564.0
1807,20261002,38.25,47.41,29.89,7548.0
1808,20261002,78.48,80.66,12.49,27630.0
1809,20261002,42.5,47.69,44.12,54306.0
1810,20261002,57.26,62.33,28.12,24003.0
1813,20261002,33.67,47.73,34.83,9016.0
1814,20261002,53.7,78.82,8.05,451.0
1815,20261002,45.14,48.68,40.91,158256.0
1816,20261002,91.94,94.8,2.76,900.0
1817,20261002,58.35,64.99,19.35,4472.0
1818,20261002,63.87,75.49,6.17,135.0
1819,20261002,65.69,84.42,3.13,136.0
1903,20261002,74.9,81.11,8.63,20896.0
1904,20261002,63.84,68.25,21.2,322847.0
1905,20261002,68.69,70.94,22.06,71008.0
1906,20261002,70.08,74.31,17.46,12474.0
1907,20261002,82.14,85.6,8.55,81682.0
1909,20261002,63.51,68.01,18.6,84368.0
1918,20261002,17.86,20.84,57.04,30809.0
2002,20261002,49.36,53.12,31.87,1311104.0
2006,20261002,74.73,81.41,11.81,58463.0
2007,20261002,75.66,76.67,16.25,27432.0
2008,20261002,91.27,92.59,4.49,7467.0
2009,20261002,55.75,58.13,35.13,47456.0
2010,20261002,65.09,69.25,19.24,34576.0
2012,20261002,74.58,84.01,9.05,44573.0
2013,20261002,77.32,79.47,15.93,43755.0
2014,20261002,48.27,50.83,36.33,172601.0
2015,20261002,82.18,88.27,5.01,11657.0
2017,20261002,57.07,61.72,25.47,40775.0
2020,20261002,44.31,50.49,35.51,62108.0
2022,20261002,37.13,40.42,41.56,62187.0
2023,20261002,77.59,79.38,14.6,101083.0
2024,20261002,80.78,83.02,11.02,50348.0
2025,20261002,59.05,63.29,21.91,30342.0
2027,20261002,73.7,77.81,13.71,105111.0
2028,20261002,81.3,83.44,11.15,21262.0
2029,20261002,67.79,71.57,17.54,14204.0
2030,20261002,51.9,56.13,32.95,59909.0
2031,20261002,53.98,59.24,28.41,65160.0
2032,20261002,49.39,59.47,29.96,12704.0
2033,20261002,77.04,84.92,8.08,4715.0
2034,20261002,45.28,51.53,32.33,39217.0
2035,20261002,96.12,96.59,1.75,20712.0
2038,20261002,49.59,53.88,34.3,26279.0
2049,20261002,60.19,70.14,19.45,65712.0
2056,20261002,85.71,93.38,1.51,254.0
2058,20261002,18.56,26.04,42.54,37077.0
2059,20261002,54.42,65.63,13.47,53744.0
2060,20261002,87.22,87.22,2.77,135.0
2061,20261002,30.6,47.0,29.4,11465.0
2062,20261002,55.46,61.73,23.9,11468.0
2063,20261002,37.49,51.62,24.86,3376.0
2064,20261002,72.44,83.08,7.42,1625.0
2065,20261002,43.07,51.47,34.91,49531.0
2066,20261002,53.56,68.59,20.83,3087.0
2067,20261002,49.07,56.48,22.35,2219.0
2068,20261002,100.0,100.0,0.0,1.0
2069,20261002,54.15,63.68,22.24,9174.0
2070,20261002,47.35,63.02,28.33,5202.0
2071,20261002,73.55,85.18,6.27,902.0
2072,20261002,71.39,74.17,15.02,10331.0
2073,20261002,51.63,75.24,6.24,642.0
2101,20261002,58.08,64.21,19.33,37387.0
2102,20261002,76.76,80.64,10.75,79342.0
2103,20261002,54.94,59.94,24.21,81473.0
2104,20261002,37.67,45.71,30.44,107466.0
2105,20261002,77.48,80.34,12.39,81419.0
2106,20261002,74.7,79.63,11.88,33194.0
2107,20261002,59.12,64.57,23.53,47876.0
2108,20261002,65.05,70.96,20.51,53037.0
2109,20261002,66.32,74.64,12.98,35143.0
2113,20261002,0.0,0.0,99.97,14.0
2114,20261002,59.32,65.56,19.49,5276.0
2115,20261002,58.78,70.52,13.61,3585.0
2201,20261002,59.87,63.42,25.12,95061.0
2204,20261002,70.5,73.54,19.34,42480.0
2206,20261002,81.44,85.5,9.47,67712.0
2207,20261002,83.32,89.69,3.23,13516.0
2208,20261002,49.84,55.13,29.36,122611.0
2211,20261002,76.92,80.04,13.38,25121.0
2221,20261002,64.24,64.24,26.54,7995.0
2226,20261002,100.0,100.0,0.0,1.0
2227,20261002,93.25,93.62,5.2,7441.0
2228,20261002,53.88,56.25,32.02,9704.0
2229,20261002,0.0,41.04,24.5,59.0
2230,20261002,34.05,46.02,30.54,11722.0
2231,20261002,60.93,65.85,24.31,13596.0
2233,20261002,34.47,41.96,41.97,38550.0
2235,20261002,76.08,83.99,13.28,1359.0
2236,20261002,65.71,72.36,12.21,3296.0
2237,20261002,70.63,76.93,10.42,3254.0
2239,20261002,78.23,80.2,9.25,2714.0
2241,20261002,28.76,41.82,32.05,30053.0
2243,20261002,53.83,67.61,14.48,2801.0
2245,20261002,66.91,80.22,7.61,502.0
2246,20261002,65.07,68.53,18.41,2884.0
2247,20261002,72.7,76.68,15.87,7888.0
2248,20261002,67.58,78.3,8.96,931.0
2249,20261002,54.22,70.62,17.52,1350.0
2250,20261002,48.97,51.37,35.94,9468.0
2252,20261002,76.11,80.93,8.29,1708.0
2254,20261002,83.54,92.15,2.91,2762.0
2255,20261002,71.25,80.28,10.36,1925.0
2256,20261002,42.53,56.44,22.75,2453.0
2258,20261002,92.85,93.96,2.93,8911.0
2301,20261002,74.7,80.38,13.51,193663.0
2302,20261002,58.38,63.22,29.33,24155.0
2303,20261002,72.71,75.49,18.75,947502.0
2305,20261002,61.97,64.9,25.02,25731.0
2308,20261002,73.62,80.68,10.94,607353.0
2312,20261002,44.14,48.57,39.49,199240.0
2313,20261002,53.64,58.94,34.41,292735.0
2314,20261002,5.51,11.53,67.74,52917.0
2316,20261002,56.79,64.61,27.55,60879.0
2317,20261002,66.76,69.46,22.58,1136475.0
2318,20261002,22.83,27.03,51.44,28524.0
2321,20261002,67.91,71.46,24.28,14086.0
2323,20261002,39.77,46.64,33.75,125777.0
2324,20261002,58.72,62.71,27.74,324129.0
2326,20261002,6.52,12.71,65.61,48262.0
2327,20261002,64.42,68.87,23.41,581518.0
2328,20261002,38.16,42.18,45.76,117298.0
2329,20261002,46.65,50.47,39.59,128515.0
2330,20261002,84.77,87.53,8.79,3010913.0
2331,20261002,54.54,59.02,30.07,56239.0
2332,20261002,27.76,33.93,44.67,104181.0
2333,20261002,20.38,29.05,52.3,87628.0
2335,20261002,25.39,35.58,38.14,6028.0
2337,20261002,35.89,40.68,47.67,489399.0
2338,20261002,39.94,44.95,43.77,86763.0
2340,20261002,38.17,43.5,41.9,107273.0
2341,20261002,86.94,86.94,11.14,23848.0
2342,20261002,31.75,35.53,53.85,143973.0
2344,20261002,65.01,68.57,24.45,563205.0
2345,20261002,57.33,69.9,11.5,110951.0
2347,20261002,85.03,88.9,6.7,39782.0
2348,20261002,65.24,69.86,22.51,25135.0
2349,20261002,21.23,28.43,49.6,143114.0
2351,20261002,67.99,76.86,14.93,21680.0
2352,20261002,43.52,48.41,35.96,192024.0
2353,20261002,33.72,38.26,45.67,388703.0
2354,20261002,46.93,49.63,40.3,184991.0
2355,20261002,33.81,40.91,44.98,75927.0
2356,20261002,70.25,73.5,20.75,247634.0
2357,20261002,64.75,74.6,14.68,111707.0
2358,20261002,24.3,28.06,52.1,39724.0
2359,20261002,38.94,46.07,45.36,64205.0
2360,20261002,52.15,70.1,8.56,35324.0
2361,20261002,47.24,52.97,32.06,19313.0
2362,20261002,76.71,81.16,12.8,31170.0
2363,20261002,31.17,35.75,51.0,129909.0
2364,20261002,51.35,57.03,31.99,56021.0
2365,20261002,19.27,23.48,64.98,98394.0
2367,20261002,25.8,29.36,60.08,187999.0
2368,20261002,68.02,76.23,13.21,118430.0
2369,20261002,25.39,30.54,57.53,127923.0
2371,20261002,43.75,48.39,36.27,268486.0
2373,20261002,86.26,87.32,10.16,14113.0
2374,20261002,21.57,25.32,60.62,104543.0
2375,20261002,15.11,24.65,66.83,77730.0
2376,20261002,66.06,73.81,18.36,90964.0
2377,20261002,61.46,68.65,23.55,96257.0
2378,20261002,26.97,33.79,41.71,17777.0
2379,20261002,59.34,74.6,10.14,84654.0
2380,20261002,32.78,35.89,47.99,23582.0
2381,20261002,0.0,0.0,32.56,2565.0
2382,20261002,81.49,85.09,10.97,279556.0
2383,20261002,55.82,68.22,13.37,134599.0
2384,20261002,20.93,28.02,45.07,157961.0
2385,20261002,68.47,73.98,17.48,51481.0
2387,20261002,52.59,58.2,29.48,16865.0
2388,20261002,67.76,71.1,21.7,54391.0
2390,20261002,33.9,38.75,44.32,62146.0
2392,20261002,45.57,50.03,38.68,65984.0
2393,20261002,59.28,66.84,22.36,51207.0
2395,20261002,77.24,85.06,5.41,34771.0
2396,20261002,37.15,45.53,28.69,56584.0
2397,20261002,65.5,69.1,22.03,9106.0
2398,20261002,32.8,36.59,42.05,38401.0
2399,20261002,24.46,34.15,52.71,53978.0
2401,20261002,35.51,41.17,42.67,131299.0
2402,20261002,33.36,38.24,49.2,82223.0
2404,20261002,41.77,56.11,25.65,62691.0
2405,20261002,19.3,24.24,55.14,96824.0
2406,20261002,16.51,23.28,60.07,117105.0
2407,20261002,27.91,37.9,33.72,48632.0
2408,20261002,80.79,83.57,11.7,350172.0
2409,20261002,50.6,54.97,30.04,599423.0
2410,20261002,23.72,36.36,29.82,12538.0
2412,20261002,78.0,79.75,14.1,296653.0
2413,20261002,50.78,56.03,35.3,27073.0
2414,20261002,49.78,59.65,25.9,15640.0
2415,20261002,54.53,64.19,27.32,9128.0
2417,20261002,39.0,42.09,46.98,61456.0
2418,20261002,42.17,47.82,32.33,64438.0
2419,20261002,62.66,65.0,27.44,37714.0
2420,20261002,39.98,49.28,37.27,39034.0
2421,20261002,52.56,64.27,22.47,53672.0
2423,20261002,69.55,75.93,11.67,6179.0
2424,20261002,79.18,80.85,14.15,4328.0
2425,20261002,38.96,47.6,39.74,43970.0
2426,20261002,43.72,48.47,38.87,108885.0
2427,20261002,50.38,53.9,34.12,21692.0
2428,20261002,52.53,59.71,26.16,19368.0
2429,20261002,43.01,48.7,39.76,27498.0
2430,20261002,57.11,63.52,25.57,37883.0
2431,20261002,36.0,42.04,41.58,51444.0
2432,20261002,72.93,77.58,10.06,1260.0
2433,20261002,77.79,79.0,16.08,7833.0
2434,20261002,74.38,79.27,17.89,5973.0
2435,20261002,28.75,32.68,47.08,8963.0
2436,20261002,19.23,26.82,58.08,75343.0
2438,20261002,49.37,58.39,26.43,26503.0
2439,20261002,21.69,29.38,55.68,71642.0
2440,20261002,67.61,70.33,18.82,8581.0
2441,20261002,64.23,69.46,23.16,58319.0
2442,20261002,48.51,54.39,27.98,49897.0
2443,20261002,45.97,55.25,26.83,30670.0
2444,20261002,21.8,31.62,44.76,36377.0
2445,20261002,12.45,15.7,57.58,6213.0
2449,20261002,57.1,63.48,27.66,256868.0
2450,20261002,75.97,76.82,18.27,17506.0
2451,20261002,65.74,71.18,18.85,44512.0
2453,20261002,41.48,48.3,41.95,25388.0
2454,20261002,63.87,73.79,11.88,572782.0
2455,20261002,39.11,54.51,26.13,64450.0
2457,20261002,24.31,28.97,54.22,112167.0
2458,20261002,48.44,57.06,31.12,64176.0
2459,20261002,41.95,52.48,27.22,15070.0
2460,20261002,53.69,58.41,27.6,44419.0
2461,20261002,36.19,45.66,31.93,49988.0
2462,20261002,50.29,56.18,28.92,26016.0
2464,20261002,38.63,47.35,40.17,93752.0
2465,20261002,32.17,40.84,43.1,48485.0
2466,20261002,81.61,87.2,8.02,5639.0
2467,20261002,58.53,69.28,19.9,48441.0
2468,20261002,50.02,51.53,38.79,11362.0
2471,20261002,6.74,24.9,58.43,36683.0
2472,20261002,45.77,56.9,35.68,38906.0
2474,20261002,68.46,72.74,19.88,50772.0
2475,20261002,64.6,71.17,14.68,226534.0
2476,20261002,60.72,68.45,20.35,18748.0
2477,20261002,67.04,73.95,18.21,11703.0
2478,20261002,46.92,57.97,30.24,58533.0
2479,20261002,25.73,32.51,51.59,13052.0
2480,20261002,18.32,31.99,44.75,41805.0
2481,20261002,51.41,57.79,33.82,100351.0
2482,20261002,35.02,41.08,46.37,38587.0
2483,20261002,56.27,62.24,25.06,9639.0
2484,20261002,22.82,33.18,57.53,84351.0
2485,20261002,20.84,24.04,65.83,136029.0
2486,20261002,28.6,35.99,46.89,90731.0
2488,20261002,44.69,52.62,28.94,40650.0
2489,20261002,24.9,28.75,58.71,135521.0
2490,20261002,15.55,21.55,48.92,15412.0
2491,20261002,67.32,74.33,17.0,13350.0
2492,20261002,61.51,65.43,28.61,115954.0
2493,20261002,40.06,50.75,36.52,46492.0
2494,20261002,73.06,81.48,14.99,10286.0
2495,20261002,46.28,51.04,36.54,38038.0
2496,20261002,34.95,49.58,31.97,4310.0
2497,20261002,57.57,65.37,23.97,11978.0
2498,20261002,33.6,38.95,44.92,165231.0
2499,20261002,37.99,44.2,33.19,47813.0
2501,20261002,71.81,76.77,14.06,44471.0
2504,20261002,69.99,75.14,14.59,89975.0
2505,20261002,75.64,79.74,11.85,23759.0
2506,20261002,72.3,76.84,13.88,65288.0
2509,20261002,63.89,69.65,17.61,16350.0
2511,20261002,75.4,80.76,9.01,45863.0
2512,20261002,25.07,34.24,35.06,43900.0
2514,20261002,84.81,87.98,6.26,17666.0
2515,20261002,52.95,60.55,23.09,141334.0
2516,20261002,65.82,73.41,14.52,48906.0
2520,20261002,71.32,75.11,16.17,76350.0
2521,20261002,25.85,35.27,38.17,25285.0
2523,20261002,36.05,44.8,28.65,14030.0
2524,20261002,91.73,93.18,4.1,7605.0
2525,20261002,20.4,31.85,37.9,52509.0
2527,20261002,76.47,81.4,9.4,7248.0
2528,20261002,78.74,84.11,7.43,8335.0
2530,20261002,81.82,85.95,5.84,30854.0
2533,20261002,26.18,38.41,37.64,14038.0
2534,20261002,66.14,72.79,14.84,63122.0
2535,20261002,54.96,60.78,25.79,63470.0
2536,20261002,69.78,77.91,9.09,8365.0
2537,20261002,52.6,61.53,23.42,43296.0
2538,20261002,65.65,74.0,12.12,28661.0
2539,20261002,84.7,87.3,6.5,21165.0
2540,20261002,89.28,91.1,5.17,17348.0
2542,20261002,61.06,64.5,23.54,111694.0
2543,20261002,67.33,71.5,18.74,32035.0
2545,20261002,73.85,76.77,15.29,16382.0
2546,20261002,59.26,63.29,23.64,53630.0
2547,20261002,63.91,70.6,15.03,74352.0
2548,20261002,39.01,49.02,34.14,40987.0
2553,20261002,11.19,18.95,60.55,19281.0
2566,20261002,0.0,0.0,62.13,325.0
2569,20261002,74.73,83.38,5.97,61.0
2572,20261002,57.57,83.39,4.57,14.0
2591,20261002,0.0,0.0,66.79,80.0
2592,20261002,82.1,90.43,3.09,57.0
2596,20261002,61.71,72.16,12.59,3227.0
2597,20261002,78.09,81.55,10.31,12960.0
2599,20261002,51.87,66.13,8.55,1372.0
2601,20261002,100.0,100.0,0.0,1.0
2603,20261002,70.28,75.37,17.54,268280.0
2605,20261002,47.71,54.03,32.57,105932.0
2606,20261002,74.74,78.43,14.85,45586.0
2607,20261002,71.65,78.16,13.32,38746.0
2608,20261002,71.32,76.62,16.59,51823.0
2609,20261002,60.3,63.49,30.28,351573.0
2610,20261002,70.08,72.98,18.17,242564.0
2611,20261002,44.15,48.11,38.9,50498.0
2612,20261002,72.41,76.56,16.23,36497.0
2613,20261002,49.65,56.18,32.15,39969.0
2614,20261002,41.32,46.84,38.22,100562.0
2615,20261002,86.66,89.49,7.09,91585.0
2616,20261002,41.0,45.04,43.3,213389.0
2617,20261002,60.03,65.52,23.31,27540.0
2618,20261002,79.64,82.88,11.31,193348.0
2622,20261002,0.0,0.0,29.0,11.0
2626,20261002,0.0,0.0,78.3,296.0
2630,20261002,61.7,63.79,29.22,23211.0
2633,20261002,85.03,86.83,8.7,105026.0
2634,20261002,46.27,48.68,38.26,115436.0
2636,20261002,38.6,44.61,42.72,55065.0
2637,20261002,78.77,83.97,8.27,23526.0
2639,20261002,99.01,99.01,0.74,1106.0
2640,20261002,58.17,73.6,11.22,3449.0
2641,20261002,22.96,28.04,50.71,79982.0
2642,20261002,60.38,60.38,35.7,19510.0
2643,20261002,58.82,64.0,27.84,4261.0
2644,20261002,74.84,80.06,9.3,2495.0
2645,20261002,78.3,80.96,13.54,30928.0
2646,20261002,63.54,65.19,26.82,241212.0
2701,20261002,84.79,86.36,7.15,14708.0
2702,20261002,72.55,73.71,17.76,12340.0
2704,20261002,83.76,88.73,5.2,30441.0
2705,20261002,60.57,66.71,22.42,83139.0
2706,20261002,81.56,85.49,6.93,16022.0
2707,20261002,54.7,60.91,29.48,18098.0
2712,20261002,86.86,90.79,5.18,2012.0
2714,20261002,0.0,0.0,99.98,3933.0
2717,20261002,0.0,0.0,1.88,8.0
2718,20261002,88.24,88.24,6.29,2617.0
2719,20261002,89.18,90.67,8.09,3276.0
2720,20261002,48.9,61.03,14.08,2751.0
2722,20261002,82.28,87.45,8.4,4886.0
2723,20261002,62.29,69.6,17.45,8901.0
2724,20261002,81.39,84.84,5.52,1037.0
2726,20261002,49.97,65.02,18.67,2434.0
2727,20261002,19.06,40.85,37.03,148457.0
2729,20261002,59.59,68.14,24.58,6153.0
2730,20261002,86.67,86.67,4.7,2322.0
2731,20261002,35.01,43.89,43.43,30529.0
2732,20261002,54.15,59.22,33.25,6042.0
2733,20261002,75.36,77.51,11.09,690.0
2734,20261002,31.34,38.99,44.31,28686.0
2735,20261002,0.0,0.0,99.99,21.0
2736,20261002,46.33,55.95,26.4,6273.0
2738,20261002,94.86,97.88,0.17,57.0
2739,20261002,69.11,73.78,17.3,5346.0
2740,20261002,72.53,72.53,7.02,2926.0
2741,20261002,48.86,64.85,21.3,1720.0
2743,20261002,50.27,52.86,37.23,6712.0
2745,20261002,51.28,51.28,38.44,5252.0
2748,20261002,59.44,61.52,27.53,9522.0
2749,20261002,33.27,75.15,6.11,248.0
2750,20261002,88.06,98.53,0.2,180.0
2751,20261002,60.31,60.31,21.68,1560.0
2752,20261002,40.59,63.58,16.22,2579.0
2753,20261002,43.85,55.02,27.1,11769.0
2754,20261002,66.51,73.11,18.43,4339.0
2755,20261002,58.22,66.2,17.46,3850.0
2756,20261002,53.58,71.12,14.71,1590.0
2758,20261002,46.27,73.57,13.4,7433.0
2759,20261002,100.0,100.0,0.0,1.0
2760,20261002,84.47,89.26,2.76,169.0
2761,20261002,46.07,57.63,14.57,670.0
2762,20261002,80.85,85.44,8.71,6200.0
2801,20261002,74.1,77.68,11.09,282691.0
2807,20261002,0.0,0.0,92.69,7180.0
2811,20261002,26.44,34.56,38.86,52204.0
2812,20261002,53.78,59.07,21.17,248731.0
2816,20261002,75.19,80.85,8.78,10410.0
2820,20261002,61.92,65.92,19.82,73623.0
2825,20261002,0.0,5.74,87.64,9435.0
2827,20261002,29.7,36.75,38.39,30308.0
2831,20261002,57.24,62.1,19.42,42042.0
2832,20261002,63.71,69.6,16.58,19602.0
2834,20261002,54.74,60.38,20.34,396196.0
2836,20261002,82.58,85.54,7.76,35411.0
2838,20261002,88.72,90.45,5.41,50685.0
2841,20261002,50.11,57.39,20.67,60331.0
2845,20261002,70.94,75.7,11.67,101784.0
2849,20261002,98.04,98.48,0.84,9828.0
2850,20261002,58.04,68.08,18.76,17930.0
2851,20261002,66.13,71.23,16.38,27526.0
2852,20261002,53.41,66.36,16.95,21687.0
2855,20261002,72.48,77.5,11.52,56475.0
2880,20261002,79.56,82.03,10.11,471647.0
2881,20261002,84.58,86.78,8.64,378542.0
2882,20261002,83.49,85.91,9.18,400142.0
2883,20261002,65.26,69.0,18.33,727331.0
2884,20261002,70.27,74.39,15.07,624810.0
2885,20261002,80.27,82.97,10.98,459305.0
2886,20261002,81.85,83.34,11.7,458495.0
2887,20261002,71.53,75.52,13.23,715888.0
2889,20261002,68.98,71.65,18.89,221904.0
2890,20261002,78.05,81.23,11.15,452888.0
2891,20261002,79.02,81.88,11.24,580522.0
2892,20261002,68.48,72.36,15.22,436025.0
2897,20261002,82.37,86.55,6.39,27342.0
2901,20261002,71.6,79.18,10.95,13522.0
2902,20261002,36.81,47.86,29.67,11474.0
2903,20261002,76.51,79.73,12.46,58758.0
2904,20261002,50.17,54.28,32.74,16793.0
2905,20261002,80.85,84.26,8.06,26921.0
2906,20261002,59.26,65.14,21.48,17559.0
2908,20261002,90.04,92.37,4.57,10767.0
2910,20261002,92.95,96.61,0.85,1361.0
2911,20261002,40.97,45.98,40.75,39595.0
2912,20261002,79.46,83.72,11.21,75142.0
2913,20261002,50.25,57.24,26.24,113059.0
2915,20261002,64.08,69.9,16.67,57759.0
2916,20261002,51.07,58.93,25.0,4611.0
2920,20261002,35.79,35.79,46.63,974.0
2923,20261002,99.36,99.54,0.26,5112.0
2924,20261002,84.08,89.48,2.81,464.0
2926,20261002,65.21,74.64,11.8,2122.0
2929,20261002,24.98,32.78,41.89,50346.0
2936,20261002,98.55,99.52,0.22,154.0
2937,20261002,71.58,84.54,3.95,943.0
2938,20261002,67.54,71.37,21.46,1442.0
2939,20261002,54.0,76.32,9.31,7039.0
2940,20261002,16.97,58.17,3.23,237.0
2941,20261002,20.62,63.86,12.09,3070.0
2942,20261002,88.06,90.71,5.14,1646.0
2945,20261002,83.48,83.48,11.81,3193.0
2947,20261002,54.68,62.81,12.99,11685.0
2948,20261002,69.1,80.39,10.43,1083.0
2949,20261002,61.04,81.77,6.61,2804.0
3001,20261002,10.82,19.56,50.62,6674.0
3002,20261002,59.19,64.86,24.16,9102.0
3003,20261002,53.51,60.33,28.26,15716.0
3004,20261002,47.29,58.81,24.09,18257.0
3005,20261002,68.44,73.42,17.14,48607.0
3006,20261002,44.21,55.26,31.44,69141.0
3008,20261002,40.87,55.89,22.86,134572.0
3010,20261002,51.65,62.95,22.68,49981.0
3011,20261002,27.29,36.07,40.93,48808.0
3013,20261002,43.34,46.96,43.49,48321.0
3014,20261002,20.99,31.99,47.89,54514.0
3015,20261002,54.5,63.82,24.47,16841.0
3016,20261002,74.91,77.39,17.27,37791.0
3017,20261002,54.39,68.36,13.37,99765.0
3018,20261002,62.19,64.28,28.1,36578.0
3019,20261002,32.57,38.34,50.89,96800.0
3020,20261002,99.45,99.45,0.52,1634.0
3021,20261002,65.36,70.6,20.98,8641.0
3022,20261002,60.98,66.06,22.78,17116.0
3023,20261002,56.46,69.91,13.45,51722.0
3024,20261002,37.83,50.41,28.44,57445.0
3025,20261002,12.38,23.38,55.17,41363.0
3026,20261002,38.93,57.85,28.13,69039.0
3027,20261002,34.28,43.08,40.72,47695.0
3028,20261002,37.89,42.92,43.89,55233.0
3029,20261002,35.26,42.55,42.17,63818.0
3030,20261002,51.18,57.65,28.44,35579.0
3031,20261002,57.46,59.89,31.83,17943.0
3032,20261002,44.39,52.17,30.15,33062.0
3033,20261002,31.83,38.82,42.51,97071.0
3034,20261002,59.81,71.93,14.21,89629.0
3035,20261002,28.79,32.71,54.39,110423.0
3036,20261002,78.03,83.29,10.32,86668.0
3037,20261002,71.12,78.82,11.74,262148.0
3038,20261002,33.29,41.1,41.98,49815.0
3039,20261002,17.71,33.29,31.87,5427.0
3040,20261002,64.37,67.96,22.05,23275.0
3041,20261002,23.01,27.03,58.03,69763.0
3042,20261002,51.42,59.08,29.19,85593.0
3043,20261002,14.4,19.69,53.68,54692.0
3044,20261002,69.74,80.4,8.61,33753.0
3045,20261002,90.43,93.05,4.38,59229.0
3046,20261002,46.74,53.66,33.25,19892.0
3047,20261002,15.12,20.41,62.08,67516.0
3048,20261002,41.62,47.83,41.38,80750.0
3049,20261002,43.17,46.45,39.12,118289.0
3050,20261002,42.8,51.94,32.84,42092.0
3051,20261002,25.7,33.89,44.03,66576.0
3052,20261002,48.01,58.37,22.21,48902.0
3053,20261002,27.94,54.35,24.69,1488.0
3054,20261002,84.66,87.81,6.14,3367.0
3055,20261002,55.99,66.1,23.79,28982.0
3056,20261002,26.81,33.88,43.38,71625.0
3057,20261002,32.89,34.49,46.46,37302.0
3058,20261002,15.12,21.98,53.66,49771.0
3059,20261002,19.2,23.58,59.69,95377.0
3060,20261002,12.4,20.4,54.4,70064.0
3062,20261002,16.47,24.21,57.9,72134.0
3064,20261002,60.15,63.47,20.32,2933.0
3065,20261002,78.86,83.62,7.37,1469.0
3066,20261002,67.18,73.67,15.97,5045.0
3067,20261002,63.62,71.33,9.61,752.0
3069,20261002,35.56,35.56,45.77,1424.0
3070,20261002,18.25,51.25,14.26,172.0
3071,20261002,55.16,58.61,31.8,11160.0
3072,20261002,0.0,0.0,49.25,58.0
3073,20261002,37.96,57.73,24.63,4149.0
3075,20261002,70.68,70.68,20.9,431.0
3076,20261002,53.02,53.02,8.59,31.0
3077,20261002,0.0,0.0,64.41,90.0
3078,20261002,28.5,36.48,47.67,58969.0
3079,20261002,19.24,32.06,42.22,4365.0
3081,20261002,30.36,44.98,28.66,82072.0
3082,20261002,0.0,0.0,58.5,66.0
3083,20261002,53.1,56.63,33.79,8759.0
3084,20261002,0.0,0.0,56.17,225.0
3085,20261002,87.92,89.64,4.73,2885.0
3086,20261002,83.01,85.65,9.22,7977.0
3087,20261002,97.95,97.95,1.85,443.0
3088,20261002,37.24,49.34,34.2,16572.0
3090,20261002,55.21,61.36,31.55,71422.0
3091,20261002,0.0,0.0,99.97,95.0
3092,20261002,30.27,37.83,41.58,32094.0
3093,20261002,71.63,76.49,17.18,7705.0
3094,20261002,24.78,30.29,52.66,41407.0
3095,20261002,41.42,54.41,27.67,25362.0
3096,20261002,38.62,50.21,23.93,666.0
3097,20261002,81.35,86.82,4.55,633.0
3098,20261002,0.0,0.0,50.06,76.0
3099,20261002,23.21,37.62,30.59,13803.0
3105,20261002,53.46,59.56,29.74,112980.0
3114,20261002,41.9,52.56,30.63,7729.0
3115,20261002,85.38,86.25,5.35,17835.0
3116,20261002,83.52,83.52,9.77,18.0
3117,20261002,42.7,56.12,22.52,1525.0
3118,20261002,18.56,37.96,33.91,41922.0
3122,20261002,15.85,26.59,52.28,46118.0
3126,20261002,31.93,44.15,20.08,2744.0
3128,20261002,23.75,32.07,47.98,49393.0
3130,20261002,49.3,53.97,33.25,7384.0
3131,20261002,35.29,48.63,24.59,32158.0
3133,20261002,46.91,63.27,13.81,492.0
3135,20261002,42.32,48.45,40.34,21960.0
3137,20261002,0.0,0.0,27.46,80.0
3138,20261002,18.98,25.35,59.38,32188.0
3141,20261002,11.14,27.56,53.29,31746.0
3142,20261002,38.74,51.28,18.25,5169.0
3146,20261002,0.0,0.0,4.79,16.0
3147,20261002,47.6,54.64,26.24,7037.0
3149,20261002,19.44,25.83,55.75,68761.0
3150,20261002,46.29,53.98,21.32,5744.0
3151,20261002,26.17,36.97,37.42,656.0
3152,20261002,28.24,43.76,35.0,8776.0
3158,20261002,23.45,36.08,22.7,1751.0
3159,20261002,20.39,28.6,35.37,483.0
3161,20261002,82.62,95.15,2.9,179.0
3162,20261002,55.7,62.48,24.23,14096.0
3163,20261002,17.42,25.08,57.95,99776.0
3164,20261002,40.03,55.27,27.41,22682.0
3166,20261002,94.66,96.38,1.63,98.0
3167,20261002,41.08,56.56,22.71,26507.0
3168,20261002,66.9,75.47,11.72,2510.0
3169,20261002,28.58,37.22,40.81,27361.0
3171,20261002,71.96,76.91,14.54,2276.0
3176,20261002,29.81,37.17,39.78,45562.0
3177,20261002,60.86,75.32,16.75,205.0
3178,20261002,61.31,64.37,23.85,4574.0
3179,20261002,16.07,30.35,9.78,110.0
3184,20261002,47.66,55.89,26.82,3567.0
3185,20261002,0.0,0.0,19.16,32.0
3186,20261002,77.49,77.49,17.64,2283.0
3188,20261002,68.36,75.61,12.39,7361.0
3189,20261002,69.38,75.66,15.8,111724.0
3190,20261002,71.03,74.69,2.31,59.0
3191,20261002,47.6,54.4,27.26,18234.0
3192,20261002,0.0,0.0,20.84,7.0
3193,20261002,0.0,0.0,99.98,13.0
3194,20261002,53.43,72.9,7.79,163.0
3196,20261002,0.0,0.0,100.0,2.0
3202,20261002,19.46,24.59,52.83,37700.0
3205,20261002,61.71,66.34,19.02,31193.0
3206,20261002,42.7,55.22,28.9,23249.0
3207,20261002,22.48,37.78,32.43,21316.0
3208,20261002,46.49,46.49,22.7,107.0
3209,20261002,33.78,41.93,40.29,56783.0
3211,20261002,40.07,50.78,40.24,82484.0
3212,20261002,0.0,0.0,25.0,13.0
3213,20261002,16.7,28.9,48.6,46810.0
3216,20261002,0.0,0.0,99.99,5.0
3217,20261002,31.08,41.34,43.23,15853.0
3218,20261002,48.78,55.66,33.56,18120.0
3219,20261002,76.11,84.34,11.05,4222.0
3221,20261002,10.33,25.31,56.97,48127.0
3222,20261002,0.0,0.0,99.99,11.0
3223,20261002,0.0,0.0,3.92,31.0
3224,20261002,63.52,71.94,15.3,16475.0
3226,20261002,71.4,87.87,3.27,1231.0
3227,20261002,25.03,38.42,44.73,57264.0
3228,20261002,19.19,23.93,55.56,34563.0
3229,20261002,67.46,68.21,23.65,11496.0
3230,20261002,46.69,53.79,30.08,19499.0
3231,20261002,66.02,70.31,22.06,338730.0
3232,20261002,43.96,58.25,22.28,14671.0
3233,20261002,0.0,0.0,77.67,38.0
3234,20261002,25.47,34.29,46.42,45905.0
3236,20261002,26.56,32.9,54.22,63722.0
3237,20261002,0.0,0.0,63.84,104.0
3239,20261002,0.0,94.47,5.52,9.0
3240,20261002,99.94,99.94,0.04,3.0
3252,20261002,66.46,79.19,12.18,2627.0
3257,20261002,37.1,43.72,40.6,28589.0
3258,20261002,7.58,10.19,70.78,91881.0
3259,20261002,62.62,70.98,15.1,3797.0
3260,20261002,27.57,33.58,52.73,142866.0
3264,20261002,61.51,68.25,21.15,85050.0
3265,20261002,58.33,68.6,21.81,15409.0
3266,20261002,89.14,90.48,4.19,3679.0
3267,20261002,26.87,29.55,26.26,533.0
3268,20261002,28.51,34.6,41.42,42716.0
3272,20261002,45.51,50.3,37.07,9095.0
3274,20261002,0.0,74.43,5.2,34.0
3276,20261002,53.96,59.67,23.93,47211.0
3278,20261002,0.0,0.0,99.98,18.0
3279,20261002,0.0,0.0,54.47,113.0
3280,20261002,100.0,100.0,0.0,1.0
3283,20261002,15.13,49.64,18.24,146.0
3284,20261002,66.72,69.98,18.63,21745.0
3285,20261002,51.79,65.28,14.92,9781.0
3286,20261002,0.0,0.0,99.98,45.0
3287,20261002,48.76,58.58,26.0,3845.0
3288,20261002,36.75,48.2,28.52,11389.0
3289,20261002,13.15,27.31,55.22,58631.0
3290,20261002,39.58,53.59,26.39,26404.0
3293,20261002,49.08,58.98,28.55,99041.0
3294,20261002,45.94,50.81,38.26,17163.0
3295,20261002,0.0,0.0,47.65,18.0
3296,20261002,70.72,76.96,12.24,6988.0
3297,20261002,36.6,50.46,38.87,9772.0
3301,20261002,70.3,79.23,7.01,996.0
3302,20261002,0.0,0.0,1.84,3.0
3303,20261002,34.79,47.93,31.34,14190.0
3304,20261002,9.88,33.55,23.66,424.0
3305,20261002,35.7,41.49,45.81,60736.0
3306,20261002,43.14,48.86,39.73,29742.0
3308,20261002,59.2,61.96,27.93,10293.0
3309,20261002,53.91,77.1,5.02,24.0
3310,20261002,70.44,82.31,6.78,1711.0
3311,20261002,51.72,61.33,26.51,38298.0
3312,20261002,42.62,44.54,45.1,68853.0
3313,20261002,74.35,76.27,15.91,34132.0
3317,20261002,22.89,28.9,58.92,62743.0
3318,20261002,41.84,56.8,11.47,924.0
3320,20261002,0.0,0.0,6.08,5.0
3321,20261002,37.66,47.53,30.56,28382.0
3322,20261002,29.99,34.85,39.15,64936.0
3323,20261002,16.64,21.27,65.4,69071.0
3324,20261002,34.45,59.93,25.27,59802.0
3325,20261002,14.78,30.44,43.57,61075.0
3328,20261002,0.0,74.85,25.13,42.0
3330,20261002,0.0,0.0,100.0,4.0
3332,20261002,77.98,86.99,5.86,1701.0
3333,20261002,0.0,0.0,99.99,4.0
3334,20261002,89.35,91.54,3.09,127.0
3338,20261002,22.59,30.31,53.09,62024.0
3339,20261002,13.85,25.01,53.52,31370.0
3342,20261002,33.08,53.13,15.71,762.0
3343,20261002,39.29,44.66,17.6,869.0
3344,20261002,0.0,32.65,4.94,40.0
3345,20261002,93.93,95.55,1.32,101.0
3346,20261002,20.5,27.42,53.27,39334.0
3348,20261002,0.0,19.86,29.17,46.0
3349,20261002,26.68,50.57,17.53,1684.0
3350,20261002,0.0,14.05,37.45,923.0
3353,20261002,0.0,0.0,100.0,1.0
3354,20261002,70.56,72.36,22.99,6930.0
3355,20261002,0.0,0.0,99.99,8.0
3356,20261002,27.87,34.28,47.01,14004.0
3357,20261002,41.44,57.1,26.75,21039.0
3360,20261002,16.99,22.53,53.7,46759.0
3361,20261002,68.18,81.55,6.04,389.0
3362,20261002,49.06,58.81,31.37,32062.0
3363,20261002,27.95,36.65,41.33,71812.0
3364,20261002,0.0,0.0,40.5,216.0
3366,20261002,0.0,0.0,100.0,2.0
3369,20261002,54.42,56.22,27.64,4639.0
3370,20261002,0.0,0.0,70.1,47.0
3371,20261002,78.3,78.3,6.66,26.0
3372,20261002,50.98,53.84,33.42,57036.0
3373,20261002,25.03,26.41,57.48,35512.0
3374,20261002,62.87,67.07,25.28,52437.0
3376,20261002,28.31,39.67,44.36,57775.0
3377,20261002,35.71,64.25,8.51,241.0
3379,20261002,24.78,28.5,55.8,29806.0
3380,20261002,62.57,65.2,24.22,43449.0
3381,20261002,0.0,0.0,15.94,7.0
3383,20261002,38.5,48.48,32.05,11620.0
3386,20261002,100.0,100.0,0.0,1.0
3388,20261002,29.8,38.07,44.78,15207.0
3390,20261002,17.95,31.16,42.19,56146.0
3391,20261002,52.44,66.0,10.57,928.0
3394,20261002,0.0,0.0,59.0,162.0
3397,20261002,0.0,0.0,87.49,1813.0
3401,20261002,0.0,0.0,42.01,9.0
3402,20261002,24.52,29.32,52.49,38481.0
3404,20261002,0.0,0.0,50.2,50.0
3406,20261002,39.4,61.66,18.91,35276.0
3408,20261002,0.0,0.0,99.99,10.0
3412,20261002,84.95,84.95,10.3,261.0
3413,20261002,40.66,47.59,38.47,27920.0
3414,20261002,0.0,0.0,78.73,252.0
3416,20261002,51.63,56.9,27.25,9431.0
3419,20261002,24.05,31.03,46.28,30624.0
3430,20261002,33.52,33.52,47.9,33307.0
3431,20261002,46.69,51.35,32.5,12536.0
3432,20261002,58.48,66.5,21.57,3498.0
3434,20261002,33.02,47.1,34.42,9336.0
3437,20261002,20.66,25.51,58.09,46924.0
3438,20261002,43.53,45.12,45.42,28321.0
3441,20261002,11.45,30.35,51.63,33462.0
3443,20261002,51.29,65.24,15.62,49413.0
3444,20261002,38.59,49.37,33.59,5016.0
3447,20261002,51.2,59.56,26.39,5762.0
3450,20261002,30.49,41.6,45.28,81076.0
3455,20261002,13.27,34.52,44.16,44166.0
3462,20261002,100.0,100.0,0.0,1.0
3463,20261002,100.0,100.0,0.0,1.0
3465,20261002,58.2,68.07,14.56,4548.0
3466,20261002,33.71,45.96,32.81,29041.0
3467,20261002,55.36,62.34,20.98,2767.0
3469,20261002,42.15,63.92,5.88,191.0
3471,20261002,25.6,45.04,22.44,503.0
3472,20261002,43.84,58.36,15.28,1709.0
3473,20261002,67.92,76.03,6.09,271.0
3475,20261002,0.0,0.0,84.28,1777.0
3479,20261002,30.25,39.79,43.52,37229.0
3481,20261002,33.08,37.7,45.24,985099.0
3482,20261002,16.87,44.4,40.68,527.0
3483,20261002,13.26,22.16,61.3,52293.0
3484,20261002,24.56,32.34,41.78,47004.0
3485,20261002,33.54,51.37,28.64,7226.0
3489,20261002,79.83,81.58,9.81,2670.0
3490,20261002,16.11,25.65,53.7,34185.0
3491,20261002,22.99,36.88,36.25,64708.0
3492,20261002,41.95,47.22,31.06,2811.0
3494,20261002,56.76,61.82,22.31,17979.0
3496,20261002,70.66,79.91,7.09,205.0
3497,20261002,23.86,33.29,24.09,112.0
3498,20261002,47.43,53.76,29.59,54432.0
3499,20261002,41.85,44.34,41.82,41452.0
3501,20261002,42.49,47.36,35.55,12249.0
3502,20261002,12.4,34.17,29.02,283.0
3504,20261002,60.5,66.39,26.68,13161.0
3505,20261002,87.89,87.89,10.82,160.0
3506,20261002,0.0,19.83,47.43,606.0
3507,20261002,75.26,87.08,7.83,278.0
3508,20261002,37.63,47.88,39.47,67374.0
3511,20261002,51.13,53.64,36.56,9373.0
3512,20261002,63.56,72.03,16.43,4798.0
3513,20261002,51.88,97.03,0.2,25.0
3515,20261002,61.8,68.71,19.23,13658.0
3516,20261002,67.72,77.96,10.88,3138.0
3517,20261002,0.0,13.89,50.59,663.0
3518,20261002,25.95,38.13,35.76,31122.0
3519,20261002,46.46,50.84,34.46,65054.0
3520,20261002,42.63,51.59,28.5,48728.0
3521,20261002,78.78,81.61,8.54,39620.0
3522,20261002,50.31,56.89,22.12,28081.0
3523,20261002,78.36,83.41,8.75,7772.0
3524,20261002,39.39,66.46,9.53,301.0
3526,20261002,29.48,44.46,28.41,21004.0
3527,20261002,20.06,26.64,45.5,25004.0
3528,20261002,62.63,69.48,20.79,5569.0
3529,20261002,34.39,52.87,17.46,26740.0
3530,20261002,53.68,57.35,33.54,15926.0
3531,20261002,60.82,80.39,9.41,1816.0
3532,20261002,88.05,90.11,6.8,25306.0
3533,20261002,43.18,60.2,18.15,36267.0
3535,20261002,24.1,26.8,56.81,43090.0
3536,20261002,65.12,67.9,20.69,6379.0
3537,20261002,23.54,30.48,55.41,44776.0
3540,20261002,21.9,22.97,59.82,59597.0
3541,20261002,24.84,35.97,36.39,17942.0
3542,20261002,0.0,0.0,14.22,34.0
3543,20261002,49.14,62.04,18.55,24981.0
3544,20261002,0.0,0.0,79.92,578.0
3545,20261002,18.85,24.76,59.89,81819.0
3546,20261002,22.44,34.87,46.68,34448.0
3548,20261002,24.35,32.85,50.59,40574.0
3549,20261002,0.0,0.0,61.7,239.0
3550,20261002,31.69,42.77,43.06,51921.0
3551,20261002,34.23,49.63,37.26,13533.0
3552,20261002,32.42,36.02,50.93,55439.0
3554,20261002,87.29,87.29,5.43,135.0
3555,20261002,76.17,80.53,10.75,4333.0
3556,20261002,13.67,16.52,67.87,64246.0
3557,20261002,53.32,61.05,25.25,20104.0
3558,20261002,47.07,51.04,40.83,12013.0
3560,20261002,59.92,74.02,8.64,194.0
3563,20261002,39.4,51.2,33.77,36377.0
3564,20261002,59.04,59.94,29.4,6407.0
3566,20261002,60.69,73.96,6.44,10580.0
3567,20261002,7.93,18.59,57.21,33636.0
3568,20261002,46.71,72.36,13.46,186.0
3570,20261002,45.25,54.02,34.74,2886.0
3571,20261002,0.0,0.0,80.92,416.0
3572,20261002,29.87,44.74,14.07,330.0
3574,20261002,0.0,67.92,12.39,15.0
3576,20261002,36.52,40.89,42.28,210883.0
3577,20261002,52.36,67.23,17.06,4657.0
3579,20261002,65.76,74.14,18.67,6150.0
3580,20261002,7.21,14.01,54.39,41268.0
3581,20261002,48.54,57.07,29.83,7353.0
3583,20261002,47.94,59.41,28.12,32142.0
3584,20261002,18.44,25.47,50.21,21929.0
3585,20261002,34.96,39.26,44.25,14580.0
3586,20261002,0.0,51.29,18.04,88.0
3587,20261002,21.81,31.36,52.08,29922.0
3588,20261002,18.58,27.11,54.57,49177.0
3591,20261002,46.63,53.02,31.64,17106.0
3592,20261002,24.87,36.11,46.17,37622.0
3593,20261002,50.01,64.29,18.59,24785.0
3594,20261002,40.54,53.53,28.16,20243.0
3595,20261002,28.89,31.76,46.61,25507.0
3596,20261002,59.39,69.28,19.76,25208.0
3597,20261002,56.91,64.46,17.64,2181.0
3601,20261002,40.76,52.62,14.27,691.0
3603,20261002,64.91,71.13,10.65,681.0
3604,20261002,0.0,0.0,38.94,14.0
3605,20261002,59.37,68.81,22.17,43002.0
3606,20261002,43.23,77.4,3.7,98.0
3607,20261002,21.47,33.58,38.05,47078.0
3609,20261002,33.83,52.09,22.15,7466.0
3610,20261002,76.71,78.87,13.42,1499.0
3611,20261002,46.89,58.29,24.24,4791.0
3613,20261002,50.87,66.67,12.97,1140.0
3615,20261002,24.99,30.82,57.93,43316.0
3616,20261002,25.84,42.66,21.02,3455.0
3617,20261002,52.68,66.59,16.01,7176.0
3619,20261002,15.73,27.79,17.83,164.0
3622,20261002,55.34,58.56,28.37,25017.0
3623,20261002,48.24,53.8,34.2,8130.0
3624,20261002,50.69,58.85,31.34,39710.0
3625,20261002,37.64,48.92,34.49,42487.0
3627,20261002,50.03,56.06,26.7,14077.0
3628,20261002,56.02,59.15,24.63,7371.0
3629,20261002,84.0,86.88,6.21,1737.0
3630,20261002,51.09,54.12,33.61,27910.0
3631,20261002,74.44,80.28,7.7,1655.0
3632,20261002,15.58,17.2,72.11,32761.0
3633,20261002,46.15,60.69,21.6,1855.0
3634,20261002,72.48,82.97,4.21,217.0
3635,20261002,0.0,0.0,48.21,397.0
3636,20261002,87.18,87.18,6.19,502.0
3637,20261002,71.3,77.46,10.92,824.0
3642,20261002,49.5,63.39,19.52,18059.0
3643,20261002,97.95,97.95,1.78,403.0
3644,20261002,67.83,76.16,8.82,2412.0
3645,20261002,27.86,36.86,48.45,66614.0
3646,20261002,19.97,48.81,18.14,36435.0
3647,20261002,0.0,0.0,69.56,2940.0
3649,20261002,0.0,36.51,20.34,275.0
3651,20261002,89.61,95.9,0.72,69.0
3652,20261002,67.94,72.29,14.31,3469.0
3653,20261002,64.33,70.12,10.86,33013.0
3656,20261002,75.19,77.46,14.13,3282.0
3657,20261002,86.89,97.29,2.69,47.0
3659,20261002,78.88,86.52,6.37,628.0
3661,20261002,9.76,34.86,39.35,106803.0
3662,20261002,48.89,53.41,30.92,22514.0
3663,20261002,62.08,64.97,28.4,24118.0
3664,20261002,66.69,68.46,17.21,5788.0
3665,20261002,43.85,62.13,14.32,47000.0
3666,20261002,80.27,83.35,10.66,28545.0
3669,20261002,54.68,58.58,29.86,8162.0
3671,20261002,72.48,87.86,0.93,53.0
3672,20261002,40.16,55.92,17.24,20979.0
3673,20261002,34.57,41.19,44.05,85871.0
3674,20261002,65.86,71.06,14.21,405.0
3675,20261002,55.16,56.82,29.88,13997.0
3678,20261002,35.97,52.57,16.76,1013.0
3679,20261002,54.01,65.87,19.35,5093.0
3680,20261002,43.98,58.16,27.57,29166.0
3681,20261002,94.39,95.08,2.04,339.0
3683,20261002,100.0,100.0,0.0,1.0
3684,20261002,56.18,62.72,22.61,6093.0
3685,20261002,44.54,62.85,16.67,13433.0
3686,20261002,16.77,21.86,56.24,62562.0
3687,20261002,32.52,37.33,49.75,36347.0
3689,20261002,14.35,26.31,54.11,34042.0
3690,20261002,83.95,89.17,4.92,1355.0
3691,20261002,53.98,60.34,28.62,13208.0
3693,20261002,36.52,49.76,33.98,23601.0
3694,20261002,53.63,58.32,29.07,14193.0
3701,20261002,71.78,74.61,20.48,48110.0
3702,20261002,78.19,83.37,9.97,95083.0
3703,20261002,67.89,72.2,16.83,34661.0
3704,20261002,57.66,65.02,24.19,43256.0
3705,20261002,62.66,69.66,18.07,26072.0
3706,20261002,52.42,55.46,35.96,195455.0
3707,20261002,42.02,45.48,46.1,92111.0
3708,20261002,39.28,50.14,36.22,46442.0
3709,20261002,66.31,71.63,18.09,8540.0
3710,20261002,16.69,26.06,44.26,23008.0
3711,20261002,81.67,87.03,7.68,326909.0
3712,20261002,55.15,58.11,30.61,36207.0
3713,20261002,44.11,56.6,19.43,4178.0
3714,20261002,38.16,43.74,39.9,155886.0
3715,20261002,21.48,29.72,58.38,96998.0
3716,20261002,45.51,52.79,34.51,53615.0
3717,20261002,29.93,37.95,41.02,51182.0
3718,20261002,35.17,41.33,48.28,102637.0
4102,20261002,33.78,46.42,27.62,37605.0
4104,20261002,40.06,45.39,41.77,44176.0
4105,20261002,38.48,48.02,31.52,52076.0
4106,20261002,46.24,51.08,33.71,16069.0
4107,20261002,51.88,61.71,23.14,13544.0
4108,20261002,23.57,29.04,45.36,54640.0
4109,20261002,36.18,43.98,34.17,43634.0
4111,20261002,33.2,42.76,31.57,46370.0
4113,20261002,64.06,73.86,11.7,20070.0
4114,20261002,36.89,44.26,33.39,74344.0
4115,20261002,69.74,75.96,9.09,994.0
4116,20261002,54.95,54.95,30.43,4366.0
4117,20261002,37.83,55.03,28.42,6114.0
4118,20261002,100.0,100.0,0.0,1.0
4119,20261002,45.06,47.67,33.66,26611.0
4120,20261002,63.89,71.57,15.32,7438.0
4121,20261002,44.47,49.58,38.15,51547.0
4123,20261002,52.98,59.48,24.81,47320.0
4125,20261002,0.0,0.0,70.69,218.0
4126,20261002,55.09,63.11,24.98,22447.0
4127,20261002,65.58,71.74,15.51,26645.0
4128,20261002,39.33,43.35,35.75,101003.0
4129,20261002,49.08,60.68,22.69,34024.0
4131,20261002,72.24,77.3,9.89,3502.0
4132,20261002,38.33,46.63,29.13,42833.0
4133,20261002,18.53,23.57,58.73,54046.0
4135,20261002,44.13,65.43,11.57,511.0
4136,20261002,97.87,99.3,0.5,95.0
4137,20261002,44.36,51.2,31.15,7500.0
4138,20261002,51.42,51.42,39.17,21087.0
4139,20261002,49.83,68.46,8.31,1127.0
4140,20261002,0.0,0.0,67.61,473.0
4142,20261002,33.54,40.92,39.3,83787.0
4147,20261002,43.53,52.25,27.53,47397.0
4148,20261002,77.75,79.16,12.83,2277.0
4150,20261002,34.31,48.54,22.9,28445.0
4151,20261002,71.12,78.35,8.24,642.0
4153,20261002,72.11,76.68,14.73,5164.0
4154,20261002,67.56,77.07,8.38,880.0
4155,20261002,32.54,42.62,33.56,32034.0
4156,20261002,67.54,71.9,12.82,893.0
4157,20261002,52.35,59.17,20.63,31696.0
4160,20261002,25.36,29.63,47.7,34586.0
4161,20261002,26.98,44.58,24.87,5115.0
4162,20261002,38.72,45.33,36.88,46991.0
4163,20261002,61.63,70.08,14.2,24869.0
4164,20261002,40.13,50.49,31.28,18886.0
4166,20261002,80.02,83.03,7.28,3751.0
4167,20261002,34.27,42.55,32.31,56288.0
4168,20261002,21.06,27.19,45.35,50021.0
4169,20261002,47.61,54.91,22.65,4369.0
4170,20261002,45.21,58.5,20.55,6411.0
4171,20261002,27.65,32.71,48.74,38269.0
4172,20261002,30.08,38.68,28.98,24470.0
4173,20261002,40.0,43.05,38.09,30484.0
4174,20261002,37.44,42.96,40.8,42551.0
4175,20261002,54.98,56.05,30.32,11371.0
4177,20261002,48.19,59.03,20.03,2159.0
4178,20261002,72.41,77.78,9.13,4226.0
4181,20261002,0.0,0.0,82.16,1737.0
4183,20261002,43.48,62.84,17.21,1175.0
4184,20261002,92.03,92.03,4.47,644.0
4186,20261002,26.04,45.8,25.84,4649.0
4188,20261002,47.92,54.19,26.2,5035.0
4190,20261002,62.96,66.68,22.81,16509.0
4191,20261002,48.78,63.05,14.77,2532.0
4192,20261002,66.6,68.36,22.26,4607.0
4193,20261002,33.69,49.26,15.87,5426.0
4194,20261002,73.12,76.72,12.69,3259.0
4195,20261002,30.04,38.42,35.84,28564.0
4197,20261002,40.26,65.55,13.68,2340.0
4198,20261002,78.26,82.32,10.28,2576.0
4205,20261002,58.94,66.37,20.76,11014.0
4207,20261002,64.16,73.24,12.33,8455.0
4303,20261002,14.21,20.01,57.65,37233.0
4304,20261002,74.64,80.97,8.77,3703.0
4305,20261002,74.81,84.73,7.2,1687.0
4306,20261002,51.84,57.7,24.81,89788.0
4401,20261002,47.1,62.44,20.7,12593.0
4402,20261002,60.96,66.06,17.77,41597.0
4404,20261002,26.98,35.81,36.97,7867.0
4406,20261002,62.26,77.84,6.99,1522.0
4408,20261002,30.42,35.79,33.95,4010.0
4413,20261002,52.61,69.31,11.26,1628.0
4414,20261002,57.38,64.1,19.99,22469.0
4415,20261002,76.68,85.04,10.72,4358.0
4416,20261002,49.84,67.16,16.86,2824.0
4417,20261002,38.35,46.01,32.95,8202.0
4419,20261002,95.06,96.82,1.12,5126.0
4420,20261002,54.11,59.04,32.39,8077.0
4424,20261002,62.32,66.59,15.61,2548.0
4426,20261002,54.21,61.67,23.31,9503.0
4427,20261002,78.71,87.52,3.49,966.0
4430,20261002,53.29,64.1,25.24,8625.0
4431,20261002,64.19,70.89,20.44,2055.0
4432,20261002,45.45,55.44,26.46,4904.0
4433,20261002,52.24,56.25,29.76,10290.0
4438,20261002,50.12,65.92,15.69,4647.0
4439,20261002,69.44,78.33,10.91,1309.0
4440,20261002,28.87,57.01,25.49,3842.0
4441,20261002,55.44,70.18,10.7,2484.0
4442,20261002,49.36,75.66,9.6,957.0
4502,20261002,55.45,70.82,12.05,3826.0
4503,20261002,59.91,62.9,25.51,7552.0
4506,20261002,74.04,80.66,12.19,11153.0
4510,20261002,29.65,35.77,52.79,60954.0
4513,20261002,53.16,57.72,28.53,44128.0
4522,20261002,100.0,100.0,0.0,1.0
4523,20261002,52.01,59.96,25.25,35974.0
4526,20261002,40.46,47.63,41.13,62224.0
4528,20261002,58.69,62.32,29.81,13384.0
4529,20261002,53.99,58.79,24.48,8770.0
4530,20261002,64.46,71.47,13.99,7326.0
4532,20261002,64.78,70.11,17.05,19836.0
4533,20261002,33.01,36.52,49.67,68009.0
4534,20261002,29.58,40.34,38.73,18306.0
4535,20261002,69.7,76.87,9.61,7102.0
4536,20261002,39.22,55.92,21.43,7016.0
4537,20261002,77.0,82.02,10.02,2376.0
4538,20261002,71.9,80.75,8.2,1646.0
4540,20261002,26.54,31.75,56.13,41092.0
4541,20261002,28.0,37.31,44.26,43419.0
4542,20261002,20.72,47.47,33.15,7158.0
4543,20261002,43.67,47.63,39.39,22460.0
4544,20261002,49.87,67.52,7.51,1566.0
4545,20261002,68.88,72.25,16.7,22187.0
4546,20261002,60.44,70.58,12.03,968.0
4547,20261002,72.34,84.76,6.94,302.0
4548,20261002,100.0,100.0,0.0,1.0
4549,20261002,58.74,62.53,26.4,7359.0
4550,20261002,49.24,56.3,25.36,3153.0
4551,20261002,70.22,78.44,11.34,6913.0
4552,20261002,44.28,50.07,27.16,28636.0
4553,20261002,77.4,87.29,6.31,453.0
4554,20261002,50.62,53.59,26.21,2427.0
4555,20261002,65.67,70.54,16.79,4076.0
4556,20261002,70.38,74.74,14.31,3055.0
4557,20261002,27.09,43.15,26.16,27744.0
4558,20261002,52.06,72.74,12.14,1612.0
4559,20261002,79.9,87.86,5.1,661.0
4560,20261002,84.16,86.15,7.13,2516.0
4561,20261002,52.18,58.36,34.25,8765.0
4562,20261002,49.94,52.77,39.5,11706.0
4563,20261002,49.6,54.26,31.6,17674.0
4564,20261002,33.47,39.82,39.17,48412.0
4565,20261002,66.05,79.89,6.23,1443.0
4566,20261002,51.48,56.85,34.02,25014.0
4568,20261002,62.0,68.43,16.25,1595.0
4569,20261002,52.36,64.24,13.06,1981.0
4570,20261002,87.84,95.07,2.39,205.0
4571,20261002,55.7,65.96,23.79,6635.0
4572,20261002,61.89,64.18,17.08,3470.0
4573,20261002,31.02,43.12,33.49,10204.0
4575,20261002,53.88,69.19,8.36,741.0
4576,20261002,59.36,66.55,22.77,24390.0
4577,20261002,55.74,61.95,30.64,7009.0
4578,20261002,92.28,97.0,2.66,691.0
4580,20261002,37.69,49.26,32.69,5102.0
4581,20261002,46.14,62.8,19.48,1647.0
4582,20261002,43.96,55.05,19.04,2592.0
4583,20261002,82.19,86.03,7.22,7468.0
4584,20261002,69.25,80.08,9.91,1077.0
4585,20261002,75.3,76.67,19.78,19083.0
4587,20261002,88.23,88.23,6.85,948.0
4588,20261002,37.4,50.27,32.62,5105.0
4589,20261002,47.63,70.57,10.0,618.0
4590,20261002,35.22,49.73,31.07,10015.0
4609,20261002,64.61,76.27,8.79,1738.0
4702,20261002,46.49,51.02,35.12,14070.0
4703,20261002,22.67,26.22,54.22,9140.0
4706,20261002,77.59,82.97,6.08,2135.0
4707,20261002,65.82,70.76,17.66,30195.0
4711,20261002,53.42,60.0,25.37,7432.0
4712,20261002,43.69,45.99,34.48,3611.0
4714,20261002,22.73,29.54,46.35,52675.0
4716,20261002,24.35,33.54,42.05,44097.0
4717,20261002,0.0,0.0,99.99,999.0
4720,20261002,34.23,37.53,42.66,13363.0
4721,20261002,28.05,33.45,51.97,57197.0
4722,20261002,42.27,59.49,21.44,14685.0
4724,20261002,46.41,59.52,17.75,3070.0
4726,20261002,50.34,58.03,25.11,12650.0
4727,20261002,0.0,18.79,18.11,349.0
4728,20261002,65.91,84.28,4.71,16641.0
4729,20261002,44.71,50.48,32.31,7357.0
4730,20261002,57.91,69.86,11.91,1062.0
4732,20261002,47.1,67.11,13.8,1541.0
4734,20261002,0.0,14.95,29.7,371.0
4735,20261002,42.94,53.37,34.14,37580.0
4736,20261002,44.38,51.16,34.15,13581.0
4737,20261002,49.13,63.8,14.11,10907.0
4738,20261002,54.05,58.73,25.73,3389.0
4739,20261002,31.08,38.29,44.81,56879.0
4741,20261002,40.07,49.3,27.35,13029.0
4743,20261002,41.04,45.79,35.65,80129.0
4744,20261002,35.6,51.79,24.18,33411.0
4745,20261002,51.68,62.53,18.25,3137.0
4746,20261002,31.21,40.13,39.41,44248.0
4747,20261002,65.57,75.81,9.42,2207.0
4749,20261002,22.79,32.71,46.92,62290.0
4752,20261002,87.17,89.77,6.92,1062.0
4754,20261002,28.46,36.69,41.59,22998.0
4755,20261002,64.95,69.06,18.91,8681.0
4758,20261002,84.81,92.15,4.88,395.0
4760,20261002,34.71,36.4,35.73,11575.0
4762,20261002,97.29,99.67,0.3,139.0
4763,20261002,55.85,59.99,25.1,55825.0
4764,20261002,65.89,73.48,16.9,10295.0
4765,20261002,39.21,55.32,17.58,910.0
4766,20261002,63.04,69.79,15.71,10751.0
4767,20261002,46.87,62.76,9.39,885.0
4768,20261002,19.49,32.08,43.24,17447.0
4769,20261002,100.0,100.0,0.0,1.0
4770,20261002,59.7,68.09,18.02,8838.0
4771,20261002,44.41,59.21,16.8,3915.0
4772,20261002,41.94,49.17,36.33,33625.0
4773,20261002,92.29,94.99,0.73,228.0
4801,20261002,97.82,98.7,0.71,783.0
4802,20261002,85.36,87.92,6.15,296.0
4803,20261002,55.13,57.43,29.8,5710.0
4804,20261002,54.88,62.0,19.88,30104.0
4805,20261002,0.0,0.0,99.98,24.0
4806,20261002,83.69,87.28,5.28,2479.0
4807,20261002,63.32,68.26,14.82,14399.0
4903,20261002,36.81,42.47,45.37,47037.0
4904,20261002,90.93,93.53,3.82,85305.0
4905,20261002,63.85,81.75,9.57,2048.0
4906,20261002,21.6,28.63,50.76,90541.0
4907,20261002,83.76,85.79,7.05,2762.0
4908,20261002,42.42,53.1,36.59,35664.0
4909,20261002,22.86,25.12,61.02,63479.0
4911,20261002,48.05,58.15,19.98,3500.0
4912,20261002,38.8,54.84,25.39,25339.0
4913,20261002,0.0,25.75,33.82,475.0
4914,20261002,61.66,77.04,12.77,226.0
4915,20261002,51.69,60.57,26.19,34088.0
4916,20261002,20.86,25.53,62.62,75506.0
4917,20261002,93.2,97.57,0.42,16.0
4919,20261002,59.01,62.71,30.56,71586.0
4920,20261002,86.74,93.69,1.1,107.0
4922,20261002,11.8,25.44,47.92,4553.0
4923,20261002,20.18,36.81,36.14,30851.0
4924,20261002,56.06,70.93,13.94,1555.0
4925,20261002,31.92,50.25,26.17,5283.0
4927,20261002,18.16,28.44,48.84,58658.0
4929,20261002,0.0,0.0,57.99,384.0
4930,20261002,58.55,63.65,25.87,33558.0
4931,20261002,12.04,25.3,61.89,63600.0
4932,20261002,0.0,0.0,86.79,309.0
4933,20261002,59.87,63.47,21.31,5621.0
4934,20261002,29.24,34.45,45.64,70508.0
4935,20261002,57.74,62.1,23.08,7826.0
4938,20261002,75.0,79.49,14.42,144475.0
4939,20261002,27.17,34.57,52.19,66077.0
4942,20261002,54.55,62.29,20.69,6617.0
4943,20261002,53.52,64.21,24.76,21847.0
4946,20261002,42.58,42.58,45.33,8200.0
4949,20261002,41.11,52.77,31.58,11077.0
4950,20261002,68.13,73.08,15.2,6674.0
4951,20261002,4.48,17.64,53.55,11324.0
4952,20261002,47.79,53.08,36.42,14623.0
4953,20261002,37.89,45.38,35.87,34732.0
4956,20261002,32.74,40.06,48.37,44184.0
4958,20261002,65.78,71.09,21.07,225193.0
4960,20261002,56.53,61.73,27.26,90323.0
4961,20261002,38.36,49.5,35.31,39717.0
4962,20261002,99.89,99.89,0.09,16.0
4963,20261002,82.03,83.64,5.86,445.0
4965,20261002,100.0,100.0,0.0,1.0
4966,20261002,19.97,32.05,42.48,31812.0
4967,20261002,14.94,21.34,63.4,66580.0
4968,20261002,8.85,17.07,67.17,56466.0
4969,20261002,44.91,55.64,21.61,11528.0
4971,20261002,22.03,40.96,40.75,38920.0
4972,20261002,36.94,50.11,35.39,15342.0
4973,20261002,14.23,22.78,62.0,50075.0
4974,20261002,39.73,42.23,45.77,42857.0
4975,20261002,95.92,96.31,2.21,1023.0
4976,20261002,25.64,30.1,53.97,44647.0
4977,20261002,10.29,18.89,64.06,52459.0
4978,20261002,82.32,82.32,8.78,67.0
4979,20261002,26.88,43.8,41.72,84428.0
4980,20261002,50.4,58.12,21.11,2353.0
4985,20261002,100.0,100.0,0.0,1.0
4989,20261002,11.7,17.57,70.01,50872.0
4990,20261002,43.97,53.41,20.86,3276.0
4991,20261002,35.73,48.32,38.47,62724.0
4992,20261002,76.9,82.09,4.75,1033.0
4994,20261002,81.11,86.78,5.65,2141.0
4995,20261002,52.8,67.13,16.11,4952.0
4996,20261002,65.91,77.8,4.73,784.0
4997,20261002,17.41,42.96,14.56,271.0
4999,20261002,27.29,41.32,43.53,46524.0
5006,20261002,8.28,10.7,58.19,13998.0
5007,20261002,84.22,87.54,4.3,4898.0
5009,20261002,42.92,48.83,34.06,81532.0
5011,20261002,38.65,48.43,29.73,33745.0
5013,20261002,81.81,86.8,5.86,9194.0
5014,20261002,26.84,37.74,39.54,52404.0
5015,20261002,42.22,52.1,34.43,26566.0
5016,20261002,59.94,65.96,17.36,2681.0
5017,20261002,0.0,0.0,99.99,6849.0
5201,20261002,40.27,56.82,19.93,13484.0
5202,20261002,48.6,52.83,31.31,44180.0
5203,20261002,33.11,42.46,35.45,31883.0
5204,20261002,18.87,18.87,42.21,1370.0
5205,20261002,72.67,75.7,12.87,1723.0
5206,20261002,80.86,85.13,6.41,4301.0
5207,20261002,14.82,38.6,23.7,2906.0
5209,20261002,50.45,52.37,31.95,4312.0
5210,20261002,39.84,48.84,26.1,40107.0
5211,20261002,40.88,47.96,36.44,7541.0
5212,20261002,66.94,78.4,10.79,9954.0
5213,20261002,85.03,87.07,8.22,21091.0
5215,20261002,42.71,53.37,29.48,5368.0
5216,20261002,57.64,82.4,8.11,401.0
5220,20261002,19.67,44.71,33.76,7756.0
5221,20261002,0.0,11.31,53.6,346.0
5222,20261002,24.33,32.94,44.09,33607.0
5223,20261002,54.19,62.23,24.69,2727.0
5225,20261002,37.93,44.41,36.89,8359.0
5226,20261002,31.51,52.74,17.83,400.0
5227,20261002,18.05,27.03,49.45,58804.0
5228,20261002,44.94,55.35,27.3,3460.0
5229,20261002,89.3,96.51,1.02,129.0
5230,20261002,12.09,27.04,48.94,29522.0
5232,20261002,99.99,99.99,0.0,5.0
5233,20261002,82.42,85.35,6.98,2998.0
5234,20261002,58.52,64.78,17.95,12335.0
5236,20261002,60.89,62.46,26.33,6882.0
5238,20261002,78.62,83.48,6.54,691.0
5239,20261002,16.98,30.08,22.36,601.0
5240,20261002,30.32,55.6,6.98,519.0
5242,20261002,58.63,72.33,7.31,1114.0
5243,20261002,49.09,55.92,30.84,30192.0
5244,20261002,28.61,48.24,31.05,9466.0
5245,20261002,36.99,57.41,26.91,3934.0
5246,20261002,21.0,33.46,46.54,8494.0
5247,20261002,68.74,75.95,5.65,509.0
5248,20261002,56.84,59.24,27.31,1883.0
5250,20261002,97.08,97.08,2.48,209.0
5251,20261002,29.21,33.49,52.64,35153.0
5253,20261002,58.2,81.05,2.96,224.0
5254,20261002,70.07,75.42,11.6,665.0
5256,20261002,61.23,69.01,13.79,1875.0
5257,20261002,73.71,79.64,5.43,809.0
5258,20261002,39.38,51.16,30.24,25620.0
5259,20261002,74.45,82.07,10.03,2361.0
5262,20261002,31.97,55.98,16.38,8056.0
5263,20261002,41.28,54.89,24.69,26917.0
5265,20261002,0.0,0.0,56.09,123.0
5267,20261002,46.59,62.14,17.55,1337.0
5269,20261002,54.74,60.88,27.53,32342.0
5271,20261002,16.66,27.29,52.48,6626.0
5272,20261002,10.26,23.92,59.53,45733.0
5274,20261002,21.69,34.55,32.02,35456.0
5275,20261002,0.0,30.86,11.94,144.0
5276,20261002,85.29,88.33,7.05,932.0
5278,20261002,77.9,82.96,6.89,4225.0
5279,20261002,91.86,94.52,0.04,20.0
5282,20261002,59.25,85.81,2.79,278.0
5283,20261002,54.45,62.07,30.07,27723.0
5284,20261002,48.49,55.95,28.05,9636.0
5285,20261002,53.4,64.27,24.92,11991.0
5286,20261002,69.95,79.97,9.66,910.0
5287,20261002,45.55,57.63,32.3,10045.0
5288,20261002,59.09,69.35,14.46,2868.0
5289,20261002,18.65,29.8,48.85,83922.0
5291,20261002,18.68,44.81,31.62,5193.0
5292,20261002,44.5,58.45,23.2,6959.0
5294,20261002,0.0,0.0,99.98,60.0
5295,20261002,70.39,85.65,4.12,157.0
5296,20261002,27.36,36.07,20.86,467.0
5297,20261002,10.25,18.59,58.76,8871.0
5299,20261002,44.69,52.14,38.67,16783.0
5302,20261002,45.87,50.77,32.66,12844.0
5304,20261002,86.33,88.1,9.01,32301.0
5306,20261002,64.41,69.91,20.46,11949.0
5307,20261002,32.2,41.19,35.48,35102.0
5309,20261002,28.55,36.02,49.83,70916.0
5310,20261002,36.18,57.09,13.38,7111.0
5312,20261002,50.64,55.76,24.39,5813.0
5314,20261002,36.05,40.29,39.16,97024.0
5315,20261002,21.21,31.01,42.6,51035.0
5321,20261002,46.4,61.6,18.19,7556.0
5324,20261002,75.32,81.41,9.83,20852.0
5325,20261002,27.57,33.51,58.89,20364.0
5328,20261002,37.22,41.77,51.17,75691.0
5336,20261002,0.0,0.0,89.56,2955.0
5340,20261002,52.1,58.92,31.78,28875.0
5344,20261002,73.54,75.59,18.37,6726.0
5345,20261002,78.88,78.88,10.58,6281.0
5346,20261002,28.44,37.79,36.77,263369.0
5347,20261002,81.63,85.18,10.53,112023.0
5348,20261002,40.79,53.12,21.28,1808.0
5351,20261002,28.75,36.45,47.01,116270.0
5353,20261002,37.82,54.87,23.59,6344.0
5355,20261002,63.92,70.88,15.95,29810.0
5356,20261002,39.53,43.99,38.33,53278.0
5364,20261002,61.31,70.36,13.23,7270.0
5372,20261002,12.56,23.72,50.76,5384.0
5376,20261002,28.33,33.74,38.41,3801.0
5381,20261002,48.86,55.92,30.62,27828.0
5385,20261002,18.19,23.89,59.24,8304.0
5386,20261002,32.37,36.71,51.7,30314.0
5387,20261002,90.19,91.33,7.9,141592.0
5388,20261002,34.69,43.92,39.25,38138.0
5392,20261002,31.58,35.77,50.94,65832.0
5395,20261002,0.0,0.0,65.56,2238.0
5398,20261002,44.19,58.4,18.45,41797.0
5403,20261002,31.21,47.08,34.21,9470.0
5410,20261002,26.53,33.62,49.8,56865.0
5414,20261002,48.11,59.72,21.83,5070.0
5425,20261002,29.59,36.3,52.98,105480.0
5426,20261002,53.53,56.2,33.01,35167.0
5432,20261002,51.4,54.1,40.58,5472.0
5434,20261002,39.14,55.37,25.56,32173.0
5438,20261002,73.12,75.18,16.55,37815.0
5439,20261002,23.34,35.26,45.01,35942.0
5442,20261002,14.62,20.66,40.25,4827.0
5443,20261002,32.69,38.33,49.85,66655.0
5450,20261002,79.37,80.95,11.32,11591.0
5452,20261002,38.7,42.92,44.78,68851.0
5455,20261002,89.0,93.99,2.8,3413.0
5457,20261002,44.77,51.56,33.18,17376.0
5460,20261002,38.44,57.07,28.0,31475.0
5464,20261002,58.56,72.12,14.24,4566.0
5465,20261002,68.79,72.35,19.3,7928.0
5467,20261002,82.8,86.4,6.62,1832.0
5468,20261002,58.87,65.44,23.07,5951.0
5469,20261002,68.53,72.97,19.0,36243.0
5471,20261002,18.27,26.68,56.0,68357.0
5473,20261002,0.0,0.0,99.96,2481.0
5474,20261002,48.5,56.66,34.89,7759.0
5475,20261002,19.08,23.12,65.04,62528.0
5478,20261002,72.95,79.21,14.02,41297.0
5481,20261002,56.34,64.73,15.1,41990.0
5483,20261002,52.84,60.21,30.77,149315.0
5484,20261002,33.96,37.95,53.12,33811.0
5487,20261002,47.96,71.4,13.94,7089.0
5488,20261002,34.18,46.75,30.47,41107.0
5489,20261002,82.62,85.4,7.63,3117.0
5490,20261002,25.62,33.97,41.45,69650.0
5492,20261002,98.67,98.67,1.3,1370.0
5493,20261002,25.01,44.72,32.88,5499.0
5497,20261002,15.67,26.29,39.58,4829.0
5498,20261002,29.94,35.2,54.05,69203.0
5501,20261002,24.3,28.1,39.39,6086.0
5505,20261002,50.8,65.51,15.74,5916.0
5506,20261002,58.45,66.77,14.37,7573.0
5508,20261002,65.86,68.8,23.08,18186.0
5511,20261002,60.11,68.68,14.97,5992.0
5512,20261002,55.0,61.63,22.2,77967.0
5514,20261002,87.6,92.32,3.24,10295.0
5515,20261002,63.05,71.59,15.22,11364.0
5516,20261002,60.51,70.81,10.72,1762.0
5519,20261002,51.16,56.95,28.53,18215.0
5520,20261002,73.58,83.79,4.75,1220.0
5521,20261002,52.84,59.86,22.86,62737.0
5522,20261002,86.07,88.35,7.43,18123.0
5523,20261002,89.32,92.58,3.06,2545.0
5524,20261002,11.6,30.78,35.33,3909.0
5525,20261002,84.13,88.42,5.24,4802.0
5529,20261002,68.13,73.7,10.76,11329.0
5530,20261002,79.46,83.13,8.88,11647.0
5531,20261002,82.9,85.52,7.54,14860.0
5532,20261002,5.88,31.03,21.35,820.0
5533,20261002,71.28,80.83,8.07,5532.0
5534,20261002,58.68,68.05,21.62,23066.0
5536,20261002,35.58,55.84,22.4,36446.0
5538,20261002,92.45,93.74,2.27,1295.0
5541,20261002,76.05,82.05,0.67,86.0
5543,20261002,50.37,73.39,7.33,1052.0
5546,20261002,76.12,83.97,5.85,1317.0
5547,20261002,58.82,67.47,12.07,1410.0
5548,20261002,58.19,65.01,16.45,2397.0
5601,20261002,47.23,79.68,4.99,873.0
5603,20261002,49.74,53.92,32.13,30044.0
5604,20261002,52.85,67.18,13.86,10885.0
5607,20261002,69.95,76.85,12.74,16975.0
5608,20261002,25.18,30.44,52.54,90689.0
5609,20261002,46.32,53.27,35.43,37766.0
5701,20261002,49.14,54.08,28.63,51550.0
5702,20261002,0.0,0.0,79.38,1936.0
5703,20261002,83.83,88.29,6.08,1938.0
5704,20261002,79.45,83.99,12.1,3362.0
5706,20261002,34.27,38.19,49.23,28229.0
5810,20261002,69.03,72.92,16.33,48596.0
5848,20261002,100.0,100.0,0.0,1.0
5859,20261002,96.13,96.84,1.22,3561.0
5863,20261002,77.7,81.71,9.75,27154.0
5864,20261002,60.86,68.61,14.82,15089.0
5867,20261002,100.0,100.0,0.0,1.0
5871,20261002,63.98,69.56,19.85,116950.0
5876,20261002,83.35,88.8,3.09,49657.0
5878,20261002,54.26,72.38,20.19,1779.0
5880,20261002,71.39,75.32,12.46,409011.0
5901,20261002,77.87,77.87,12.38,5001.0
5902,20261002,81.35,85.23,7.25,2576.0
5903,20261002,88.19,91.42,6.5,17211.0
5904,20261002,75.09,78.84,16.24,99774.0
5905,20261002,40.55,45.97,33.73,45756.0
5906,20261002,82.46,86.25,3.65,958.0
5907,20261002,63.56,69.0,15.65,5468.0
6005,20261002,66.6,70.27,18.22,118572.0
6015,20261002,43.99,50.45,27.71,72922.0
6016,20261002,44.8,51.28,26.67,78959.0
6020,20261002,96.26,96.91,1.65,1899.0
6021,20261002,87.24,91.05,3.77,4059.0
6023,20261002,81.41,84.09,9.52,18359.0
6024,20261002,65.15,69.37,20.25,17249.0
6026,20261002,41.84,51.62,26.6,43615.0
6027,20261002,93.72,95.65,1.44,828.0
6028,20261002,50.64,62.32,15.06,1551.0
6030,20261002,100.0,100.0,0.0,1.0
6031,20261002,100.0,100.0,0.0,1.0
6035,20261002,83.85,93.89,3.42,2283.0
6038,20261002,100.0,100.0,0.0,1.0
6039,20261002,100.0,100.0,0.0,1.0
6040,20261002,100.0,100.0,0.0,1.0
6101,20261002,78.59,88.27,6.94,3310.0
6103,20261002,83.83,90.69,7.9,3182.0
6104,20261002,10.97,19.31,62.08,56105.0
6107,20261002,34.7,40.96,34.1,5291.0
6108,20261002,48.44,56.26,24.9,51139.0
6109,20261002,36.61,49.84,25.8,34218.0
6110,20261002,7.19,18.44,36.47,2627.0
6111,20261002,41.63,45.69,40.58,45685.0
6112,20261002,56.23,59.04,32.65,33751.0
6113,20261002,52.17,53.34,33.24,8179.0
6114,20261002,65.48,72.79,16.7,5404.0
6115,20261002,56.04,60.2,28.24,14270.0
6116,20261002,41.21,43.82,44.12,362264.0
6117,20261002,49.97,55.14,34.54,13966.0
6118,20261002,51.7,56.66,31.92,8960.0
6120,20261002,55.15,59.46,26.29,61828.0
6121,20261002,48.5,66.53,17.34,19935.0
6122,20261002,27.1,37.95,42.1,34450.0
6123,20261002,33.34,43.88,37.77,10355.0
6124,20261002,92.35,93.76,5.76,8911.0
6125,20261002,30.71,35.19,53.49,91300.0
6126,20261002,32.42,37.19,47.42,70230.0
6127,20261002,19.74,25.26,62.12,72726.0
6128,20261002,54.75,60.54,22.98,7495.0
6129,20261002,13.59,16.54,65.51,33216.0
6130,20261002,48.98,66.05,17.58,29476.0
6131,20261002,29.63,41.19,32.66,5934.0
6132,20261002,15.68,35.5,34.91,4749.0
6133,20261002,47.32,51.89,34.09,22076.0
6134,20261002,48.49,54.77,31.46,17692.0
6135,20261002,34.32,38.5,34.91,7550.0
6136,20261002,34.75,47.12,35.65,44896.0
6137,20261002,26.71,38.83,34.49,11232.0
6138,20261002,33.96,45.97,36.08,31068.0
6139,20261002,52.03,62.56,25.27,59226.0
6140,20261002,34.47,45.05,44.27,9806.0
6141,20261002,39.28,49.44,33.82,18771.0
6142,20261002,51.55,59.06,23.02,44807.0
6143,20261002,17.65,25.6,61.16,55525.0
6144,20261002,89.54,89.54,8.66,1455.0
6146,20261002,41.95,55.18,25.66,20960.0
6147,20261002,60.61,65.25,27.76,155529.0
6148,20261002,33.68,36.11,49.1,28118.0
6149,20261002,35.09,39.03,37.75,3069.0
6150,20261002,12.01,16.17,66.74,39679.0
6151,20261002,20.53,35.65,39.12,19115.0
6152,20261002,17.9,25.44,49.98,40382.0
6153,20261002,41.61,47.0,35.59,80374.0
6154,20261002,54.44,63.37,25.14,10606.0
6155,20261002,48.59,54.62,35.59,15524.0
6156,20261002,31.68,39.54,39.02,37968.0
6158,20261002,32.86,42.09,37.0,36272.0
6160,20261002,29.99,38.75,44.53,50563.0
6161,20261002,35.28,40.93,41.66,23029.0
6162,20261002,43.92,52.02,26.37,3798.0
6163,20261002,34.81,44.0,40.44,46456.0
6164,20261002,14.87,23.32,51.58,46324.0
6165,20261002,37.8,52.19,24.77,41231.0
6166,20261002,66.71,74.29,14.47,14652.0
6167,20261002,37.36,44.37,34.43,24651.0
6168,20261002,55.5,58.27,32.25,31750.0
6169,20261002,26.44,31.11,51.34,40793.0
6170,20261002,55.22,58.16,30.01,33183.0
6171,20261002,78.37,87.2,6.92,2468.0
6172,20261002,85.37,91.42,7.05,1899.0
6173,20261002,56.66,63.17,30.33,55028.0
6174,20261002,56.73,64.17,25.59,8925.0
6175,20261002,56.15,61.16,32.46,22430.0
6176,20261002,33.1,42.38,41.13,61506.0
6177,20261002,67.82,75.84,12.46,20143.0
6179,20261002,30.68,43.24,35.29,50086.0
6180,20261002,46.68,50.95,40.26,56737.0
6181,20261002,7.17,12.14,49.34,3938.0
6182,20261002,22.79,27.57,61.64,237643.0
6183,20261002,71.08,77.47,10.78,37005.0
6184,20261002,67.84,72.17,16.33,7791.0
6185,20261002,37.53,49.67,29.14,46741.0
6186,20261002,48.77,53.32,28.93,60192.0
6187,20261002,30.27,52.85,24.49,53527.0
6188,20261002,36.79,42.78,45.15,67792.0
6189,20261002,25.02,35.59,49.12,63392.0
6190,20261002,27.04,36.48,51.22,60327.0
6191,20261002,51.32,56.52,33.76,89980.0
6192,20261002,45.48,56.11,23.3,8344.0
6193,20261002,56.69,61.39,25.44,8864.0
6194,20261002,37.09,56.63,23.81,4808.0
6195,20261002,52.4,54.17,36.84,11045.0
6196,20261002,66.07,71.69,16.47,31959.0
6197,20261002,35.77,44.59,43.78,50590.0
6198,20261002,93.58,94.58,3.08,6470.0
6199,20261002,79.54,85.02,6.47,1796.0
6201,20261002,61.43,69.11,21.29,5951.0
6202,20261002,34.75,41.89,45.27,57137.0
6203,20261002,52.21,59.22,33.8,9996.0
6204,20261002,25.64,29.71,63.64,22781.0
6205,20261002,39.45,43.95,41.4,13639.0
6206,20261002,45.3,54.69,29.57,16047.0
6207,20261002,11.35,21.45,68.37,68122.0
6208,20261002,52.1,65.51,25.27,12051.0
6209,20261002,31.28,38.74,49.29,61284.0
6210,20261002,36.44,54.11,29.37,3060.0
6212,20261002,86.12,91.84,2.47,964.0
6213,20261002,58.63,66.48,21.58,69286.0
6214,20261002,63.67,70.05,21.27,46538.0
6215,20261002,26.4,32.27,56.51,56036.0
6216,20261002,29.95,38.82,45.58,32383.0
6217,20261002,16.16,24.18,64.54,85279.0
6218,20261002,40.1,50.82,31.02,26924.0
6219,20261002,67.29,70.15,16.76,5759.0
6220,20261002,53.48,63.38,19.16,34501.0
6221,20261002,72.32,74.36,15.98,32414.0
6222,20261002,84.51,90.07,4.64,1838.0
6223,20261002,37.1,49.83,22.9,83256.0
6224,20261002,29.24,40.7,38.13,41952.0
6225,20261002,35.44,53.25,13.92,6608.0
6226,20261002,23.86,30.85,52.61,53081.0
6227,20261002,67.6,72.26,19.37,7159.0
6228,20261002,78.04,82.46,11.52,1887.0
6229,20261002,32.94,35.23,42.33,30468.0
6230,20261002,87.81,87.81,10.14,7464.0
6231,20261002,25.33,32.9,47.98,25434.0
6232,20261002,13.47,18.79,51.13,36841.0
6233,20261002,18.74,28.6,54.91,61920.0
6234,20261002,51.29,54.76,35.61,30860.0
6235,20261002,35.52,40.51,46.16,61017.0
6236,20261002,87.98,92.73,3.92,913.0
6237,20261002,12.7,18.67,65.98,72448.0
6239,20261002,56.97,62.68,29.05,184818.0
6240,20261002,70.93,85.65,7.3,1024.0
6241,20261002,52.92,56.69,26.21,5956.0
6242,20261002,55.47,63.7,22.82,3101.0
6243,20261002,17.67,20.74,67.74,59552.0
6244,20261002,25.0,31.33,50.93,94681.0
6245,20261002,42.07,46.27,35.1,19119.0
6246,20261002,53.99,63.0,23.94,32784.0
6248,20261002,43.58,48.87,34.38,32380.0
6249,20261002,0.0,14.82,45.61,207.0
6250,20261002,67.95,70.88,16.65,1160.0
6252,20261002,0.0,40.34,23.41,30.0
6253,20261002,0.0,0.0,56.41,451.0
6254,20261002,36.43,49.51,12.66,518.0
6256,20261002,0.0,0.0,81.68,456.0
6257,20261002,42.69,52.93,33.45,112032.0
6258,20261002,0.0,0.0,99.98,33.0
6259,20261002,41.09,42.64,39.09,9517.0
6261,20261002,31.61,40.33,46.31,54771.0
6262,20261002,16.81,28.67,42.86,1343.0
6263,20261002,40.96,44.07,40.49,10964.0
6264,20261002,67.53,72.21,12.58,4110.0
6265,20261002,36.69,42.11,42.51,37293.0
6266,20261002,31.6,38.84,39.83,45739.0
6267,20261002,0.0,0.0,99.98,11.0
6268,20261002,0.0,0.0,100.0,3.0
6269,20261002,23.91,31.38,51.96,82994.0
6270,20261002,36.56,41.11,43.84,33672.0
6271,20261002,39.99,49.27,37.71,64523.0
6272,20261002,34.8,50.65,29.07,5242.0
6274,20261002,53.49,63.77,24.07,122001.0
6275,20261002,23.41,29.64,52.68,36588.0
6276,20261002,48.75,50.89,41.66,29921.0
6277,20261002,43.68,55.88,29.39,9885.0
6278,20261002,54.68,65.34,24.21,43111.0
6279,20261002,38.81,47.4,36.65,19865.0
6280,20261002,99.95,99.95,0.04,172.0
6281,20261002,43.58,55.85,30.42,10282.0
6282,20261002,36.44,40.27,48.34,162152.0
6283,20261002,57.38,63.2,24.58,15169.0
6284,20261002,45.49,49.02,40.08,53501.0
6285,20261002,57.06,63.34,26.99,89930.0
6287,20261002,93.08,94.0,4.0,4209.0
6289,20261002,0.0,0.0,67.62,10246.0
6290,20261002,30.12,40.6,46.45,58173.0
6291,20261002,62.85,62.85,23.35,11864.0
6292,20261002,39.72,47.92,37.59,6675.0
6293,20261002,0.0,0.0,99.99,12.0
6294,20261002,33.46,37.3,49.99,12163.0
6295,20261002,0.0,22.34,48.39,347.0
6296,20261002,0.0,0.0,41.67,13.0
6297,20261002,99.9,99.9,0.08,21.0
6299,20261002,98.35,98.35,1.26,123.0
6402,20261002,48.9,64.01,13.77,2012.0
6403,20261002,41.54,41.54,31.16,2578.0
6404,20261002,63.49,67.1,20.18,9030.0
6405,20261002,36.65,50.3,29.39,6985.0
6406,20261002,53.35,58.18,18.91,1072.0
6407,20261002,30.19,37.4,36.46,5754.0
6409,20261002,52.15,66.61,16.0,18251.0
6411,20261002,20.75,34.83,46.1,56111.0
6412,20261002,74.26,77.89,15.71,23842.0
6414,20261002,47.85,62.55,20.05,20570.0
6415,20261002,65.52,79.76,8.19,27149.0
6416,20261002,38.3,50.29,30.79,22390.0
6417,20261002,54.14,68.42,10.35,1596.0
6418,20261002,52.54,58.8,23.05,2316.0
6419,20261002,32.17,39.98,40.76,27050.0
6423,20261002,19.58,41.01,32.11,3207.0
6425,20261002,34.27,42.23,45.66,10212.0
6426,20261002,41.57,49.03,32.96,19187.0
6427,20261002,100.0,100.0,0.0,1.0
6428,20261002,89.36,91.64,4.87,964.0
6429,20261002,11.88,38.13,26.5,268.0
6431,20261002,65.33,70.81,12.16,17636.0
6432,20261002,20.28,34.71,54.07,35951.0
6434,20261002,83.75,85.18,10.19,8940.0
6435,20261002,48.4,52.76,35.25,10285.0
6436,20261002,98.56,98.56,0.71,17.0
6437,20261002,40.87,65.14,12.97,401.0
6438,20261002,23.13,35.27,46.71,45375.0
6441,20261002,41.86,45.19,41.26,35090.0
6442,20261002,36.67,55.18,29.91,71624.0
6443,20261002,12.15,14.55,73.4,160417.0
6446,20261002,41.6,56.18,23.32,76709.0
6449,20261002,60.87,69.52,19.21,32293.0
6451,20261002,59.68,64.8,27.89,33630.0
6452,20261002,30.51,39.23,42.62,11637.0
6453,20261002,0.0,0.0,73.29,620.0
6455,20261002,51.48,68.48,11.11,563.0
6456,20261002,54.41,57.74,30.74,31851.0
6458,20261002,63.74,65.25,17.03,2714.0
6461,20261002,53.76,60.6,21.13,8638.0
6462,20261002,21.3,31.51,53.17,46467.0
6464,20261002,79.89,86.36,4.39,2145.0
6465,20261002,55.17,63.43,18.53,3276.0
6467,20261002,21.86,29.23,42.86,6531.0
6468,20261002,98.55,98.55,1.42,162.0
6469,20261002,40.88,47.29,39.2,29591.0
6470,20261002,40.01,41.81,48.18,27279.0
6471,20261002,0.0,0.0,93.15,358.0
6472,20261002,45.42,56.36,32.42,30730.0
6473,20261002,64.65,78.03,7.71,9749.0
6474,20261002,44.6,67.25,12.2,1611.0
6475,20261002,56.66,73.13,13.53,928.0
6477,20261002,35.94,40.57,46.33,30807.0
6479,20261002,79.32,86.79,5.23,876.0
6481,20261002,91.6,96.01,1.46,107.0
6482,20261002,65.78,67.6,23.59,2039.0
6483,20261002,18.76,42.95,18.19,17171.0
6484,20261002,100.0,100.0,0.0,1.0
6485,20261002,19.44,29.59,51.31,40669.0
6486,20261002,40.55,43.21,41.05,30400.0
6488,20261002,74.14,79.74,11.91,109149.0
6489,20261002,36.92,62.98,9.38,278.0
6490,20261002,64.16,70.62,9.29,425.0
6491,20261002,52.27,65.13,18.61,8677.0
6492,20261002,33.06,39.9,38.25,47202.0
6493,20261002,80.37,80.37,10.3,1050.0
6494,20261002,5.22,16.92,55.17,38280.0
6495,20261002,43.12,52.59,22.38,12151.0
6496,20261002,62.53,65.96,25.69,10126.0
6497,20261002,96.46,97.19,2.38,1555.0
6498,20261002,54.77,67.54,19.92,6775.0
6499,20261002,36.12,41.54,31.94,7671.0
6502,20261002,90.96,90.96,1.33,134.0
6503,20261002,80.41,80.41,5.64,77.0
6504,20261002,64.58,70.77,19.45,5104.0
6505,20261002,95.76,96.24,2.6,84472.0
6506,20261002,43.98,61.54,18.67,4226.0
6508,20261002,61.06,63.36,30.53,14878.0
6509,20261002,29.14,37.24,44.2,55474.0
6510,20261002,42.49,52.46,22.2,22131.0
6511,20261002,57.36,72.03,10.0,642.0
6512,20261002,17.69,36.01,27.2,6609.0
6515,20261002,35.89,47.35,25.55,63786.0
6516,20261002,43.18,53.4,25.01,3679.0
6517,20261002,17.96,19.71,58.13,22212.0
6518,20261002,74.1,84.51,7.15,513.0
6523,20261002,61.69,63.08,30.27,6135.0
6525,20261002,59.72,67.6,20.71,13247.0
6526,20261002,77.22,81.41,10.73,17366.0
6527,20261002,34.52,45.71,21.28,2113.0
6529,20261002,41.45,71.81,11.28,399.0
6530,20261002,8.93,13.1,65.77,36901.0
6531,20261002,52.09,64.5,18.51,45419.0
6532,20261002,18.46,40.74,38.96,29442.0
6533,20261002,20.21,30.72,47.41,31945.0
6534,20261002,76.75,84.33,7.9,1910.0
6535,20261002,56.05,64.14,19.16,10855.0
6536,20261002,53.2,58.26,16.48,1104.0
6538,20261002,24.87,54.84,22.19,37399.0
6539,20261002,75.51,85.23,6.53,1008.0
6540,20261002,98.57,99.05,0.41,131.0
6541,20261002,65.81,70.52,16.8,12011.0
6542,20261002,77.61,84.72,7.44,884.0
6543,20261002,49.8,66.4,6.18,12298.0
6545,20261002,37.79,44.15,35.93,1238.0
6546,20261002,29.91,41.18,42.38,12464.0
6547,20261002,28.4,36.5,36.26,49645.0
6548,20261002,84.95,87.64,8.75,29511.0
6549,20261002,16.14,31.46,31.74,25437.0
6550,20261002,71.3,74.31,16.97,24938.0
6551,20261002,79.32,83.69,8.96,1188.0
6552,20261002,55.76,58.37,30.5,7604.0
6555,20261002,64.58,69.54,18.04,4495.0
6556,20261002,63.72,77.5,12.93,1406.0
6558,20261002,38.61,42.11,47.55,46748.0
6559,20261002,31.62,52.92,31.73,1876.0
6560,20261002,34.31,42.26,33.06,3340.0
6561,20261002,69.96,72.74,16.22,7224.0
6562,20261002,50.33,52.76,30.17,11455.0
6563,20261002,10.33,31.44,24.07,1173.0
6564,20261002,60.98,65.07,22.67,3658.0
6565,20261002,28.73,39.84,21.23,1184.0
6566,20261002,79.36,84.51,7.61,663.0
6567,20261002,80.22,88.54,4.29,630.0
6568,20261002,29.94,42.09,35.76,24722.0
6569,20261002,60.79,68.09,21.1,4137.0
6570,20261002,29.85,43.56,36.9,8020.0
6572,20261002,65.0,68.83,18.94,4285.0
6573,20261002,59.22,64.21,26.78,5822.0
6574,20261002,75.44,77.32,13.37,2900.0
6575,20261002,51.06,54.4,22.85,6887.0
6576,20261002,60.79,67.76,16.52,30164.0
6577,20261002,68.34,74.66,17.14,3723.0
6578,20261002,58.85,64.55,20.5,18689.0
6579,20261002,82.47,84.75,10.26,7662.0
6580,20261002,44.48,57.73,19.77,3871.0
6581,20261002,86.88,90.06,4.99,2291.0
6582,20261002,71.21,74.26,17.67,9160.0
6583,20261002,53.46,82.44,6.95,310.0
6584,20261002,62.69,74.16,18.05,14729.0
6585,20261002,72.28,75.85,15.76,4432.0
6586,20261002,56.1,62.27,20.23,29207.0
6587,20261002,100.0,100.0,0.0,1.0
6588,20261002,18.13,23.8,54.11,41661.0
6589,20261002,50.42,58.3,26.52,22457.0
6590,20261002,28.77,56.84,23.1,2310.0
6591,20261002,20.08,25.19,55.69,44583.0
6592,20261002,75.34,79.69,13.74,25369.0
6593,20261002,29.86,46.01,43.26,34825.0
6595,20261002,57.1,80.37,4.75,8936.0
6596,20261002,22.73,26.56,58.64,17151.0
6597,20261002,72.45,81.29,8.33,928.0
6598,20261002,37.26,52.48,23.77,36986.0
6599,20261002,71.03,76.44,7.25,300.0
6601,20261002,84.46,86.87,4.94,361.0
6602,20261002,0.0,0.0,95.63,404.0
6603,20261002,38.42,54.7,27.67,24701.0
6604,20261002,78.07,82.61,8.62,1124.0
6605,20261002,58.49,67.22,20.15,15591.0
6606,20261002,61.09,70.67,12.59,9538.0
6607,20261002,76.22,81.0,7.14,68.0
6608,20261002,93.72,96.78,2.6,313.0
6609,20261002,55.82,58.9,31.52,9389.0
6610,20261002,80.66,82.6,9.17,4040.0
6611,20261002,91.68,91.68,8.3,459.0
6612,20261002,48.6,65.69,17.53,2777.0
6613,20261002,55.52,59.45,28.54,10708.0
6614,20261002,73.62,74.2,17.1,3977.0
6615,20261002,35.88,51.51,36.12,5220.0
6616,20261002,53.92,62.17,20.03,1548.0
6617,20261002,59.79,67.62,18.66,7121.0
6618,20261002,15.35,28.45,37.34,34064.0
6620,20261002,49.99,62.1,20.41,20515.0
6621,20261002,23.52,36.95,35.44,32174.0
6622,20261002,53.38,65.49,10.82,915.0
6623,20261002,100.0,100.0,0.0,1.0
6624,20261002,58.86,74.36,11.29,851.0
6625,20261002,44.07,49.63,34.52,10486.0
6626,20261002,59.56,77.35,10.84,424.0
6627,20261002,65.81,77.55,4.79,267.0
6629,20261002,80.01,84.24,6.38,941.0
6633,20261002,95.66,95.66,4.32,1367.0
6634,20261002,51.22,66.14,16.55,2230.0
6635,20261002,100.0,100.0,0.0,1.0
6637,20261002,53.8,59.25,31.73,3331.0
6638,20261002,56.74,70.5,15.93,1127.0
6639,20261002,58.61,69.71,10.09,935.0
6640,20261002,63.77,66.96,22.86,13683.0
6641,20261002,49.83,60.25,19.23,1990.0
6642,20261002,46.24,57.91,20.18,3162.0
6643,20261002,33.27,37.13,48.6,22917.0
6645,20261002,26.16,43.84,28.95,6599.0
6648,20261002,54.02,68.03,16.14,9190.0
6649,20261002,35.26,53.56,19.0,18383.0
6650,20261002,61.87,80.17,5.86,485.0
6651,20261002,32.41,50.18,22.55,3447.0
6652,20261002,69.5,79.07,6.97,1689.0
6653,20261002,95.45,95.45,1.16,281.0
6654,20261002,71.17,79.25,8.13,3389.0
6655,20261002,76.46,86.14,3.98,981.0
6656,20261002,82.4,90.33,1.71,66.0
6657,20261002,21.76,35.43,33.71,15777.0
6658,20261002,35.05,46.28,32.97,10864.0
6659,20261002,70.77,80.87,7.21,1119.0
6660,20261002,81.53,92.35,1.61,87.0
6661,20261002,61.91,66.1,17.11,1285.0
6662,20261002,40.18,47.67,18.12,4662.0
6664,20261002,36.54,55.06,31.56,16967.0
6665,20261002,59.37,65.83,18.86,1824.0
6666,20261002,77.96,78.82,12.94,2171.0
6667,20261002,44.14,49.5,38.17,13518.0
6668,20261002,51.37,54.69,32.24,14615.0
6669,20261002,53.08,61.16,21.32,192710.0
6670,20261002,65.65,78.64,9.02,6032.0
6671,20261002,56.6,75.17,10.07,1378.0
6672,20261002,28.89,41.93,44.06,51208.0
6673,20261002,25.42,30.57,51.5,3075.0
6674,20261002,78.37,83.53,10.67,1888.0
6676,20261002,55.08,61.57,16.64,4336.0
6677,20261002,57.04,63.97,17.22,1917.0
6679,20261002,43.82,53.82,25.49,7140.0
6680,20261002,63.65,71.58,10.66,924.0
6681,20261002,0.0,0.0,100.0,7.0
6682,20261002,47.68,53.04,30.28,11152.0
6683,20261002,11.24,20.5,45.61,32771.0
6684,20261002,31.51,36.84,49.9,23719.0
6688,20261002,49.8,73.88,6.1,197.0
6689,20261002,33.92,48.36,38.82,10159.0
6690,20261002,59.71,59.71,31.38,5677.0
6691,20261002,58.09,69.78,16.23,17847.0
6692,20261002,61.93,71.77,13.19,2101.0
6693,20261002,31.39,41.61,32.74,8009.0
6695,20261002,45.54,51.23,32.98,22456.0
6696,20261002,51.82,62.89,15.03,31242.0
6697,20261002,61.11,66.8,25.72,2217.0
6698,20261002,31.06,38.33,40.55,35930.0
6699,20261002,75.24,85.49,4.23,762.0
6701,20261002,97.98,97.98,1.33,758.0
6702,20261002,75.46,79.73,8.7,11475.0
6703,20261002,38.78,51.23,36.59,23344.0
6704,20261002,32.36,44.82,22.83,3579.0
6705,20261002,54.99,73.6,9.28,648.0
6706,20261002,15.4,24.8,53.09,49086.0
6707,20261002,71.73,80.07,9.98,1480.0
6708,20261002,42.81,52.06,28.25,2507.0
6709,20261002,53.12,64.25,15.18,1952.0
6712,20261002,31.08,39.86,38.03,28832.0
6713,20261002,37.76,60.25,16.73,885.0
6715,20261002,65.37,76.81,11.2,5813.0
6716,20261002,22.18,34.15,28.79,3267.0
6717,20261002,56.28,75.04,9.57,427.0
6719,20261002,43.05,48.57,38.8,26601.0
6720,20261002,25.46,57.83,14.93,1367.0
6721,20261002,37.77,50.55,19.8,1640.0
6722,20261002,74.1,76.79,11.74,2557.0
6723,20261002,42.18,58.68,19.78,1225.0
6724,20261002,62.32,62.32,19.72,1841.0
6725,20261002,58.66,64.34,24.25,6365.0
6726,20261002,100.0,100.0,0.0,1.0
6727,20261002,3.77,24.16,42.37,41079.0
6728,20261002,59.01,63.32,22.69,2883.0
6729,20261002,31.19,47.9,22.11,1462.0
6730,20261002,60.56,74.33,9.41,988.0
6731,20261002,99.44,99.44,0.54,186.0
6732,20261002,46.31,49.4,39.68,9403.0
6733,20261002,40.25,48.72,28.58,7299.0
6734,20261002,46.05,59.52,20.45,2174.0
6735,20261002,35.59,48.58,28.22,5176.0
6736,20261002,93.39,93.39,3.5,850.0
6737,20261002,76.46,80.89,10.35,1366.0
6738,20261002,46.32,67.06,8.3,531.0
6739,20261002,48.11,57.35,28.51,11242.0
6741,20261002,57.96,69.57,17.73,6770.0
6742,20261002,25.94,35.03,42.92,41212.0
6743,20261002,58.42,65.27,21.54,8697.0
6744,20261002,52.96,65.84,10.66,415.0
6746,20261002,97.59,99.59,0.4,6.0
6748,20261002,26.68,35.11,36.2,6977.0
6749,20261002,100.0,100.0,0.0,1.0
6750,20261002,40.28,59.2,19.31,1836.0
6751,20261002,56.93,64.81,26.25,2396.0
6752,20261002,21.07,47.76,21.77,3688.0
6753,20261002,50.48,58.13,28.94,17144.0
6754,20261002,81.35,83.08,11.82,2197.0
6755,20261002,40.99,53.73,15.22,1231.0
6756,20261002,58.12,62.28,27.58,8272.0
6757,20261002,72.61,74.79,19.96,134415.0
6758,20261002,74.89,81.83,5.69,251.0
6760,20261002,100.0,100.0,0.0,1.0
6761,20261002,29.93,39.02,41.88,12902.0
6762,20261002,61.86,77.6,8.95,903.0
6763,20261002,57.3,61.51,30.69,18028.0
6764,20261002,98.27,98.27,1.38,255.0
6767,20261002,51.86,59.33,19.15,1467.0
6768,20261002,76.65,81.64,11.31,7104.0
6770,20261002,45.13,49.59,38.01,643810.0
6771,20261002,18.13,43.68,27.48,1745.0
6772,20261002,96.66,98.74,0.2,9.0
6775,20261002,56.44,62.66,16.84,4182.0
6776,20261002,61.35,66.7,24.08,7440.0
6778,20261002,100.0,100.0,0.0,1.0
6779,20261002,100.0,100.0,0.0,1.0
6780,20261002,53.41,83.48,4.61,236.0
6781,20261002,67.7,70.56,21.03,28673.0
6782,20261002,35.38,51.41,18.72,6248.0
6784,20261002,30.34,51.19,21.14,894.0
6785,20261002,54.46,60.89,20.04,4482.0
6786,20261002,0.0,9.05,59.55,17449.0
6787,20261002,9.88,24.71,43.82,19652.0
6788,20261002,14.25,21.87,57.57,27897.0
6789,20261002,68.22,72.09,20.06,53186.0
6790,20261002,75.34,78.58,13.86,11098.0
6791,20261002,56.02,74.26,17.54,1959.0
6792,20261002,48.08,53.89,28.56,3976.0
6793,20261002,22.4,39.12,30.05,23749.0
6794,20261002,67.11,78.48,7.34,1144.0
6796,20261002,33.96,47.42,27.34,3016.0
6797,20261002,29.99,48.85,37.0,26757.0
6798,20261002,55.68,73.4,5.4,5875.0
6799,20261002,21.07,33.13,48.11,30153.0
6803,20261002,54.28,56.35,36.74,14712.0
6804,20261002,46.95,64.61,16.66,2163.0
6805,20261002,51.25,64.23,13.79,16584.0
6806,20261002,58.45,60.24,30.77,30963.0
6807,20261002,73.55,81.41,7.4,970.0
6808,20261002,44.24,54.33,17.3,2200.0
6810,20261002,21.39,35.37,28.07,25176.0
6811,20261002,61.92,66.54,22.28,5410.0
6812,20261002,26.29,40.99,33.02,7394.0
6813,20261002,48.86,62.5,17.21,633.0
6814,20261002,73.55,82.89,7.27,734.0
6815,20261002,49.84,67.19,13.87,8305.0
6816,20261002,61.98,70.99,13.68,430.0
6817,20261002,54.89,54.89,26.15,1096.0
6818,20261002,55.93,66.52,19.58,1367.0
6819,20261002,40.74,55.55,17.69,1255.0
6820,20261002,71.71,71.71,15.52,1575.0
6821,20261002,39.48,51.7,30.19,3865.0
6822,20261002,100.0,100.0,0.0,1.0
6823,20261002,54.97,58.89,23.18,2494.0
6824,20261002,100.0,100.0,0.0,1.0
6825,20261002,66.71,75.64,7.44,653.0
6826,20261002,66.71,74.73,14.95,7012.0
6827,20261002,48.94,61.8,12.83,1551.0
6829,20261002,63.0,66.11,25.44,11657.0
6830,20261002,16.3,29.19,48.04,26510.0
6831,20261002,36.33,57.54,20.15,12376.0
6832,20261002,82.84,86.13,8.16,3572.0
6833,20261002,79.3,85.79,7.92,902.0
6834,20261002,48.27,61.99,24.03,10517.0
6835,20261002,68.84,78.76,11.02,2098.0
6837,20261002,41.11,59.15,16.33,1001.0
6838,20261002,54.11,61.73,19.89,6724.0
6839,20261002,74.4,80.71,4.87,892.0
6840,20261002,37.26,55.24,21.43,1999.0
6841,20261002,37.27,47.81,37.18,11952.0
6842,20261002,31.72,39.32,33.43,2214.0
6843,20261002,55.9,76.75,14.52,1217.0
6844,20261002,55.96,63.45,17.0,3358.0
6846,20261002,64.19,66.78,17.84,1462.0
6847,20261002,19.67,55.89,21.49,645.0
6848,20261002,29.84,52.95,17.31,520.0
6849,20261002,37.37,47.94,31.6,6152.0
6850,20261002,41.06,60.74,12.98,919.0
6851,20261002,100.0,100.0,0.0,1.0
6854,20261002,54.65,65.06,18.92,6109.0
6855,20261002,41.79,61.33,12.59,1986.0
6856,20261002,74.37,83.73,8.89,939.0
6857,20261002,94.62,94.62,2.71,417.0
6858,20261002,82.2,89.89,5.27,331.0
6859,20261002,55.88,64.47,16.65,2479.0
6861,20261002,48.55,48.55,35.97,14637.0
6862,20261002,68.92,69.87,22.16,6281.0
6863,20261002,72.27,75.44,15.45,4465.0
6864,20261002,12.23,37.12,24.55,4229.0
6865,20261002,36.45,50.87,26.41,1381.0
6866,20261002,99.73,99.73,0.0,2.0
6867,20261002,78.62,86.5,7.41,808.0
6868,20261002,27.27,55.37,9.65,488.0
6869,20261002,46.04,55.2,32.49,20392.0
6870,20261002,59.7,73.36,11.51,2406.0
6872,20261002,42.8,57.48,21.26,2916.0
6873,20261002,54.02,61.66,24.14,11541.0
6874,20261002,39.58,53.59,29.1,2882.0
6875,20261002,51.56,60.81,19.28,4836.0
6876,20261002,16.73,31.68,26.06,20242.0
6877,20261002,58.78,74.11,13.2,3145.0
6878,20261002,84.69,88.93,5.65,1102.0
6879,20261002,80.25,89.17,3.39,347.0
6881,20261002,49.96,57.92,12.05,950.0
6882,20261002,31.51,59.33,18.32,808.0
6883,20261002,80.38,87.72,4.25,689.0
6884,20261002,69.21,73.01,16.3,1313.0
6885,20261002,23.31,35.32,34.41,22474.0
6886,20261002,86.31,90.93,3.69,14385.0
6887,20261002,82.02,91.81,3.81,852.0
6890,20261002,91.98,92.25,5.46,7462.0
6891,20261002,73.63,76.9,13.35,5701.0
6892,20261002,36.89,56.76,15.66,2588.0
6894,20261002,55.01,60.92,16.93,2715.0
6895,20261002,50.99,61.06,21.75,2869.0
6897,20261002,100.0,100.0,0.0,1.0
6898,20261002,45.84,59.19,18.2,1559.0
6899,20261002,61.26,80.02,12.04,1955.0
6901,20261002,80.19,82.34,10.89,23802.0
6902,20261002,56.25,67.22,12.71,7414.0
6903,20261002,65.51,68.08,22.29,9684.0
6904,20261002,64.36,79.9,5.27,594.0
6905,20261002,100.0,100.0,0.0,2.0
6906,20261002,47.84,57.94,27.15,3350.0
6907,20261002,62.26,64.48,23.07,7270.0
6908,20261002,76.47,77.84,16.44,2112.0
6909,20261002,20.81,38.26,37.53,12747.0
6910,20261002,49.59,57.09,20.69,1591.0
6911,20261002,44.33,61.88,14.99,930.0
6912,20261002,73.09,79.59,7.55,2025.0
6913,20261002,42.24,55.12,19.84,4257.0
6914,20261002,67.97,72.9,14.94,4742.0
6915,20261002,84.8,88.44,8.85,1114.0
6916,20261002,72.7,79.03,10.84,2065.0
6917,20261002,26.62,42.72,26.2,2590.0
6918,20261002,27.67,48.97,22.47,2014.0
6919,20261002,66.39,72.68,15.23,67135.0
6920,20261002,56.61,63.04,21.87,11966.0
6921,20261002,75.17,78.02,12.21,880.0
6922,20261002,56.65,62.87,17.77,2845.0
6923,20261002,55.34,69.79,13.8,3451.0
6924,20261002,73.08,82.21,7.59,579.0
6925,20261002,41.69,58.02,32.86,3382.0
6926,20261002,60.92,80.76,5.82,686.0
6927,20261002,52.74,67.9,14.98,1306.0
6928,20261002,76.07,79.69,14.31,4292.0
6929,20261002,86.91,89.6,7.82,1530.0
6930,20261002,100.0,100.0,0.0,1.0
6931,20261002,49.74,70.67,13.74,3365.0
6932,20261002,74.48,80.48,8.59,5234.0
6933,20261002,59.8,62.1,21.33,5612.0
6934,20261002,57.46,64.74,15.6,1557.0
6935,20261002,72.81,82.34,6.6,575.0
6936,20261002,64.77,76.2,14.23,3765.0
6937,20261002,54.06,63.63,20.73,8202.0
6938,20261002,54.14,67.01,11.76,676.0
6939,20261002,56.07,63.07,11.2,658.0
6940,20261002,39.64,54.17,18.66,9242.0
6942,20261002,100.0,100.0,0.0,1.0
6943,20261002,100.0,100.0,0.0,1.0
6944,20261002,36.3,56.1,20.19,17015.0
6945,20261002,53.75,63.51,19.64,5256.0
6946,20261002,90.81,93.88,2.71,1892.0
6947,20261002,59.44,70.34,16.6,5600.0
6949,20261002,89.36,92.84,2.75,8697.0
6950,20261002,89.65,95.73,1.38,449.0
6951,20261002,63.9,66.23,19.68,4521.0
6952,20261002,80.0,86.93,8.49,2408.0
6953,20261002,56.2,63.56,19.09,3055.0
6954,20261002,100.0,100.0,0.0,1.0
6955,20261002,49.64,63.36,7.05,528.0
6957,20261002,53.27,72.03,9.95,2137.0
6958,20261002,93.51,94.15,3.12,3461.0
6959,20261002,33.17,40.77,29.79,4017.0
6961,20261002,33.34,44.48,30.26,3750.0
6962,20261002,45.82,52.15,29.07,32511.0
6963,20261002,85.28,87.88,3.42,212.0
6965,20261002,91.1,92.58,3.96,2326.0
6967,20261002,39.25,65.44,18.59,1669.0
6968,20261002,44.12,59.06,21.85,3503.0
6969,20261002,40.67,53.41,20.09,1764.0
6971,20261002,61.37,73.78,16.37,1616.0
6972,20261002,63.73,83.82,5.07,355.0
6973,20261002,41.45,67.83,10.64,890.0
6976,20261002,73.82,80.54,8.14,5964.0
6977,20261002,15.91,44.77,26.24,1905.0
6978,20261002,98.31,98.31,1.31,35.0
6979,20261002,39.6,59.53,11.09,441.0
6980,20261002,72.36,77.13,16.38,2329.0
6982,20261002,53.65,64.09,21.61,2749.0
6983,20261002,16.01,43.49,26.44,3278.0
6984,20261002,27.71,56.57,9.28,341.0
6985,20261002,100.0,100.0,0.0,1.0
6986,20261002,36.71,50.11,17.16,1908.0
6987,20261002,87.1,90.7,2.93,1098.0
6988,20261002,64.94,77.55,6.63,473.0
6990,20261002,75.85,81.86,14.9,5581.0
6991,20261002,100.0,100.0,0.0,1.0
6992,20261002,43.34,72.88,5.99,459.0
6993,20261002,100.0,100.0,0.0,1.0
6994,20261002,37.08,45.26,35.58,6800.0
6995,20261002,28.93,45.64,17.96,3706.0
6996,20261002,55.68,60.26,17.89,2457.0
6997,20261002,77.74,82.26,9.2,751.0
6999,20261002,57.3,77.33,4.82,258.0
7402,20261002,26.96,34.35,46.39,21109.0
7415,20261002,31.85,61.63,12.61,2715.0
7418,20261002,85.31,96.13,0.57,260.0
7419,20261002,39.37,49.3,34.07,4687.0
7421,20261002,0.0,0.0,69.71,537.0
7422,20261002,78.47,82.47,8.12,237.0
7426,20261002,100.0,100.0,0.0,1.0
7427,20261002,19.64,30.97,43.05,5202.0
7443,20261002,73.22,82.47,6.28,346.0
7452,20261002,87.89,87.89,9.29,109.0
7455,20261002,73.87,82.75,5.53,266.0
7507,20261002,70.2,78.24,6.61,1111.0
7516,20261002,14.79,36.61,40.59,24243.0
7530,20261002,45.99,53.87,29.52,3369.0
7547,20261002,66.12,73.11,18.26,2160.0
7551,20261002,42.93,56.65,13.71,439.0
7555,20261002,88.22,89.52,4.82,417.0
7556,20261002,54.58,64.38,20.27,2628.0
7558,20261002,22.46,52.32,17.51,810.0
7561,20261002,55.15,60.63,10.36,734.0
7562,20261002,63.05,76.41,6.86,283.0
7566,20261002,55.03,66.94,12.57,7902.0
7570,20261002,100.0,100.0,0.0,1.0
7575,20261002,32.69,53.15,12.02,558.0
7578,20261002,44.44,64.57,15.18,1755.0
7583,20261002,72.97,88.29,7.11,456.0
7584,20261002,51.83,71.29,17.02,971.0
7590,20261002,77.3,81.99,10.17,2506.0
7595,20261002,45.91,72.12,8.68,827.0
7607,20261002,62.37,71.97,7.77,676.0
7610,20261002,37.06,49.46,34.8,22801.0
7631,20261002,52.58,70.63,17.07,1286.0
7642,20261002,78.35,80.03,15.04,2061.0
7660,20261002,100.0,100.0,0.0,1.0
7669,20261002,4.94,32.8,27.21,3657.0
7686,20261002,86.01,87.89,4.95,1869.0
7689,20261002,81.71,84.52,11.32,7712.0
7702,20261002,87.94,92.72,2.15,353.0
7703,20261002,46.66,59.17,26.45,4290.0
7704,20261002,42.11,59.62,16.56,1611.0
7705,20261002,61.81,68.85,20.81,13886.0
7706,20261002,91.29,91.29,4.75,239.0
7707,20261002,39.79,46.42,23.16,3284.0
7708,20261002,61.96,63.6,21.9,3029.0
7709,20261002,77.39,79.43,14.39,2665.0
7710,20261002,96.46,97.35,1.47,600.0
7711,20261002,52.68,61.81,21.03,9449.0
7712,20261002,35.55,54.86,23.74,4277.0
7713,20261002,78.28,84.76,4.92,766.0
7714,20261002,47.95,66.63,25.0,2913.0
7715,20261002,39.6,55.89,23.66,2119.0
7716,20261002,66.14,82.6,8.02,546.0
7717,20261002,35.38,51.01,31.32,9960.0
7718,20261002,65.84,78.15,9.37,1029.0
7719,20261002,11.32,21.87,53.0,16182.0
7720,20261002,100.0,100.0,0.0,1.0
7721,20261002,52.74,60.74,19.0,3458.0
7722,20261002,83.63,84.98,13.35,20506.0
7723,20261002,47.21,56.43,26.97,4393.0
7724,20261002,70.95,84.36,4.52,298.0
7725,20261002,79.67,84.26,3.85,296.0
7726,20261002,80.37,87.24,3.95,181.0
7728,20261002,45.73,57.12,28.21,3526.0
7729,20261002,44.3,57.71,19.99,17550.0
7730,20261002,60.66,69.61,10.68,1182.0
7731,20261002,67.38,71.89,13.09,8974.0
7732,20261002,82.88,88.81,4.92,878.0
7734,20261002,67.31,71.73,15.93,13828.0
7735,20261002,87.5,92.93,3.59,2768.0
7736,20261002,76.73,84.82,7.61,1566.0
7737,20261002,56.78,77.82,6.27,371.0
7738,20261002,32.17,57.7,14.2,1651.0
7740,20261002,53.43,64.74,17.82,2862.0
7742,20261002,65.0,68.98,24.6,7211.0
7743,20261002,57.39,74.67,8.8,913.0
7744,20261002,61.81,75.49,10.47,2380.0
7745,20261002,56.71,71.13,16.42,544.0
7746,20261002,92.41,95.51,1.11,27.0
7747,20261002,75.63,79.95,5.06,948.0
7748,20261002,50.07,68.37,5.47,209.0
7749,20261002,28.12,45.63,26.45,8065.0
7750,20261002,61.59,75.15,10.26,11466.0
7751,20261002,36.95,46.65,19.77,10370.0
7752,20261002,81.96,86.14,5.28,2194.0
7753,20261002,65.34,74.15,15.33,2364.0
7754,20261002,56.11,69.58,10.42,1886.0
7756,20261002,59.42,70.79,3.48,260.0
7757,20261002,40.99,59.29,20.56,2619.0
7758,20261002,80.08,83.37,5.59,380.0
7759,20261002,71.78,80.38,8.06,1118.0
7760,20261002,47.84,64.59,8.85,1475.0
7761,20261002,34.25,47.88,19.45,1431.0
7762,20261002,39.54,55.34,13.64,1427.0
7763,20261002,76.51,82.08,9.64,3000.0
7764,20261002,68.89,81.43,8.45,782.0
7765,20261002,56.68,59.34,22.89,6141.0
7767,20261002,55.77,71.68,12.94,1078.0
7768,20261002,55.54,64.47,17.11,6641.0
7769,20261002,57.14,66.42,13.32,72760.0
7770,20261002,62.44,74.26,10.36,1082.0
7771,20261002,75.7,80.09,6.76,520.0
7772,20261002,52.82,56.38,30.68,5122.0
7773,20261002,42.82,57.67,15.35,985.0
7775,20261002,100.0,100.0,0.0,1.0
7776,20261002,63.72,74.41,11.63,1086.0
7777,20261002,59.5,63.69,26.18,17937.0
7779,20261002,56.73,66.95,6.92,368.0
7780,20261002,73.53,75.49,18.36,43145.0
7781,20261002,68.89,72.85,14.47,17661.0
7782,20261002,65.8,76.06,13.67,1106.0
7783,20261002,89.53,91.82,3.65,1182.0
7784,20261002,81.98,87.26,5.55,1518.0
7785,20261002,72.06,85.55,3.36,227.0
7786,20261002,77.88,82.58,11.44,6355.0
7788,20261002,55.47,67.91,14.94,8768.0
7789,20261002,42.63,71.34,2.63,179.0
7790,20261002,32.02,70.29,8.95,397.0
7791,20261002,70.07,80.08,12.12,4637.0
7792,20261002,61.93,72.17,14.45,3866.0
7793,20261002,100.0,100.0,0.0,1.0
7794,20261002,71.58,81.49,12.18,1240.0
7795,20261002,64.99,70.01,15.13,17042.0
7796,20261002,45.34,56.75,29.13,2378.0
7797,20261002,62.68,79.32,10.94,692.0
7798,20261002,88.62,94.82,1.35,783.0
7799,20261002,69.67,79.43,12.57,12032.0
7801,20261002,66.58,69.64,20.2,1269.0
7803,20261002,70.37,79.35,11.6,2087.0
7805,20261002,68.01,73.11,18.7,4693.0
7806,20261002,58.4,77.27,5.68,373.0
7808,20261002,76.94,77.96,10.89,1092.0
7810,20261002,36.34,46.8,27.98,3157.0
7811,20261002,65.17,73.43,9.75,1234.0
7812,20261002,49.95,58.28,21.2,3082.0
7813,20261002,27.14,42.31,27.88,1813.0
7814,20261002,71.66,77.65,13.31,1552.0
7815,20261002,50.32,61.6,22.18,4195.0
7816,20261002,71.85,79.42,12.1,1121.0
7817,20261002,100.0,100.0,0.0,1.0
7818,20261002,89.0,90.14,5.91,3867.0
7819,20261002,55.4,59.14,28.81,2635.0
7820,20261002,66.04,76.96,12.8,1901.0
7821,20261002,72.04,78.41,14.19,9907.0
7822,20261002,63.73,68.19,22.79,16723.0
7823,20261002,62.25,72.5,10.44,1007.0
7824,20261002,67.25,79.93,4.52,384.0
7825,20261002,24.81,40.28,40.07,4100.0
7826,20261002,60.74,84.38,3.55,125.0
7827,20261002,74.16,79.22,9.27,2687.0
7828,20261002,53.44,64.79,21.23,14782.0
7829,20261002,70.7,82.76,6.11,1099.0
7830,20261002,100.0,100.0,0.0,1.0
7831,20261002,56.06,74.55,1.51,71.0
7832,20261002,87.63,92.78,2.84,2242.0
7833,20261002,57.17,73.57,5.72,573.0
7834,20261002,61.04,75.03,7.35,259.0
7835,20261002,55.34,69.44,6.4,583.0
7836,20261002,61.33,70.88,5.58,588.0
7837,20261002,67.76,74.89,7.06,333.0
7839,20261002,55.95,72.5,8.56,483.0
7840,20261002,76.24,89.52,2.22,227.0
7841,20261002,66.58,77.78,6.03,357.0
7842,20261002,62.3,69.18,18.56,1601.0
7843,20261002,61.47,67.64,10.64,1076.0
7844,20261002,100.0,100.0,0.0,1.0
7846,20261002,75.12,83.98,6.53,709.0
7847,20261002,43.49,63.09,10.16,544.0
7848,20261002,51.35,72.79,10.02,1461.0
7849,20261002,95.78,95.78,1.82,171.0
7850,20261002,53.59,70.45,10.12,1605.0
7851,20261002,73.9,82.59,4.99,559.0
7853,20261002,19.13,28.46,51.38,14138.0
7854,20261002,79.77,89.32,6.8,836.0
7855,20261002,73.49,76.21,16.5,13773.0
7856,20261002,50.3,61.49,23.35,14140.0
7857,20261002,75.85,83.43,4.91,622.0
7858,20261002,30.41,48.47,25.77,4087.0
7859,20261002,100.0,100.0,0.0,1.0
7860,20261002,89.37,94.64,3.07,146.0
7861,20261002,66.9,77.21,9.14,4169.0
7862,20261002,84.22,87.05,4.4,601.0
7863,20261002,96.02,98.41,0.62,119.0
7864,20261002,100.0,100.0,0.0,3.0
7865,20261002,35.32,61.89,14.29,874.0
7866,20261002,45.71,61.34,19.5,4809.0
7867,20261002,83.91,95.11,2.38,705.0
7868,20261002,40.21,57.39,19.64,1084.0
7869,20261002,86.19,88.57,3.17,454.0
7870,20261002,49.15,76.06,5.49,2426.0
7871,20261002,47.48,53.93,24.35,6756.0
7872,20261002,61.32,65.06,14.6,1197.0
7873,20261002,76.0,85.07,6.26,3137.0
7875,20261002,96.46,96.46,2.23,338.0
7876,20261002,74.63,82.02,7.96,1605.0
7877,20261002,57.48,71.95,5.42,386.0
7878,20261002,27.55,47.22,18.15,3569.0
7879,20261002,49.63,62.07,17.26,3176.0
7880,20261002,34.52,66.45,14.82,1412.0
7881,20261002,82.2,84.07,6.46,416.0
7882,20261002,78.48,83.48,6.0,2210.0
7883,20261002,58.52,71.28,9.0,2096.0
7884,20261002,100.0,100.0,0.0,1.0
7885,20261002,57.39,76.53,7.28,459.0
7886,20261002,43.06,65.2,14.48,1575.0
7887,20261002,28.9,42.87,33.83,13932.0
7888,20261002,61.9,80.95,3.31,554.0
7889,20261002,45.61,83.86,4.35,201.0
7890,20261002,65.96,86.06,5.91,415.0
7891,20261002,53.58,56.47,8.33,188.0
7892,20261002,62.98,75.0,12.85,5962.0
7893,20261002,80.01,86.16,7.87,1361.0
7894,20261002,38.97,54.27,9.68,960.0
7895,20261002,65.58,73.04,7.05,13097.0
7896,20261002,80.81,86.61,3.63,618.0
7897,20261002,98.36,98.36,0.31,204.0
7898,20261002,63.78,68.98,13.33,3179.0
7899,20261002,11.32,42.22,35.36,8581.0
7901,20261002,75.04,84.19,7.8,2235.0
7902,20261002,85.66,89.32,4.8,1725.0
7904,20261002,85.92,92.51,3.24,97.0
7906,20261002,100.0,100.0,0.0,1.0
7907,20261002,65.45,75.29,5.83,2186.0
7909,20261002,77.56,83.29,7.81,4744.0
7911,20261002,48.27,62.71,15.12,1893.0
7912,20261002,72.28,79.29,8.99,2219.0
7913,20261002,86.34,90.25,5.77,1214.0
7914,20261002,93.6,94.68,0.98,94.0
7915,20261002,70.58,85.86,3.93,1838.0
7916,20261002,100.0,100.0,0.0,1.0
7917,20261002,70.04,80.07,8.48,2178.0
7918,20261002,75.61,78.28,13.5,14888.0
7919,20261002,42.07,50.06,18.71,605.0
7920,20261002,79.16,88.58,4.22,3615.0
7921,20261002,75.89,83.95,5.56,821.0
7922,20261002,94.08,95.56,1.7,514.0
7924,20261002,74.05,80.99,6.93,2208.0
7925,20261002,72.24,89.59,3.0,368.0
7926,20261002,59.45,69.66,12.98,1542.0
7927,20261002,41.74,70.12,4.92,551.0
7928,20261002,55.9,72.06,9.15,2558.0
7929,20261002,61.82,76.19,9.11,1021.0
7930,20261002,58.84,67.76,13.47,2094.0
7931,20261002,84.9,96.19,0.71,158.0
7932,20261002,40.15,58.76,13.81,3197.0
7933,20261002,72.02,86.62,1.42,114.0
7934,20261002,26.81,53.94,17.75,2319.0
7935,20261002,63.62,82.84,2.62,207.0
7936,20261002,63.93,67.61,12.25,705.0
7939,20261002,71.08,74.62,11.19,464.0
7942,20261002,77.24,81.0,8.77,2877.0
7943,20261002,57.02,73.48,6.52,565.0
7944,20261002,72.44,85.72,3.46,236.0
7945,20261002,58.3,71.77,10.81,330.0
7947,20261002,74.43,81.46,6.26,1458.0
7949,20261002,97.39,97.39,1.51,336.0
7950,20261002,75.92,83.67,7.36,250.0
7951,20261002,100.0,100.0,0.0,1.0
7952,20261002,100.0,100.0,0.0,1.0
7955,20261002,95.23,99.99,0.0,2.0
8002,20261002,0.0,0.0,78.09,250.0
8009,20261002,0.0,0.0,58.49,626.0
8010,20261002,20.25,46.01,21.77,385.0
8011,20261002,24.29,30.91,51.38,60646.0
8012,20261002,93.02,93.02,5.54,478.0
8014,20261002,37.88,37.88,29.79,591.0
8015,20261002,0.0,29.54,21.55,111.0
8016,20261002,29.26,44.84,30.01,35749.0
8018,20261002,0.0,21.62,15.78,75.0
8019,20261002,90.33,93.81,2.21,98.0
8020,20261002,32.36,59.32,8.31,109.0
8021,20261002,38.26,49.03,38.39,82377.0
8022,20261002,70.18,70.18,6.36,57.0
8023,20261002,0.0,0.0,54.15,35.0
8024,20261002,18.86,29.88,46.42,22505.0
8026,20261002,0.0,0.0,99.98,61.0
8027,20261002,17.01,28.03,53.53,65138.0
8028,20261002,35.89,46.46,40.01,74295.0
8029,20261002,62.69,75.2,6.97,648.0
8030,20261002,0.0,0.0,99.99,16.0
8031,20261002,25.57,25.57,26.61,121.0
8032,20261002,74.21,75.96,18.54,23326.0
8033,20261002,17.79,26.62,58.48,78807.0
8034,20261002,8.72,18.53,53.07,21966.0
8035,20261002,17.91,44.2,26.63,213.0
8036,20261002,20.62,20.62,33.25,532.0
8037,20261002,0.0,0.0,22.11,23.0
8038,20261002,15.02,21.23,61.42,40027.0
8039,20261002,50.72,57.81,30.92,86296.0
8040,20261002,44.68,49.36,36.28,33176.0
8042,20261002,57.38,64.32,30.98,44685.0
8043,20261002,37.54,39.98,53.08,37220.0
8044,20261002,56.07,60.81,25.59,27389.0
8045,20261002,55.75,66.0,16.02,4261.0
8046,20261002,80.6,85.35,8.0,88839.0
8047,20261002,75.49,83.31,7.57,1258.0
8048,20261002,28.16,40.19,39.43,35232.0
8049,20261002,27.21,33.77,50.67,39252.0
8050,20261002,36.19,44.04,42.12,56630.0
8051,20261002,0.0,0.0,100.0,1.0
8052,20261002,0.0,0.0,99.98,11.0
8053,20261002,80.37,85.44,5.98,3692.0
8054,20261002,28.49,34.58,49.33,52283.0
8055,20261002,0.0,0.0,37.74,44.0
8056,20261002,53.99,60.66,18.07,11791.0
8057,20261002,67.07,67.07,11.11,84.0
8058,20261002,50.06,67.39,14.52,2603.0
8059,20261002,67.57,71.56,20.14,7494.0
8060,20261002,34.07,49.68,27.58,272.0
8061,20261002,0.0,25.89,27.95,42.0
8062,20261002,0.0,0.0,99.99,11.0
8064,20261002,40.95,48.94,41.85,80239.0
8065,20261002,0.0,37.58,30.69,928.0
8066,20261002,20.04,38.07,47.54,38059.0
8067,20261002,56.73,81.35,12.78,6987.0
8068,20261002,58.62,61.87,28.25,8325.0
8069,20261002,65.86,73.86,15.88,107157.0
8070,20261002,69.88,73.88,18.64,36232.0
8071,20261002,22.86,33.03,50.78,34977.0
8072,20261002,57.87,60.25,30.83,12868.0
8073,20261002,0.0,0.0,99.99,10.0
8074,20261002,29.46,38.58,46.54,45438.0
8076,20261002,25.66,34.15,44.11,89245.0
8077,20261002,76.8,82.07,6.71,1063.0
8080,20261002,82.53,84.74,9.66,14331.0
8081,20261002,23.72,38.35,37.97,21648.0
8082,20261002,62.9,71.71,11.74,4212.0
8083,20261002,44.1,51.87,20.26,2711.0
8084,20261002,45.03,55.17,23.69,4639.0
8085,20261002,30.13,41.49,36.93,35913.0
8086,20261002,38.66,45.2,44.4,76935.0
8087,20261002,40.85,57.19,21.34,9830.0
8088,20261002,14.82,17.16,72.45,54104.0
8089,20261002,37.95,40.86,40.77,27184.0
8091,20261002,31.8,46.41,32.84,18792.0
8092,20261002,41.11,60.87,24.93,20458.0
8093,20261002,64.0,67.55,17.1,3215.0
8094,20261002,11.96,43.02,13.06,337.0
8095,20261002,18.1,51.29,15.89,123.0
8096,20261002,34.19,39.56,47.67,85259.0
8097,20261002,60.1,72.59,14.47,13323.0
8098,20261002,33.04,56.7,21.96,1621.0
8099,20261002,76.62,81.69,11.17,29213.0
8101,20261002,80.45,81.4,11.87,18401.0
8102,20261002,24.43,38.9,16.63,1146.0
8103,20261002,31.04,46.23,36.88,20567.0
8104,20261002,30.38,34.33,49.61,45011.0
8105,20261002,60.23,63.26,25.91,36474.0
8106,20261002,27.88,60.82,11.91,68.0
8107,20261002,44.42,53.95,31.01,31791.0
8108,20261002,0.0,0.0,99.99,13.0
8109,20261002,34.87,53.95,25.94,6949.0
8110,20261002,45.31,48.61,44.13,83379.0
8111,20261002,26.16,36.78,48.86,59641.0
8112,20261002,31.37,35.17,49.49,118064.0
8114,20261002,32.36,47.03,30.37,11795.0
8115,20261002,78.23,86.41,6.08,842.0
8119,20261002,27.57,46.71,26.05,33051.0
8121,20261002,53.31,60.24,25.78,30977.0
8122,20261002,92.23,93.1,2.45,1616.0
8127,20261002,0.0,7.67,41.26,242.0
8130,20261002,59.07,70.92,5.61,297.0
8131,20261002,68.35,70.73,22.03,33171.0
8143,20261002,0.0,0.0,35.49,24.0
8147,20261002,32.52,45.97,28.04,5206.0
8150,20261002,64.1,70.52,22.89,122014.0
8152,20261002,100.0,100.0,0.0,1.0
8155,20261002,35.58,43.37,41.71,17353.0
8157,20261002,73.65,78.63,13.14,662.0
8162,20261002,61.83,74.63,13.72,2675.0
8163,20261002,39.68,45.11,40.97,74681.0
8171,20261002,52.26,61.08,25.05,44604.0
8172,20261002,0.0,0.0,69.94,258.0
8176,20261002,22.21,33.34,40.39,35233.0
8182,20261002,63.78,67.6,25.39,10808.0
8197,20261002,83.38,84.91,6.29,637.0
8201,20261002,47.64,59.01,28.99,12228.0
8204,20261002,0.0,0.0,99.99,4.0
8210,20261002,56.11,63.39,27.58,46429.0
8213,20261002,39.96,50.57,31.86,68523.0
8215,20261002,50.72,53.42,34.65,67892.0
8218,20261002,0.0,0.0,41.62,105.0
8219,20261002,0.0,0.0,99.99,3.0
8221,20261002,0.0,0.0,99.99,2.0
8222,20261002,31.52,36.16,49.51,39565.0
8225,20261002,73.02,79.65,9.09,380.0
8227,20261002,22.06,38.18,43.8,28816.0
8234,20261002,46.66,54.25,32.64,16560.0
8240,20261002,48.06,54.11,33.09,38062.0
8249,20261002,53.5,57.48,33.72,35541.0
8255,20261002,46.76,51.18,35.62,25203.0
8259,20261002,0.0,0.0,71.94,17.0
8261,20261002,39.23,43.88,46.66,74508.0
8264,20261002,0.0,0.0,72.08,496.0
8271,20261002,35.26,40.63,47.43,66525.0
8272,20261002,25.15,38.04,19.3,1645.0
8276,20261002,0.0,21.96,41.36,124.0
8277,20261002,16.48,16.48,62.81,12599.0
8279,20261002,52.51,60.23,18.62,2132.0
8281,20261002,34.88,44.49,8.43,415.0
8284,20261002,48.12,64.4,13.3,2289.0
8286,20261002,0.0,0.0,99.98,157.0
8287,20261002,70.24,70.24,25.73,11818.0
8289,20261002,33.76,43.4,36.45,30165.0
8291,20261002,71.89,71.89,20.47,1843.0
8297,20261002,92.95,92.95,3.99,174.0
8298,20261002,81.42,81.42,5.39,381.0
8299,20261002,28.55,39.21,43.87,201952.0
8307,20261002,97.93,99.42,0.23,37.0
8325,20261002,0.0,0.0,87.48,204.0
8329,20261002,87.4,91.01,5.11,3154.0
8341,20261002,46.65,49.01,37.68,18682.0
8342,20261002,66.31,72.33,10.68,1092.0
8345,20261002,73.22,83.43,4.33,811.0
8349,20261002,67.46,71.46,15.25,7618.0
8351,20261002,70.91,72.54,12.0,1048.0
8354,20261002,49.53,65.58,17.37,14596.0
8358,20261002,27.93,34.64,53.8,166961.0
8359,20261002,79.49,83.34,9.64,6004.0
8361,20261002,0.0,0.0,99.98,5.0
8367,20261002,61.38,70.65,14.3,3484.0
8374,20261002,68.36,71.03,22.67,13149.0
8375,20261002,40.34,77.08,10.76,114.0
8380,20261002,0.0,19.46,53.52,880.0
8382,20261002,56.95,66.04,16.24,10344.0
8383,20261002,44.13,52.54,36.33,56651.0
8390,20261002,38.49,45.19,32.1,31499.0
8391,20261002,100.0,100.0,0.0,1.0
8401,20261002,54.54,63.21,20.26,11886.0
8403,20261002,32.26,38.05,40.91,36572.0
8404,20261002,73.47,78.88,10.52,15699.0
8409,20261002,38.75,48.8,27.85,25679.0
8410,20261002,50.7,56.95,24.33,2077.0
8411,20261002,79.44,82.02,9.56,10717.0
8415,20261002,89.39,93.08,3.08,8800.0
8416,20261002,77.13,77.13,14.72,2083.0
8419,20261002,40.55,53.22,32.7,1376.0
8421,20261002,58.77,64.83,21.33,6701.0
8422,20261002,34.45,38.18,47.52,149081.0
8423,20261002,54.59,63.66,19.79,6276.0
8424,20261002,50.7,60.57,26.99,3005.0
8426,20261002,70.26,75.0,15.39,2650.0
8427,20261002,0.0,0.0,99.97,14.0
8429,20261002,38.15,42.29,37.64,45055.0
8431,20261002,18.72,32.6,46.91,44354.0
8432,20261002,56.47,61.6,23.53,3147.0
8433,20261002,60.43,66.8,17.82,3129.0
8435,20261002,20.64,41.14,43.57,22325.0
8436,20261002,26.23,35.08,46.28,46023.0
8437,20261002,28.08,41.85,29.27,32505.0
8438,20261002,66.98,78.77,10.46,2880.0
8440,20261002,29.05,31.76,56.92,55748.0
8442,20261002,61.45,71.69,11.76,1992.0
8443,20261002,60.37,69.65,22.05,46522.0
8444,20261002,77.61,85.93,5.36,1678.0
8446,20261002,42.95,51.31,38.38,7703.0
8450,20261002,56.66,58.33,31.34,10210.0
8452,20261002,100.0,100.0,0.0,1.0
8454,20261002,79.33,81.54,13.79,37839.0
8455,20261002,87.77,89.9,6.23,712.0
8458,20261002,48.85,73.63,6.71,550.0
8462,20261002,58.93,65.58,18.16,6183.0
8463,20261002,76.82,82.4,9.96,3547.0
8464,20261002,77.84,87.06,2.64,3825.0
8465,20261002,41.56,58.22,10.66,232.0
8466,20261002,67.52,77.11,11.73,2129.0
8467,20261002,73.86,81.99,7.66,1666.0
8472,20261002,55.75,63.04,13.23,1030.0
8473,20261002,63.24,66.33,22.32,15017.0
8475,20261002,100.0,100.0,0.0,1.0
8476,20261002,62.42,72.43,14.56,6254.0
8477,20261002,81.6,83.51,9.92,10879.0
8478,20261002,75.66,76.09,17.97,10842.0
8479,20261002,41.51,62.09,10.55,375.0
8481,20261002,53.63,66.51,13.14,2497.0
8482,20261002,90.26,95.14,2.39,1034.0
8485,20261002,0.0,96.18,3.8,61.0
8487,20261002,46.05,55.94,19.65,19455.0
8488,20261002,80.22,86.82,5.43,899.0
8489,20261002,46.07,56.84,24.87,29875.0
8490,20261002,29.07,45.75,15.43,1099.0
8491,20261002,0.0,0.0,70.08,1286.0
8492,20261002,88.34,92.97,3.99,250.0
8495,20261002,91.06,92.59,4.43,855.0
8496,20261002,84.71,87.43,4.35,292.0
8499,20261002,72.65,79.86,11.23,2145.0
8707,20261002,0.0,0.0,59.69,6307.0
8708,20261002,36.7,43.76,36.28,20439.0
8710,20261002,18.25,29.02,37.89,6837.0
8712,20261002,63.8,76.16,5.61,6932.0
8718,20261002,28.36,35.44,44.2,18045.0
8719,20261002,79.46,86.78,5.01,6761.0
8720,20261002,47.39,56.97,27.11,8585.0
8721,20261002,0.0,0.0,61.37,2240.0
8722,20261002,56.92,62.76,23.38,5790.0
8723,20261002,41.3,50.72,31.42,23378.0
8724,20261002,33.65,40.7,48.32,8386.0
8725,20261002,25.29,32.37,43.1,12486.0
8905,20261002,89.62,92.62,3.78,21559.0
8906,20261002,49.92,56.54,23.53,2901.0
8908,20261002,85.98,89.05,6.0,15547.0
8916,20261002,60.08,66.14,19.94,41362.0
8917,20261002,66.25,82.64,3.13,1712.0
8921,20261002,63.01,85.56,4.39,1151.0
8923,20261002,74.55,82.32,6.79,5119.0
8924,20261002,29.73,38.82,46.33,16911.0
8925,20261002,27.53,41.31,26.81,19587.0
8926,20261002,51.73,57.09,27.97,62224.0
8927,20261002,74.89,83.74,7.49,25595.0
8928,20261002,35.67,49.15,30.0,4322.0
8929,20261002,39.18,45.67,38.99,11651.0
8930,20261002,58.02,68.54,19.04,5290.0
8931,20261002,78.05,81.94,8.26,18903.0
8932,20261002,74.21,79.01,9.76,10027.0
8933,20261002,47.69,52.83,30.46,42677.0
8934,20261002,94.77,94.77,1.67,504.0
8935,20261002,41.44,51.01,24.61,38042.0
8936,20261002,23.18,31.34,49.8,75142.0
8937,20261002,88.5,91.0,3.71,3328.0
8938,20261002,45.67,57.77,24.72,12243.0
8940,20261002,62.43,70.72,21.28,9284.0
8941,20261002,44.35,66.74,11.13,2197.0
8942,20261002,41.65,51.29,29.14,13130.0
8945,20261002,0.0,0.0,100.0,2.0
8977,20261002,94.48,96.97,0.0,25.0
8996,20261002,28.07,50.86,20.05,36214.0
8999,20261002,18.91,63.91,5.06,391.0
9103,20261002,3.96,11.4,57.76,21192.0
910322,20261002,26.75,28.94,52.82,7315.0
9105,20261002,16.21,26.57,42.33,113025.0
910861,20261002,23.31,37.54,34.57,2710.0
9110,20261002,21.6,43.82,20.56,1744.0
911608,20261002,13.42,31.53,33.75,2154.0
911611,20261002,28.83,41.32,26.79,3110.0
911613,20261002,0.0,5.99,58.77,1401.0
911622,20261002,42.21,52.52,29.24,1496.0
911868,20261002,25.66,36.58,29.76,6132.0
912000,20261002,22.94,34.76,30.19,6794.0
9136,20261002,61.17,67.55,18.29,4510.0
916665,20261002,0.0,0.0,90.16,366.0
9801,20261002,66.08,69.35,24.25,83329.0
9802,20261002,54.14,62.81,21.68,12217.0
9902,20261002,51.34,57.19,28.28,45118.0
9904,20261002,62.72,67.98,18.23,106232.0
9905,20261002,71.92,74.15,17.13,17088.0
9906,20261002,74.97,78.74,14.77,8167.0
9907,20261002,70.42,74.59,14.7,55359.0
9908,20261002,74.75,80.52,10.64,16362.0
9910,20261002,86.97,89.03,7.21,23931.0
9911,20261002,61.03,66.91,23.09,31229.0
9912,20261002,54.91,62.84,22.95,61730.0
9914,20261002,54.39,64.97,23.71,67109.0
9917,20261002,70.4,76.87,14.68,56503.0
9918,20261002,77.22,85.08,4.84,25084.0
9919,20261002,42.41,45.38,43.97,63410.0
9921,20261002,59.73,69.46,18.7,28507.0
9922,20261002,59.04,69.34,15.94,10414.0
9924,20261002,52.66,61.17,27.16,13006.0
9925,20261002,61.17,67.81,19.94,19394.0
9926,20261002,73.65,83.81,5.06,4219.0
9927,20261002,52.67,58.68,30.41,14345.0
9928,20261002,67.16,75.18,14.63,7106.0
9929,20261002,83.32,88.11,4.92,3738.0
9930,20261002,76.45,77.64,15.26,12283.0
9931,20261002,73.39,78.02,7.94,7788.0
9933,20261002,57.08,62.97,20.56,50265.0
9934,20261002,59.04,66.55,17.23,13512.0
9935,20261002,50.01,61.93,17.2,57705.0
9936,20261002,20.12,29.12,42.72,11624.0
9937,20261002,82.18,89.21,3.81,15706.0
9938,20261002,44.52,52.81,30.38,50073.0
9939,20261002,52.18,62.34,24.47,27893.0
9940,20261002,77.91,81.53,10.38,17058.0
9941,20261002,66.28,70.11,22.78,44379.0
9942,20261002,39.07,51.19,30.19,9607.0
9943,20261002,69.48,71.1,24.62,15927.0
9944,20261002,66.16,79.2,12.24,10389.0
9945,20261002,62.02,66.41,19.5,101117.0
9946,20261002,78.33,81.9,10.54,13933.0
9947,20261002,0.0,0.0,0.0,1.0
9948,20261002,0.0,0.0,99.97,73.0
9949,20261002,58.15,73.43,15.64,10989.0
9950,20261002,81.03,83.91,9.88,3594.0
9951,20261002,39.25,46.5,39.27,24380.0
9952,20261002,0.0,0.0,43.32,36.0
9953,20261002,0.0,0.0,57.28,518.0
9955,20261002,55.34,61.49,30.13,15158.0
9956,20261002,0.0,0.0,69.31,43.0
9957,20261002,95.5,96.03,2.25,12806.0
9958,20261002,42.53,49.33,38.58,59708.0
9959,20261002,0.0,0.0,76.32,23.0
9960,20261002,56.96,78.07,9.07,9428.0
9961,20261002,89.73,93.39,2.19,321.0
9962,20261002,40.08,46.72,36.14,28872.0
9963,20261002,100.0,100.0,0.0,1.0
9964,20261002,100.0,100.0,0.0,1.0
9965,20261002,0.0,0.0,89.04,68.0
