code,date,big1000,big400,retail,people
000218,20260924,100.0,100.0,0.0,1.0
000560,20260924,100.0,100.0,0.0,1.0
000708,20260924,100.0,100.0,0.0,1.0
000779,20260924,100.0,100.0,0.0,1.0
000815,20260924,100.0,100.0,0.0,1.0
000856,20260924,100.0,100.0,0.0,1.0
00400A,20260924,12.81,17.76,48.62,132509.0
00401A,20260924,23.59,26.72,46.61,17893.0
00402A,20260924,20.93,27.25,47.87,42171.0
00403A,20260924,16.1,21.09,47.19,844857.0
00404A,20260924,13.66,17.75,55.8,28966.0
00405A,20260924,18.94,24.81,41.37,135920.0
00406A,20260924,13.24,24.3,34.31,182915.0
00407A,20260924,23.52,29.66,40.15,119571.0
00408A,20260924,22.23,32.13,40.25,8067.0
00409A,20260924,33.74,46.01,26.1,46395.0
00410A,20260924,28.63,34.51,38.06,9590.0
00411A,20260924,31.53,38.62,34.69,18415.0
0050,20260924,24.27,25.91,56.07,3539949.0
0051,20260924,0.0,13.84,76.28,12653.0
0052,20260924,18.71,20.85,64.46,451795.0
0053,20260924,45.33,50.21,38.32,7159.0
0055,20260924,30.71,38.58,46.5,17218.0
0056,20260924,9.06,11.41,63.05,1661306.0
0057,20260924,0.0,0.0,53.2,3498.0
0061,20260924,22.85,33.27,37.03,5979.0
006201,20260924,37.24,49.24,45.58,5217.0
006203,20260924,50.97,74.49,13.75,3587.0
006204,20260924,0.0,0.0,58.25,1145.0
006205,20260924,33.18,45.81,35.65,8804.0
006206,20260924,14.92,21.34,55.84,3078.0
006207,20260924,0.0,13.42,40.79,1603.0
006208,20260924,9.67,10.18,81.31,712360.0
00625K,20260924,0.0,0.0,40.21,12.0
00631L,20260924,21.59,31.48,29.81,284072.0
00632R,20260924,30.05,44.23,19.38,66893.0
00633L,20260924,20.48,35.83,23.99,3618.0
00634R,20260924,43.18,54.52,15.22,761.0
00635U,20260924,16.32,19.87,60.3,57406.0
00636,20260924,14.54,21.75,48.6,8170.0
00636K,20260924,0.0,0.0,99.98,8.0
00637L,20260924,42.72,57.63,13.75,11726.0
00638R,20260924,38.02,53.72,17.25,496.0
00639,20260924,16.57,25.86,39.5,5675.0
00640L,20260924,24.35,39.2,43.57,1258.0
00641R,20260924,46.54,58.78,13.35,1275.0
00642U,20260924,36.83,45.79,39.05,6903.0
00643,20260924,31.88,45.35,29.67,3163.0
00643K,20260924,0.0,0.0,2.53,5.0
00645,20260924,17.33,30.2,54.75,9714.0
00646,20260924,39.96,44.22,43.28,114509.0
00647L,20260924,31.13,31.13,47.14,1499.0
00648R,20260924,37.21,47.7,16.42,2325.0
00650L,20260924,35.56,48.71,18.87,2200.0
00651R,20260924,54.18,70.95,9.78,366.0
00652,20260924,25.09,30.95,53.34,9305.0
00653L,20260924,0.0,6.53,50.79,1262.0
00654R,20260924,39.82,57.1,15.02,360.0
00655L,20260924,15.73,28.84,31.94,2189.0
00656R,20260924,46.73,73.79,10.64,314.0
00657,20260924,0.0,22.91,59.53,1634.0
00657K,20260924,0.0,0.0,99.99,4.0
00660,20260924,0.0,16.18,35.26,1016.0
00661,20260924,7.53,18.03,64.38,7196.0
00662,20260924,32.69,36.73,36.38,110799.0
00663L,20260924,21.72,27.13,48.25,13066.0
00664R,20260924,39.11,58.25,10.1,10078.0
00665L,20260924,44.0,58.25,12.01,5000.0
00666R,20260924,71.86,84.1,6.6,120.0
00668,20260924,34.93,34.93,53.83,2039.0
00668K,20260924,0.0,0.0,100.0,4.0
00669R,20260924,34.23,45.55,15.37,3049.0
00670L,20260924,7.19,13.31,64.47,12226.0
00671R,20260924,52.7,69.59,6.57,3497.0
00673R,20260924,39.53,51.57,13.87,16483.0
00674R,20260924,41.22,46.56,37.35,1265.0
00675L,20260924,15.7,20.76,62.63,18154.0
00676R,20260924,31.24,47.17,17.68,4370.0
00678,20260924,0.0,24.3,45.17,1870.0
00679B,20260924,37.55,42.8,29.88,232542.0
00680L,20260924,38.99,54.04,13.71,18920.0
00681R,20260924,70.73,90.73,1.95,94.0
00682U,20260924,52.36,77.96,6.55,256.0
00683L,20260924,60.86,68.87,15.17,311.0
00684R,20260924,73.77,81.24,7.77,168.0
00685L,20260924,22.77,35.08,26.55,172578.0
00686R,20260924,50.71,68.53,6.99,2054.0
00687B,20260924,36.88,42.71,28.8,151879.0
00687C,20260924,93.67,93.67,6.3,16.0
00688L,20260924,35.65,49.89,15.06,8989.0
00689R,20260924,73.72,87.29,0.31,46.0
00690,20260924,9.45,14.37,69.69,16440.0
00692,20260924,14.88,16.66,69.54,90775.0
00693U,20260924,38.45,43.2,30.81,2819.0
00694B,20260924,58.85,64.87,22.43,1999.0
00695B,20260924,65.63,74.6,18.74,2258.0
00696B,20260924,82.09,83.23,11.02,10889.0
00697B,20260924,18.74,21.94,52.95,6756.0
00700,20260924,4.72,13.35,46.92,2594.0
00701,20260924,5.43,6.92,83.45,37672.0
00702,20260924,30.46,54.46,38.37,1173.0
00703,20260924,0.0,27.18,48.36,1019.0
00706L,20260924,22.27,31.58,32.28,6004.0
00707R,20260924,77.06,94.19,0.28,23.0
00708L,20260924,19.75,26.72,47.84,18040.0
00709,20260924,7.44,34.08,44.09,2244.0
00710B,20260924,81.02,81.56,12.71,3714.0
00711B,20260924,99.18,99.32,0.37,793.0
00712,20260924,20.8,32.55,23.77,148244.0
00713,20260924,20.46,21.72,65.48,270466.0
00714,20260924,17.96,45.52,41.11,2369.0
00715L,20260924,49.51,56.64,22.71,3562.0
00717,20260924,18.07,26.51,44.97,7497.0
00719B,20260924,23.55,30.06,35.29,14954.0
00720B,20260924,62.47,65.76,16.79,77281.0
00722B,20260924,89.17,89.93,6.94,13421.0
00723B,20260924,99.65,99.72,0.09,470.0
00724B,20260924,97.53,97.68,1.47,6152.0
00725B,20260924,80.8,82.33,9.19,41000.0
00726B,20260924,97.65,98.01,1.1,1712.0
00727B,20260924,87.58,89.68,6.57,724.0
00728,20260924,0.0,4.19,80.95,9903.0
00730,20260924,13.74,16.77,73.82,12951.0
00731,20260924,0.0,18.01,73.67,8160.0
00733,20260924,11.66,13.35,77.38,20498.0
00734B,20260924,80.06,82.55,10.16,519.0
00735,20260924,15.12,21.79,62.47,30602.0
00736,20260924,45.67,76.27,18.04,490.0
00737,20260924,9.66,17.7,71.04,5442.0
00738U,20260924,14.38,21.19,52.86,32169.0
00739,20260924,19.59,38.43,39.67,1955.0
00740B,20260924,96.28,96.68,1.76,5992.0
00741B,20260924,37.85,49.73,35.1,1131.0
00746B,20260924,99.43,99.57,0.22,1311.0
00749B,20260924,99.75,99.75,0.05,193.0
00750B,20260924,99.32,99.71,0.08,77.0
00751B,20260924,72.87,75.58,11.41,66941.0
00752,20260924,26.78,30.94,42.07,17114.0
00753L,20260924,33.72,48.82,16.61,11693.0
00754B,20260924,99.75,99.75,0.13,462.0
00755B,20260924,97.72,97.72,1.5,1004.0
00756B,20260924,97.31,97.64,1.42,2317.0
00757,20260924,27.5,30.45,53.73,67593.0
00758B,20260924,90.49,90.49,3.75,121.0
00759B,20260924,98.89,98.89,0.42,119.0
00760B,20260924,99.16,99.16,0.56,620.0
00761B,20260924,98.45,98.55,0.79,3419.0
00762,20260924,14.68,18.51,70.64,22280.0
00763U,20260924,47.4,51.67,31.5,3723.0
00764B,20260924,93.62,94.1,3.65,8264.0
00768B,20260924,97.64,98.11,0.97,1757.0
00770,20260924,7.31,11.56,68.82,22138.0
00771,20260924,11.94,15.56,60.57,2065.0
00772B,20260924,78.75,80.5,10.0,40415.0
00773B,20260924,95.21,95.67,2.54,8861.0
00775B,20260924,99.23,99.66,0.09,183.0
00777B,20260924,99.88,99.92,0.01,222.0
00778B,20260924,99.92,99.94,0.01,184.0
00779B,20260924,99.5,99.57,0.22,638.0
00780B,20260924,96.87,97.39,2.13,1283.0
00781B,20260924,16.97,30.61,47.77,735.0
00782B,20260924,14.46,24.99,47.92,1257.0
00783,20260924,0.0,13.23,49.93,796.0
00785B,20260924,99.7,99.83,0.04,238.0
00786B,20260924,15.33,29.86,44.35,1272.0
00787B,20260924,17.68,38.78,45.83,1001.0
00788B,20260924,15.58,27.6,43.7,1447.0
00789B,20260924,99.07,99.38,0.29,354.0
00791B,20260924,99.68,99.68,0.08,100.0
00792B,20260924,99.81,99.86,0.06,450.0
00793B,20260924,0.0,0.0,58.37,260.0
00795B,20260924,51.92,55.98,21.22,37035.0
00799B,20260924,11.76,25.7,48.47,1652.0
00830,20260924,21.17,23.81,60.77,180272.0
00834B,20260924,94.36,94.36,1.72,135.0
00836B,20260924,99.33,99.6,0.26,432.0
00840B,20260924,99.27,99.27,0.23,91.0
00841B,20260924,98.66,99.43,0.29,121.0
00842B,20260924,33.1,39.05,29.72,1013.0
00844B,20260924,98.91,99.21,0.56,296.0
00845B,20260924,99.34,99.59,0.17,219.0
00846B,20260924,98.18,98.18,0.99,255.0
00847B,20260924,0.0,31.76,32.67,302.0
00848B,20260924,99.21,99.21,0.22,154.0
00849B,20260924,99.74,99.84,0.01,107.0
00850,20260924,15.3,17.8,71.15,80113.0
00851,20260924,27.87,27.87,54.49,2104.0
00852L,20260924,41.93,49.16,35.48,619.0
00853B,20260924,89.53,91.24,6.55,2328.0
00856B,20260924,59.57,65.53,20.27,409.0
00857B,20260924,55.23,59.69,22.38,15637.0
00858,20260924,13.45,16.85,58.36,18787.0
00859B,20260924,14.55,21.83,45.58,2046.0
00860B,20260924,0.0,0.0,67.7,369.0
00861,20260924,3.72,6.83,82.31,18327.0
00862B,20260924,98.33,98.38,1.07,1495.0
00863B,20260924,99.51,99.59,0.23,338.0
00864B,20260924,26.88,34.38,28.24,3877.0
00865B,20260924,23.71,30.17,28.96,10437.0
00867B,20260924,99.72,99.72,0.08,212.0
00870B,20260924,99.43,99.61,0.23,312.0
00875,20260924,0.0,19.87,68.48,7018.0
00876,20260924,24.95,27.33,62.16,22275.0
00877,20260924,11.44,18.44,50.83,13451.0
00878,20260924,8.79,10.94,58.8,1671493.0
00881,20260924,14.71,16.26,64.86,403479.0
00882,20260924,17.67,26.63,35.28,83089.0
00884B,20260924,98.78,98.78,0.55,211.0
00885,20260924,10.91,16.71,51.01,48127.0
00886,20260924,0.0,13.72,66.9,1181.0
00887,20260924,19.36,31.1,34.17,20456.0
00888,20260924,10.14,11.16,71.54,90730.0
00890B,20260924,65.7,73.58,20.24,700.0
00891,20260924,12.01,14.2,61.23,187915.0
00892,20260924,15.26,17.93,65.59,45612.0
00893,20260924,5.36,8.26,74.65,56297.0
00894,20260924,11.97,13.81,70.99,26061.0
00895,20260924,8.77,10.11,75.31,28725.0
00896,20260924,6.68,8.15,70.33,62149.0
00897,20260924,14.79,23.26,48.17,9893.0
00898,20260924,8.32,19.34,54.42,8385.0
00899,20260924,0.0,5.62,73.87,3597.0
00900,20260924,12.94,15.3,58.51,128065.0
00901,20260924,6.66,14.52,72.62,11567.0
00902,20260924,12.37,17.06,54.86,17946.0
00903,20260924,7.27,11.2,70.17,7006.0
00904,20260924,6.98,14.05,69.47,23909.0
00905,20260924,5.86,7.6,69.96,44351.0
00907,20260924,11.73,13.61,66.68,20043.0
00908,20260924,24.69,36.66,43.57,2708.0
00909,20260924,11.46,16.15,69.37,25024.0
00910,20260924,3.38,7.73,77.91,37894.0
00911,20260924,10.0,13.48,75.71,12659.0
00912,20260924,19.34,21.33,63.7,8287.0
00913,20260924,17.53,19.9,62.85,12072.0
00915,20260924,15.31,17.2,71.36,70880.0
00916,20260924,7.86,14.74,70.73,19075.0
00917,20260924,5.11,12.74,71.11,12932.0
00918,20260924,8.21,10.97,59.16,374480.0
00919,20260924,8.02,10.79,56.48,1466235.0
00920,20260924,8.03,23.81,66.17,6253.0
00921,20260924,2.5,6.73,80.16,10181.0
00922,20260924,28.88,30.98,50.27,186910.0
00923,20260924,13.69,15.08,68.42,122613.0
00924,20260924,19.68,21.89,60.74,54987.0
00926,20260924,52.31,56.29,36.87,9191.0
00927,20260924,10.35,12.57,63.46,140300.0
00928,20260924,17.54,24.54,59.55,7145.0
00929,20260924,8.26,10.18,59.85,459684.0
00930,20260924,5.11,6.46,76.57,22995.0
00931B,20260924,75.24,76.93,12.81,33506.0
00932,20260924,8.88,11.42,70.41,13029.0
00933B,20260924,73.53,76.75,10.21,77897.0
00934,20260924,8.51,10.2,69.7,49821.0
00935,20260924,20.43,22.13,59.41,123252.0
00936,20260924,9.2,10.13,70.24,22124.0
00937B,20260924,51.73,60.67,12.12,210191.0
00938,20260924,45.47,47.56,39.89,6456.0
00939,20260924,4.84,6.97,65.75,102752.0
00940,20260924,8.58,12.22,53.62,311799.0
00941,20260924,9.94,13.52,64.22,46825.0
00942B,20260924,88.99,89.95,4.56,9750.0
00943,20260924,25.46,31.43,55.06,4217.0
00944,20260924,6.96,9.66,71.88,7817.0
00945B,20260924,33.99,41.31,22.38,18703.0
00946,20260924,18.11,20.22,54.99,35649.0
00947,20260924,24.19,29.29,55.57,36525.0
00948B,20260924,79.24,82.33,6.23,26280.0
00949,20260924,14.65,19.48,58.37,17265.0
00950B,20260924,89.75,91.07,3.01,12046.0
00951,20260924,25.84,30.58,43.45,15691.0
00952,20260924,8.49,13.6,59.82,22729.0
00953B,20260924,38.86,53.05,11.96,52223.0
00954,20260924,16.14,22.96,52.52,10984.0
00955,20260924,27.68,32.24,43.66,35310.0
00956,20260924,11.87,17.87,55.09,3251.0
00957B,20260924,43.52,51.04,19.86,3923.0
00958B,20260924,14.31,20.28,37.13,4315.0
00959B,20260924,41.37,48.81,18.3,9142.0
00960,20260924,17.79,19.87,68.05,12237.0
00961,20260924,4.55,9.98,47.75,61109.0
00962,20260924,3.18,8.75,63.78,10800.0
00963,20260924,20.3,26.82,30.95,5273.0
00964,20260924,8.22,18.15,43.44,4620.0
00965,20260924,43.46,46.28,37.19,33177.0
00966B,20260924,32.15,36.78,33.59,3881.0
00967B,20260924,62.44,70.5,12.84,2659.0
00968B,20260924,63.68,68.83,11.97,8176.0
00969B,20260924,59.23,68.78,12.71,2072.0
00970B,20260924,53.9,60.72,17.09,5822.0
00971,20260924,11.64,16.35,63.93,6621.0
00972,20260924,33.56,33.56,47.39,1628.0
009800,20260924,25.64,30.57,42.05,19702.0
009801,20260924,11.82,21.19,53.9,8639.0
009802,20260924,15.23,19.2,54.64,41308.0
009803,20260924,10.76,14.4,59.96,30359.0
009804,20260924,6.62,11.21,63.75,17808.0
009805,20260924,13.92,18.73,54.67,54796.0
009806,20260924,38.26,57.89,30.24,1083.0
009807,20260924,33.65,57.2,34.76,1150.0
009808,20260924,7.78,12.51,63.55,4249.0
009809,20260924,33.68,38.43,43.46,2528.0
00980A,20260924,23.18,25.3,53.48,70259.0
00980B,20260924,39.85,47.96,26.92,1505.0
00980D,20260924,28.67,36.02,28.74,3411.0
00980T,20260924,49.03,53.59,27.94,3166.0
009810,20260924,23.09,36.17,43.96,1926.0
009811,20260924,11.14,17.77,56.29,22675.0
009812,20260924,26.42,36.74,40.51,5895.0
009813,20260924,18.04,23.32,50.39,22953.0
009814,20260924,16.26,20.96,52.79,13700.0
009815,20260924,16.6,22.17,51.28,29217.0
009816,20260924,13.89,19.72,49.02,918275.0
009817,20260924,15.0,24.48,39.94,10074.0
009818,20260924,6.49,8.4,64.98,4807.0
009819,20260924,8.34,12.22,62.61,51277.0
00981A,20260924,18.2,22.59,51.6,945851.0
00981B,20260924,34.02,50.66,11.22,16861.0
00981D,20260924,31.47,45.07,15.94,8507.0
00981T,20260924,23.52,36.55,27.41,8240.0
009820,20260924,30.93,39.96,30.49,34869.0
009821,20260924,7.39,11.03,66.32,55043.0
009822,20260924,9.56,16.52,57.88,4788.0
009823,20260924,13.76,18.56,58.37,32946.0
009824,20260924,9.96,16.03,58.68,44254.0
009825,20260924,5.15,12.94,44.59,4402.0
009826,20260924,17.73,26.04,42.84,61908.0
009827,20260924,10.63,16.9,50.35,15643.0
009828,20260924,28.05,31.46,47.77,57368.0
009829,20260924,38.34,45.94,28.49,13113.0
00982A,20260924,10.74,14.23,57.67,177169.0
00982B,20260924,53.33,61.11,17.22,764.0
00982D,20260924,29.05,36.78,30.56,2802.0
00982T,20260924,0.0,17.94,65.91,1901.0
00983A,20260924,18.27,24.7,55.8,8439.0
00983B,20260924,49.0,57.83,19.06,779.0
00983D,20260924,11.23,31.22,27.35,3947.0
00984A,20260924,13.21,15.82,61.87,61880.0
00984B,20260924,27.73,35.29,25.88,3431.0
00984D,20260924,26.53,42.82,14.33,15172.0
00985A,20260924,14.33,17.21,59.63,45633.0
00985B,20260924,54.26,64.77,11.16,8782.0
00985D,20260924,43.4,55.61,18.48,2437.0
00986A,20260924,12.03,18.54,60.38,4655.0
00986B,20260924,73.57,79.23,10.57,387.0
00986D,20260924,40.71,50.28,15.03,2364.0
00987A,20260924,12.43,17.31,63.94,16818.0
00987B,20260924,40.95,55.17,20.01,2130.0
00987D,20260924,72.15,75.75,14.04,1652.0
00988A,20260924,13.88,19.12,50.78,228230.0
00988B,20260924,17.97,29.69,32.79,5406.0
00989A,20260924,11.65,17.29,56.9,6584.0
00989B,20260924,25.24,39.96,25.01,2674.0
00990A,20260924,26.22,34.02,36.77,120134.0
00990B,20260924,24.52,34.15,31.92,3446.0
00991A,20260924,16.28,20.72,51.37,330841.0
00991B,20260924,97.63,98.43,0.82,402.0
00992A,20260924,13.9,18.58,54.16,174843.0
00993A,20260924,16.45,22.15,49.56,45821.0
00994A,20260924,13.84,19.65,56.69,27616.0
00995A,20260924,13.62,17.12,58.99,23763.0
00996A,20260924,18.18,22.9,54.15,21623.0
00997A,20260924,10.92,17.35,50.76,66462.0
00998A,20260924,25.44,28.66,46.41,24867.0
00999A,20260924,7.97,11.72,61.79,86186.0
1101,20260924,51.11,55.1,29.43,512238.0
1102,20260924,79.79,82.08,11.58,100836.0
1103,20260924,76.76,80.3,11.57,74271.0
1104,20260924,67.45,73.05,16.4,56147.0
1107,20260924,99.7,99.7,0.29,3432.0
1108,20260924,74.77,78.61,12.84,12963.0
1109,20260924,72.97,79.66,11.27,12060.0
1110,20260924,91.42,94.05,2.26,5190.0
1201,20260924,58.53,63.36,23.77,87784.0
1203,20260924,86.76,90.94,4.86,55148.0
1204,20260924,31.8,45.78,39.35,3513.0
1207,20260924,75.31,77.29,16.41,46627.0
1210,20260924,61.14,65.16,25.8,99900.0
1212,20260924,35.63,44.29,32.74,30356.0
1213,20260924,77.03,81.16,12.95,6543.0
1215,20260924,52.11,55.99,35.82,97993.0
1216,20260924,86.12,89.56,6.85,142311.0
1217,20260924,54.02,61.87,25.98,137477.0
1218,20260924,62.85,67.03,21.67,82478.0
1219,20260924,59.11,64.23,22.97,52828.0
1220,20260924,60.48,67.89,18.59,47362.0
1221,20260924,25.9,34.25,42.23,18640.0
1224,20260924,82.38,88.36,6.17,3610.0
1225,20260924,86.77,89.45,6.13,43867.0
1227,20260924,64.36,67.34,23.79,53276.0
1228,20260924,12.2,38.0,31.02,1579.0
1229,20260924,63.02,66.09,22.13,103148.0
1231,20260924,63.66,64.84,27.57,36250.0
1232,20260924,72.04,73.76,19.7,16730.0
1233,20260924,68.5,75.92,9.31,10238.0
1234,20260924,74.28,83.05,9.27,24061.0
1235,20260924,95.42,96.34,1.75,2940.0
1236,20260924,78.84,83.73,9.62,11588.0
1238,20260924,8.57,11.74,55.22,2037.0
1240,20260924,49.15,69.59,14.59,3040.0
1256,20260924,47.11,59.9,25.88,6285.0
1259,20260924,71.46,78.63,12.77,16139.0
1260,20260924,70.59,76.37,7.52,1336.0
1264,20260924,24.84,47.19,33.88,9287.0
1268,20260924,72.16,78.11,14.34,3496.0
1269,20260924,72.54,77.54,7.78,726.0
1271,20260924,64.43,74.7,12.43,2878.0
1293,20260924,42.39,74.32,7.77,396.0
1294,20260924,44.0,60.22,20.37,4531.0
1295,20260924,44.94,57.95,26.0,3289.0
1301,20260924,72.55,75.25,17.21,292897.0
1303,20260924,83.28,85.91,9.17,297086.0
1304,20260924,57.98,61.21,26.78,99104.0
1305,20260924,48.7,51.91,33.36,72133.0
1306,20260924,19.41,21.34,52.65,6128.0
1307,20260924,77.28,80.07,12.43,18010.0
1308,20260924,49.93,53.1,32.37,75700.0
1309,20260924,43.92,46.97,39.91,78491.0
1310,20260924,24.87,31.06,48.44,104976.0
1312,20260924,56.67,60.43,26.07,137955.0
1313,20260924,64.02,68.7,19.5,60990.0
1314,20260924,34.12,42.56,34.2,299056.0
1315,20260924,70.44,81.66,10.39,5769.0
1316,20260924,33.37,41.82,36.99,61059.0
1319,20260924,75.94,80.04,14.6,31752.0
1321,20260924,53.64,70.56,7.88,3963.0
1323,20260924,61.23,70.58,16.29,14542.0
1324,20260924,60.81,66.25,25.06,23378.0
1325,20260924,44.85,49.2,40.41,36103.0
1326,20260924,80.19,82.83,11.43,184748.0
1333,20260924,43.03,51.19,24.1,15925.0
1336,20260924,38.52,50.38,24.86,12352.0
1337,20260924,39.13,47.2,32.96,52317.0
1338,20260924,34.24,44.87,36.4,55972.0
1339,20260924,72.45,75.25,18.29,7273.0
1340,20260924,28.15,35.15,42.23,61597.0
1341,20260924,75.97,83.71,6.48,9691.0
1342,20260924,51.25,57.87,28.34,8954.0
1343,20260924,42.18,66.19,13.73,1198.0
1402,20260924,86.96,89.07,6.34,88095.0
1407,20260924,28.88,35.3,46.69,162001.0
1408,20260924,12.54,20.7,53.07,70663.0
1409,20260924,57.4,61.24,27.34,155658.0
1410,20260924,68.4,77.07,10.08,6628.0
1413,20260924,69.55,76.07,10.91,8454.0
1414,20260924,82.86,88.56,7.28,26866.0
1416,20260924,50.33,56.2,25.29,45264.0
1417,20260924,48.26,57.74,26.38,55493.0
1418,20260924,58.96,71.69,11.27,30546.0
1419,20260924,85.56,90.98,4.02,16820.0
1423,20260924,74.46,83.3,8.96,18119.0
1432,20260924,53.3,54.84,38.02,257057.0
1434,20260924,68.84,72.11,17.14,63854.0
1435,20260924,93.04,94.86,2.98,33029.0
1436,20260924,72.05,76.24,16.46,14348.0
1437,20260924,67.41,79.62,9.91,8475.0
1438,20260924,76.81,83.07,9.36,5052.0
1439,20260924,77.19,85.77,7.85,4338.0
1440,20260924,73.49,78.41,12.86,93526.0
1441,20260924,100.0,100.0,0.0,1.0
1442,20260924,78.59,86.88,6.27,8791.0
1443,20260924,82.7,89.99,5.24,15685.0
1444,20260924,59.95,64.23,23.56,60223.0
1445,20260924,59.26,68.61,15.54,11822.0
1446,20260924,62.71,66.48,18.75,7987.0
1447,20260924,65.98,70.18,19.37,41900.0
1449,20260924,32.28,39.75,41.93,45021.0
1450,20260924,21.04,25.83,49.27,15114.0
1451,20260924,56.67,63.78,19.97,16666.0
1452,20260924,38.86,49.75,28.93,46995.0
1453,20260924,74.47,76.39,18.13,13986.0
1454,20260924,77.24,81.6,9.7,13758.0
1455,20260924,63.06,67.17,22.15,34570.0
1456,20260924,80.66,85.49,6.6,4621.0
1457,20260924,68.3,75.18,14.3,16504.0
1458,20260924,51.07,59.79,23.45,21132.0
1459,20260924,78.4,84.24,7.97,12209.0
1460,20260924,65.23,72.03,14.73,23740.0
1462,20260924,34.47,46.4,30.6,61061.0
1463,20260924,75.22,81.99,9.49,33372.0
1464,20260924,54.38,61.66,21.94,63545.0
1465,20260924,62.34,72.09,16.61,10174.0
1466,20260924,62.13,69.26,17.87,21667.0
1467,20260924,59.75,67.37,19.04,17821.0
1468,20260924,96.81,97.54,0.89,1322.0
1469,20260924,87.63,92.35,0.57,336.0
1470,20260924,70.27,86.23,2.32,1190.0
1471,20260924,17.0,21.98,56.34,56149.0
1472,20260924,69.47,82.29,6.28,3592.0
1473,20260924,69.35,72.18,16.8,12541.0
1474,20260924,53.34,59.04,24.53,16272.0
1475,20260924,69.0,76.29,8.79,2285.0
1476,20260924,71.01,78.04,13.26,23072.0
1477,20260924,50.58,59.16,25.92,31046.0
1480,20260924,94.48,98.13,0.49,373.0
1491,20260924,46.3,59.65,12.34,1716.0
1498,20260924,0.0,48.56,5.79,13.0
1503,20260924,70.62,73.42,19.67,79968.0
1504,20260924,67.7,70.4,22.58,201453.0
1506,20260924,71.35,77.31,10.4,21297.0
1507,20260924,100.0,100.0,0.0,1.0
1512,20260924,47.96,54.05,23.56,19950.0
1513,20260924,41.49,46.17,45.52,155285.0
1514,20260924,34.75,41.26,48.02,101188.0
1515,20260924,40.33,48.78,37.05,24480.0
1516,20260924,58.33,64.82,22.85,42095.0
1517,20260924,44.11,48.58,37.62,46174.0
1519,20260924,68.87,73.88,17.86,85527.0
1521,20260924,66.44,68.06,23.09,23452.0
1522,20260924,52.55,57.63,32.75,29980.0
1524,20260924,35.53,38.59,47.14,45281.0
1525,20260924,86.5,89.25,8.26,3178.0
1526,20260924,29.94,38.15,41.92,52369.0
1527,20260924,29.23,33.62,49.8,64266.0
1528,20260924,28.3,30.25,57.76,93722.0
1529,20260924,44.81,48.47,38.28,30851.0
1530,20260924,70.06,75.94,18.33,10717.0
1531,20260924,53.76,64.12,17.38,12777.0
1532,20260924,58.78,66.84,17.99,19290.0
1533,20260924,52.11,63.66,26.93,9968.0
1534,20260924,35.44,47.06,33.28,4100.0
1535,20260924,75.4,75.82,18.58,9805.0
1536,20260924,27.65,33.45,51.08,83561.0
1537,20260924,43.04,51.1,36.85,15813.0
1538,20260924,70.77,78.45,11.32,7604.0
1539,20260924,60.51,61.14,26.48,5252.0
1540,20260924,23.21,34.8,49.55,41184.0
1541,20260924,79.46,83.76,9.31,2426.0
1553,20260924,0.0,0.0,70.14,30.0
1557,20260924,0.0,30.57,47.03,113.0
1558,20260924,16.89,39.43,38.05,27407.0
1560,20260924,48.91,65.98,16.13,22319.0
1563,20260924,36.5,45.88,27.82,15382.0
1565,20260924,8.4,17.57,61.55,37622.0
1568,20260924,56.15,64.48,22.46,9634.0
1569,20260924,46.68,55.16,25.61,24006.0
1570,20260924,44.49,55.37,22.81,34872.0
1571,20260924,0.0,67.23,7.29,9.0
1573,20260924,0.0,0.0,13.92,17.0
1575,20260924,0.0,0.0,99.99,9.0
1577,20260924,0.0,0.0,99.99,19.0
1580,20260924,29.88,38.46,43.76,27741.0
1582,20260924,25.75,30.88,52.33,66430.0
1583,20260924,89.51,91.25,5.58,2501.0
1584,20260924,36.55,40.87,40.49,56060.0
1585,20260924,46.04,65.76,10.74,934.0
1586,20260924,61.39,72.99,16.57,11954.0
1587,20260924,37.91,47.29,35.49,11810.0
1589,20260924,21.0,28.35,48.48,43146.0
1590,20260924,52.95,72.94,6.6,6941.0
1591,20260924,8.04,19.41,47.94,32319.0
1592,20260924,18.1,26.47,40.5,6278.0
1593,20260924,35.43,50.05,27.43,3305.0
1594,20260924,75.4,82.82,7.56,641.0
1595,20260924,36.3,47.83,30.32,9634.0
1597,20260924,36.92,49.43,36.38,20153.0
1598,20260924,52.73,60.72,23.45,10594.0
1599,20260924,56.89,65.03,24.79,11781.0
1601,20260924,6.33,11.6,55.06,16634.0
1602,20260924,9.57,12.17,77.58,273745.0
1603,20260924,68.94,72.34,19.65,13462.0
1604,20260924,52.93,58.8,28.27,101709.0
1605,20260924,72.7,75.15,17.9,250051.0
1606,20260924,9.56,15.96,55.87,77417.0
1608,20260924,63.22,66.22,25.14,48946.0
1609,20260924,28.94,32.79,53.3,195681.0
1611,20260924,43.26,52.25,34.86,87235.0
1612,20260924,55.3,61.21,28.27,37361.0
1613,20260924,47.38,57.74,23.02,22764.0
1614,20260924,75.52,83.14,5.27,5406.0
1615,20260924,76.81,80.7,12.75,8687.0
1616,20260924,56.62,60.16,28.29,14610.0
1617,20260924,69.13,75.67,16.32,11749.0
1618,20260924,53.43,57.97,32.4,22037.0
1623,20260924,73.47,77.1,15.99,5851.0
1626,20260924,60.15,69.6,15.34,9837.0
1702,20260924,54.96,58.1,32.92,63889.0
1707,20260924,40.57,50.83,34.79,68795.0
1708,20260924,34.9,39.67,49.36,85619.0
1709,20260924,62.12,70.92,17.1,42213.0
1710,20260924,57.28,62.46,23.75,59122.0
1711,20260924,39.5,44.88,40.49,97587.0
1712,20260924,47.59,56.51,27.24,82425.0
1713,20260924,68.48,74.63,13.45,23520.0
1714,20260924,46.68,52.08,31.29,107030.0
1717,20260924,60.73,66.54,23.74,100073.0
1718,20260924,47.87,52.79,32.73,189078.0
1720,20260924,61.49,64.99,24.03,16055.0
1721,20260924,32.69,38.76,45.95,67213.0
1722,20260924,57.62,63.31,23.23,122743.0
1723,20260924,46.48,52.1,35.67,62672.0
1725,20260924,93.1,94.44,3.96,3578.0
1726,20260924,83.56,85.42,8.73,9492.0
1727,20260924,62.27,68.87,22.63,16013.0
1729,20260924,85.84,91.39,5.83,4207.0
1730,20260924,53.73,57.3,36.28,10040.0
1731,20260924,51.75,55.7,28.55,18394.0
1732,20260924,44.13,46.4,40.49,37986.0
1733,20260924,31.9,44.13,37.07,38247.0
1734,20260924,41.7,49.93,32.24,70332.0
1735,20260924,77.83,78.43,14.81,8339.0
1736,20260924,83.2,88.71,6.08,7797.0
1737,20260924,58.24,62.68,27.1,74650.0
1742,20260924,72.73,80.28,9.05,11280.0
1748,20260924,36.48,39.61,37.81,709.0
1752,20260924,58.31,63.45,25.35,8114.0
1760,20260924,33.89,42.98,39.74,38950.0
1762,20260924,36.1,45.94,36.4,53870.0
1763,20260924,100.0,100.0,0.0,1.0
1764,20260924,100.0,100.0,0.0,1.0
1765,20260924,100.0,100.0,0.0,1.0
1766,20260924,100.0,100.0,0.0,1.0
1773,20260924,67.99,73.87,15.38,17224.0
1775,20260924,100.0,100.0,0.0,1.0
1776,20260924,44.14,65.81,17.48,3217.0
1777,20260924,54.22,59.87,23.9,3341.0
1780,20260924,63.22,78.5,10.27,2569.0
1781,20260924,23.54,44.87,38.92,35672.0
1783,20260924,56.1,63.91,20.35,38042.0
1784,20260924,18.13,28.88,44.16,34500.0
1785,20260924,36.61,42.41,43.67,133460.0
1786,20260924,44.51,51.01,31.42,44813.0
1788,20260924,40.09,49.79,33.45,7736.0
1789,20260924,74.49,76.98,13.19,24612.0
1794,20260924,0.0,0.0,52.35,131.0
1795,20260924,52.25,57.42,33.62,41039.0
1796,20260924,45.18,55.76,17.92,7585.0
1799,20260924,64.07,66.29,20.71,18862.0
1802,20260924,74.37,76.29,19.22,200969.0
1805,20260924,70.4,77.89,10.03,9236.0
1806,20260924,70.9,74.7,17.71,24571.0
1807,20260924,38.24,47.4,29.9,7549.0
1808,20260924,78.61,80.76,12.45,27616.0
1809,20260924,43.63,48.55,43.0,53386.0
1810,20260924,56.47,62.01,28.37,24207.0
1813,20260924,33.67,47.73,34.83,9029.0
1814,20260924,53.7,78.82,8.05,451.0
1815,20260924,48.41,51.9,38.0,151500.0
1816,20260924,91.94,94.8,2.76,900.0
1817,20260924,58.35,64.99,19.42,4470.0
1818,20260924,63.87,75.49,6.17,135.0
1819,20260924,65.69,84.42,3.13,136.0
1903,20260924,74.9,81.08,8.62,20895.0
1904,20260924,64.03,68.47,21.08,323008.0
1905,20260924,68.97,71.16,21.99,70988.0
1906,20260924,70.09,74.3,17.51,12481.0
1907,20260924,82.24,85.59,8.53,81715.0
1909,20260924,63.71,68.14,18.53,84365.0
1918,20260924,17.85,20.83,57.04,30813.0
2002,20260924,49.13,52.92,31.98,1314855.0
2006,20260924,75.3,81.46,11.77,58426.0
2007,20260924,75.66,76.75,16.24,27447.0
2008,20260924,91.27,92.6,4.5,7472.0
2009,20260924,56.17,58.29,35.1,47370.0
2010,20260924,65.06,69.18,19.31,34609.0
2012,20260924,74.58,84.02,9.01,44578.0
2013,20260924,77.34,79.5,15.95,43778.0
2014,20260924,47.83,50.62,36.49,172955.0
2015,20260924,82.15,88.24,4.98,11652.0
2017,20260924,57.01,61.63,25.59,40851.0
2020,20260924,44.6,50.86,34.68,59700.0
2022,20260924,37.13,40.42,41.53,62213.0
2023,20260924,77.61,79.38,14.6,101159.0
2024,20260924,80.78,83.02,11.0,50354.0
2025,20260924,59.38,63.16,21.99,30207.0
2027,20260924,73.69,77.75,13.76,105183.0
2028,20260924,81.3,83.44,11.21,21297.0
2029,20260924,67.78,71.52,17.55,14154.0
2030,20260924,48.61,55.91,31.54,55001.0
2031,20260924,53.89,58.87,28.63,65214.0
2032,20260924,49.74,59.9,29.16,12050.0
2033,20260924,77.4,84.07,8.09,4766.0
2034,20260924,44.57,51.11,32.1,37890.0
2035,20260924,96.12,96.59,1.75,20724.0
2038,20260924,49.52,53.84,34.18,26207.0
2049,20260924,59.82,69.93,19.5,65949.0
2056,20260924,85.71,93.38,1.51,254.0
2058,20260924,18.55,26.03,42.53,37084.0
2059,20260924,54.62,65.52,13.45,50749.0
2060,20260924,87.22,87.22,2.77,135.0
2061,20260924,30.74,47.21,29.44,11479.0
2062,20260924,55.43,61.69,23.92,11487.0
2063,20260924,37.5,51.63,24.82,3381.0
2064,20260924,72.44,83.08,7.44,1624.0
2065,20260924,43.8,51.29,34.92,49507.0
2066,20260924,53.56,68.62,20.8,3089.0
2067,20260924,49.07,56.54,22.42,2223.0
2068,20260924,100.0,100.0,0.0,1.0
2069,20260924,54.19,63.55,21.95,9151.0
2070,20260924,47.35,63.09,28.48,5243.0
2071,20260924,73.66,85.23,6.14,906.0
2072,20260924,71.39,74.17,15.02,10318.0
2073,20260924,51.62,75.23,6.25,642.0
2101,20260924,58.33,64.44,19.17,37229.0
2102,20260924,76.87,81.14,10.67,79342.0
2103,20260924,54.98,59.9,24.32,81702.0
2104,20260924,38.37,46.07,30.26,107339.0
2105,20260924,77.31,80.3,12.44,81742.0
2106,20260924,74.66,79.73,11.87,33213.0
2107,20260924,58.92,64.4,23.56,47885.0
2108,20260924,65.18,71.1,20.48,53044.0
2109,20260924,66.68,74.67,12.9,35143.0
2113,20260924,0.0,0.0,99.97,14.0
2114,20260924,59.28,65.52,19.45,5286.0
2115,20260924,58.78,70.52,13.64,3593.0
2201,20260924,60.0,63.6,25.03,95082.0
2204,20260924,70.63,73.73,19.3,42462.0
2206,20260924,81.62,85.49,9.45,67705.0
2207,20260924,83.3,89.74,3.16,13315.0
2208,20260924,50.09,55.34,29.31,122679.0
2211,20260924,77.2,80.46,13.18,24931.0
2221,20260924,64.24,64.24,24.67,6528.0
2226,20260924,100.0,100.0,0.0,1.0
2227,20260924,93.25,93.49,5.22,7451.0
2228,20260924,53.88,56.01,31.8,9701.0
2229,20260924,0.0,41.04,24.5,59.0
2230,20260924,34.01,45.96,30.57,11667.0
2231,20260924,61.0,65.54,24.31,13629.0
2233,20260924,34.33,41.62,41.45,38516.0
2235,20260924,76.08,83.99,13.28,1360.0
2236,20260924,66.7,73.51,12.47,3241.0
2237,20260924,70.63,76.9,10.42,3284.0
2239,20260924,78.22,80.19,9.25,2720.0
2241,20260924,29.76,41.44,30.73,29478.0
2243,20260924,53.8,67.58,14.43,2791.0
2245,20260924,66.91,80.22,7.61,502.0
2246,20260924,65.07,68.53,18.41,2884.0
2247,20260924,72.7,76.68,15.78,7917.0
2248,20260924,67.58,78.3,8.95,933.0
2249,20260924,54.22,70.66,17.48,1324.0
2250,20260924,48.97,51.37,35.65,9445.0
2252,20260924,76.08,80.9,8.35,1714.0
2254,20260924,87.07,93.34,3.07,2745.0
2255,20260924,71.25,80.28,10.36,1934.0
2256,20260924,42.55,57.42,22.71,2485.0
2258,20260924,92.84,93.9,2.97,8952.0
2301,20260924,74.91,80.65,13.3,191257.0
2302,20260924,56.69,62.14,30.12,24756.0
2303,20260924,72.86,75.58,18.64,941247.0
2305,20260924,63.3,67.02,23.07,23517.0
2308,20260924,73.56,80.62,10.94,608092.0
2312,20260924,44.22,48.63,39.5,199747.0
2313,20260924,53.47,58.89,34.41,293956.0
2314,20260924,5.51,11.52,67.91,52994.0
2316,20260924,56.43,64.62,27.77,61155.0
2317,20260924,66.85,69.52,22.53,1135066.0
2318,20260924,22.81,27.01,51.45,28527.0
2321,20260924,67.91,71.43,24.33,14103.0
2323,20260924,39.33,46.3,33.96,127236.0
2324,20260924,59.16,63.22,27.4,322386.0
2326,20260924,6.52,12.7,65.62,48267.0
2327,20260924,63.34,67.8,24.44,603686.0
2328,20260924,37.85,41.81,45.94,117626.0
2329,20260924,46.8,50.57,39.53,128386.0
2330,20260924,84.77,87.53,8.78,3020649.0
2331,20260924,54.47,59.05,30.13,56365.0
2332,20260924,28.06,34.14,44.95,104688.0
2333,20260924,20.38,29.05,52.3,87636.0
2335,20260924,25.39,35.58,38.14,6028.0
2337,20260924,35.74,40.42,47.84,492473.0
2338,20260924,40.15,44.95,43.91,86930.0
2340,20260924,33.73,38.61,45.35,109286.0
2341,20260924,86.94,86.94,11.14,23850.0
2342,20260924,35.55,40.22,49.08,140433.0
2344,20260924,64.3,67.76,25.19,580631.0
2345,20260924,56.42,70.31,11.07,105332.0
2347,20260924,85.03,88.83,6.75,40082.0
2348,20260924,65.26,69.75,22.26,25177.0
2349,20260924,21.56,28.64,49.49,143139.0
2351,20260924,67.96,77.53,14.03,20136.0
2352,20260924,43.53,48.42,35.99,192342.0
2353,20260924,33.86,38.2,45.72,389277.0
2354,20260924,46.89,49.81,40.13,184729.0
2355,20260924,33.61,41.28,44.99,76032.0
2356,20260924,70.51,73.71,20.56,246937.0
2357,20260924,65.13,74.62,14.64,112342.0
2358,20260924,24.25,28.01,52.1,39726.0
2359,20260924,38.95,46.22,45.1,64136.0
2360,20260924,52.66,70.1,8.33,30899.0
2361,20260924,47.24,52.97,32.06,19313.0
2362,20260924,77.03,81.25,12.76,31134.0
2363,20260924,31.47,35.58,50.95,130312.0
2364,20260924,51.35,56.99,31.89,56026.0
2365,20260924,19.75,24.11,64.68,98343.0
2367,20260924,25.49,28.97,60.35,188824.0
2368,20260924,68.91,77.22,11.94,106434.0
2369,20260924,24.58,29.78,57.91,128699.0
2371,20260924,43.98,48.73,36.14,267471.0
2373,20260924,86.24,87.3,10.16,14126.0
2374,20260924,21.32,25.31,60.65,104776.0
2375,20260924,15.2,24.13,66.69,77537.0
2376,20260924,66.03,73.68,18.38,91623.0
2377,20260924,61.61,68.55,23.66,97208.0
2378,20260924,26.97,33.79,41.71,17777.0
2379,20260924,59.03,74.1,10.14,84792.0
2380,20260924,32.78,35.88,48.07,23568.0
2381,20260924,0.0,0.0,32.56,2565.0
2382,20260924,81.66,85.23,10.81,276737.0
2383,20260924,55.74,68.23,13.06,127162.0
2384,20260924,20.93,28.02,45.07,157964.0
2385,20260924,68.4,73.84,17.47,51571.0
2387,20260924,52.59,58.44,29.42,16878.0
2388,20260924,67.81,71.03,21.87,54596.0
2390,20260924,33.91,38.99,44.46,62170.0
2392,20260924,45.69,50.34,38.45,66064.0
2393,20260924,59.27,66.83,22.47,51337.0
2395,20260924,77.26,85.11,5.37,34751.0
2396,20260924,37.15,45.53,28.69,56588.0
2397,20260924,65.46,68.79,22.16,9142.0
2398,20260924,32.8,36.59,42.05,38402.0
2399,20260924,24.37,33.09,53.52,53774.0
2401,20260924,35.73,41.39,42.54,131070.0
2402,20260924,33.36,38.01,49.41,82508.0
2404,20260924,40.82,55.52,26.35,64528.0
2405,20260924,19.44,24.39,55.15,96825.0
2406,20260924,16.92,23.61,60.22,117292.0
2407,20260924,27.91,37.9,33.72,48641.0
2408,20260924,81.0,83.82,11.55,346436.0
2409,20260924,51.7,56.04,29.28,581955.0
2410,20260924,23.71,36.35,29.82,12539.0
2412,20260924,77.99,79.72,14.11,297048.0
2413,20260924,50.78,55.95,35.04,27210.0
2414,20260924,49.75,59.61,25.9,15662.0
2415,20260924,58.53,64.14,27.6,8807.0
2417,20260924,39.63,42.16,46.88,61506.0
2418,20260924,42.17,47.82,32.33,64440.0
2419,20260924,62.97,64.86,27.51,37884.0
2420,20260924,39.3,48.64,37.82,39126.0
2421,20260924,52.32,64.11,22.46,53748.0
2423,20260924,69.55,76.23,11.62,6164.0
2424,20260924,79.18,80.85,14.24,4329.0
2425,20260924,38.92,47.62,40.13,44029.0
2426,20260924,40.76,46.56,40.56,110699.0
2427,20260924,49.83,53.96,34.27,21774.0
2428,20260924,52.54,59.72,26.21,19376.0
2429,20260924,42.61,48.39,40.01,27484.0
2430,20260924,57.03,63.44,25.64,37910.0
2431,20260924,36.0,42.04,41.62,51473.0
2432,20260924,72.93,77.56,10.06,1258.0
2433,20260924,77.79,79.0,16.05,7840.0
2434,20260924,74.38,78.18,17.94,5913.0
2435,20260924,28.75,32.68,47.08,8964.0
2436,20260924,18.03,26.34,59.19,75941.0
2438,20260924,49.42,58.44,26.45,26476.0
2439,20260924,21.82,29.9,55.23,71562.0
2440,20260924,67.57,70.28,18.89,8605.0
2441,20260924,64.42,69.85,22.97,58064.0
2442,20260924,48.76,54.51,27.91,49900.0
2443,20260924,45.97,55.25,26.83,30670.0
2444,20260924,21.87,31.31,44.17,36425.0
2445,20260924,12.45,15.7,57.58,6213.0
2449,20260924,58.92,64.9,26.19,244713.0
2450,20260924,75.97,76.82,18.26,17503.0
2451,20260924,65.47,70.83,18.95,44946.0
2453,20260924,41.48,48.16,41.81,25423.0
2454,20260924,63.85,74.13,11.55,532871.0
2455,20260924,38.49,54.27,26.27,64789.0
2457,20260924,24.93,29.28,54.1,112125.0
2458,20260924,48.08,56.99,31.1,63863.0
2459,20260924,41.95,52.9,27.09,15057.0
2460,20260924,53.78,58.51,27.59,44471.0
2461,20260924,36.57,45.39,31.87,49973.0
2462,20260924,50.29,56.17,28.8,26033.0
2464,20260924,39.9,47.91,39.47,88136.0
2465,20260924,32.32,41.15,42.98,48632.0
2466,20260924,80.89,87.22,7.91,5386.0
2467,20260924,59.48,69.23,19.84,48127.0
2468,20260924,50.02,50.66,39.27,11535.0
2471,20260924,6.74,24.72,58.69,36717.0
2472,20260924,46.42,56.27,35.21,38375.0
2474,20260924,68.39,72.66,19.92,51061.0
2475,20260924,64.6,71.17,14.68,226549.0
2476,20260924,60.67,68.07,20.48,18825.0
2477,20260924,66.99,73.9,18.25,11701.0
2478,20260924,46.84,57.81,30.6,58711.0
2479,20260924,25.73,32.51,51.59,13052.0
2480,20260924,18.21,31.84,44.73,41805.0
2481,20260924,51.86,58.14,33.95,100282.0
2482,20260924,35.02,41.01,46.39,38582.0
2483,20260924,56.27,63.92,24.27,9301.0
2484,20260924,16.62,25.73,64.94,88701.0
2485,20260924,20.75,23.73,65.92,136309.0
2486,20260924,29.11,35.91,46.99,90911.0
2488,20260924,44.68,52.72,28.82,40651.0
2489,20260924,25.8,29.97,57.55,133997.0
2490,20260924,15.55,21.55,48.92,15413.0
2491,20260924,67.25,73.61,17.26,13399.0
2492,20260924,58.83,63.1,30.92,122823.0
2493,20260924,39.27,50.33,36.57,46611.0
2494,20260924,73.06,81.48,14.99,10286.0
2495,20260924,46.37,50.97,36.59,38109.0
2496,20260924,34.97,49.56,33.0,4233.0
2497,20260924,57.58,65.46,23.8,11945.0
2498,20260924,33.46,38.99,44.88,164924.0
2499,20260924,37.98,44.19,33.2,47821.0
2501,20260924,72.02,76.92,14.01,44410.0
2504,20260924,70.07,75.18,14.55,89925.0
2505,20260924,75.3,79.76,11.9,23776.0
2506,20260924,72.2,76.9,13.91,65344.0
2509,20260924,63.89,69.83,17.65,16364.0
2511,20260924,75.38,80.77,9.01,45913.0
2512,20260924,25.06,34.23,35.06,43903.0
2514,20260924,85.08,88.06,6.26,17682.0
2515,20260924,53.13,60.73,23.03,141612.0
2516,20260924,65.72,73.3,14.69,48952.0
2520,20260924,71.3,75.26,16.13,76442.0
2521,20260924,25.85,35.27,38.17,25288.0
2523,20260924,36.05,44.8,28.65,14031.0
2524,20260924,91.61,93.23,4.05,7575.0
2525,20260924,20.38,31.82,37.92,52517.0
2527,20260924,76.56,81.45,9.39,7354.0
2528,20260924,79.01,84.3,7.41,8330.0
2530,20260924,82.05,85.84,5.82,30888.0
2533,20260924,26.18,38.41,37.64,14039.0
2534,20260924,66.23,72.82,14.86,63108.0
2535,20260924,54.91,60.89,25.57,63394.0
2536,20260924,69.77,78.16,9.05,8362.0
2537,20260924,53.04,61.48,23.42,43271.0
2538,20260924,65.75,73.76,12.16,28693.0
2539,20260924,85.08,87.34,6.43,21256.0
2540,20260924,89.27,91.25,5.13,17339.0
2542,20260924,61.11,64.47,23.37,110617.0
2543,20260924,67.48,71.26,18.77,32110.0
2545,20260924,73.9,76.86,15.29,16397.0
2546,20260924,59.26,63.27,23.68,53687.0
2547,20260924,64.12,70.67,15.05,74395.0
2548,20260924,39.12,49.81,33.69,40818.0
2553,20260924,11.19,18.95,60.55,19283.0
2566,20260924,0.0,0.0,62.13,325.0
2569,20260924,74.73,83.38,5.97,61.0
2572,20260924,57.57,83.39,4.57,14.0
2591,20260924,0.0,0.0,66.79,80.0
2592,20260924,82.1,90.43,3.09,57.0
2596,20260924,61.72,72.18,12.69,3230.0
2597,20260924,78.07,81.34,10.24,12942.0
2599,20260924,51.87,66.13,8.6,1377.0
2601,20260924,26.17,31.57,46.65,106567.0
2603,20260924,70.47,75.57,17.47,268257.0
2605,20260924,49.41,55.57,31.37,104834.0
2606,20260924,75.17,78.77,14.78,45378.0
2607,20260924,71.63,78.18,13.33,38825.0
2608,20260924,71.31,76.53,16.59,51866.0
2609,20260924,60.33,63.51,30.27,352216.0
2610,20260924,70.24,73.09,18.14,242550.0
2611,20260924,44.15,48.15,38.86,50522.0
2612,20260924,71.83,76.73,16.2,36509.0
2613,20260924,49.61,56.12,32.26,40005.0
2614,20260924,41.16,46.4,38.31,100717.0
2615,20260924,86.75,89.56,7.07,91630.0
2616,20260924,41.0,45.04,43.35,213475.0
2617,20260924,60.25,65.63,23.23,27508.0
2618,20260924,79.72,82.95,11.31,193315.0
2622,20260924,0.0,0.0,29.0,11.0
2626,20260924,0.0,0.0,78.3,296.0
2630,20260924,61.69,63.72,29.16,23325.0
2633,20260924,85.14,86.89,8.66,104758.0
2634,20260924,46.47,48.65,38.44,116267.0
2636,20260924,37.78,44.63,42.82,55208.0
2637,20260924,78.69,84.05,8.13,23222.0
2639,20260924,99.01,99.01,0.74,1106.0
2640,20260924,58.17,73.62,11.2,3455.0
2641,20260924,22.76,28.48,50.73,80079.0
2642,20260924,60.38,60.38,35.61,19530.0
2643,20260924,58.79,63.97,27.88,4270.0
2644,20260924,74.84,80.05,9.29,2503.0
2645,20260924,78.25,80.95,13.56,31041.0
2646,20260924,63.6,65.29,26.81,241334.0
2701,20260924,84.79,86.36,7.16,14720.0
2702,20260924,72.55,73.71,17.67,12326.0
2704,20260924,83.75,88.83,5.23,30459.0
2705,20260924,60.58,66.7,22.4,83185.0
2706,20260924,81.55,85.49,6.88,16044.0
2707,20260924,54.73,60.93,29.41,18056.0
2712,20260924,86.86,90.79,5.22,2012.0
2714,20260924,0.0,0.0,99.98,3933.0
2717,20260924,0.0,0.0,1.88,8.0
2718,20260924,88.24,88.24,6.42,2621.0
2719,20260924,89.18,90.67,8.06,3278.0
2720,20260924,48.9,61.03,14.08,2751.0
2722,20260924,82.28,87.45,8.46,4894.0
2723,20260924,61.77,69.92,17.42,8907.0
2724,20260924,81.39,84.84,5.52,1028.0
2726,20260924,49.97,65.04,18.67,2434.0
2727,20260924,17.12,39.49,37.68,148792.0
2729,20260924,59.55,68.1,24.61,6174.0
2730,20260924,86.67,86.67,4.7,2322.0
2731,20260924,34.93,43.83,43.01,30497.0
2732,20260924,54.15,59.22,33.21,6046.0
2733,20260924,75.36,77.51,11.97,684.0
2734,20260924,31.34,38.99,44.32,28680.0
2735,20260924,0.0,0.0,99.99,21.0
2736,20260924,46.33,55.95,26.36,6291.0
2738,20260924,94.86,97.88,0.17,57.0
2739,20260924,69.14,73.83,17.38,5354.0
2740,20260924,72.53,72.53,7.02,2928.0
2741,20260924,48.86,64.85,21.3,1726.0
2743,20260924,50.27,52.86,37.39,6729.0
2745,20260924,51.28,51.28,38.27,5250.0
2748,20260924,59.44,61.46,27.72,9549.0
2749,20260924,33.27,75.15,6.11,248.0
2750,20260924,88.06,98.53,0.2,180.0
2751,20260924,60.31,60.31,21.73,1558.0
2752,20260924,40.59,63.58,16.2,2574.0
2753,20260924,43.84,54.98,27.6,11882.0
2754,20260924,66.51,73.13,18.44,4337.0
2755,20260924,58.23,66.21,17.49,3844.0
2756,20260924,53.58,71.12,14.79,1599.0
2758,20260924,46.27,73.57,13.41,7436.0
2759,20260924,100.0,100.0,0.0,1.0
2760,20260924,84.47,89.19,2.76,169.0
2761,20260924,46.07,57.63,14.72,670.0
2762,20260924,80.86,85.45,8.54,6155.0
2801,20260924,74.11,77.71,11.05,282214.0
2807,20260924,0.0,0.0,92.69,7181.0
2811,20260924,26.43,34.55,38.88,52214.0
2812,20260924,54.03,59.32,21.08,248123.0
2816,20260924,75.21,80.95,8.72,10430.0
2820,20260924,62.31,66.17,19.68,73435.0
2825,20260924,0.0,5.7,87.01,9437.0
2827,20260924,29.7,36.75,38.39,30310.0
2831,20260924,57.24,62.1,19.42,42051.0
2832,20260924,63.31,69.47,16.52,19593.0
2834,20260924,54.93,60.57,20.26,395149.0
2836,20260924,82.7,85.55,7.75,35385.0
2838,20260924,88.75,90.5,5.38,50637.0
2841,20260924,50.11,57.39,20.66,60334.0
2845,20260924,71.26,75.8,11.74,99414.0
2849,20260924,97.98,98.52,0.83,9836.0
2850,20260924,57.82,67.95,18.72,17860.0
2851,20260924,66.59,71.46,16.32,27445.0
2852,20260924,53.79,66.54,16.97,21685.0
2855,20260924,72.93,77.88,11.36,56285.0
2880,20260924,79.63,82.08,10.09,471698.0
2881,20260924,84.6,86.8,8.6,377248.0
2882,20260924,83.51,85.9,9.15,399731.0
2883,20260924,65.47,69.23,18.15,722527.0
2884,20260924,70.33,74.45,15.03,624871.0
2885,20260924,80.42,83.08,10.9,458836.0
2886,20260924,81.94,83.42,11.63,457269.0
2887,20260924,71.62,75.61,13.14,714172.0
2889,20260924,69.28,72.03,18.74,221511.0
2890,20260924,78.12,81.25,11.12,451689.0
2891,20260924,79.11,81.95,11.2,578626.0
2892,20260924,68.48,72.37,15.23,435884.0
2897,20260924,82.56,86.62,6.39,27275.0
2901,20260924,71.6,79.13,11.09,13552.0
2902,20260924,36.81,47.86,29.67,11477.0
2903,20260924,76.73,79.97,12.35,58558.0
2904,20260924,50.17,54.27,32.74,16802.0
2905,20260924,81.04,84.36,8.04,26949.0
2906,20260924,59.26,65.12,21.51,17575.0
2908,20260924,90.13,92.33,4.57,10780.0
2910,20260924,92.95,96.61,0.87,1364.0
2911,20260924,40.98,45.99,40.78,39630.0
2912,20260924,79.67,83.89,11.05,74487.0
2913,20260924,50.14,57.26,26.28,113109.0
2915,20260924,64.05,69.85,16.74,57897.0
2916,20260924,51.07,58.93,24.99,4625.0
2920,20260924,35.79,35.79,46.63,974.0
2923,20260924,99.36,99.54,0.25,5102.0
2924,20260924,84.08,89.51,2.88,462.0
2926,20260924,65.2,74.64,11.82,2124.0
2929,20260924,24.98,32.74,41.87,50361.0
2936,20260924,98.55,99.52,0.22,154.0
2937,20260924,71.58,84.55,3.95,943.0
2938,20260924,67.54,69.37,21.66,1469.0
2939,20260924,53.88,76.14,9.42,7041.0
2940,20260924,16.94,58.13,3.26,238.0
2941,20260924,20.62,66.47,12.05,3069.0
2942,20260924,88.06,90.71,5.13,1649.0
2945,20260924,83.48,83.48,11.79,3174.0
2947,20260924,54.68,62.81,12.99,11683.0
2948,20260924,69.09,80.37,10.44,1080.0
2949,20260924,62.46,81.77,6.6,2806.0
3001,20260924,10.82,19.56,50.62,6674.0
3002,20260924,59.19,64.88,24.19,9147.0
3003,20260924,53.33,60.28,28.34,15846.0
3004,20260924,45.77,58.91,23.96,18306.0
3005,20260924,68.7,73.71,17.04,48584.0
3006,20260924,45.13,55.43,31.17,68791.0
3008,20260924,40.98,55.34,22.26,123794.0
3010,20260924,51.7,62.88,22.67,50006.0
3011,20260924,27.2,35.97,41.12,48830.0
3013,20260924,39.93,44.49,45.82,48269.0
3014,20260924,20.97,32.89,47.81,54295.0
3015,20260924,54.48,63.81,24.63,16962.0
3016,20260924,71.77,75.39,18.19,35538.0
3017,20260924,54.56,67.59,13.47,97831.0
3018,20260924,62.19,64.28,28.09,36599.0
3019,20260924,32.69,38.98,50.07,96143.0
3020,20260924,99.45,99.45,0.52,1634.0
3021,20260924,65.36,70.62,20.89,8465.0
3022,20260924,60.35,65.74,22.91,17141.0
3023,20260924,56.74,70.11,13.09,51487.0
3024,20260924,37.95,50.6,28.35,57474.0
3025,20260924,12.38,23.23,55.83,41509.0
3026,20260924,36.81,55.42,30.31,72231.0
3027,20260924,33.48,42.6,40.75,47697.0
3028,20260924,37.68,42.72,43.82,55081.0
3029,20260924,35.21,42.9,42.32,64069.0
3030,20260924,51.18,57.36,28.84,35868.0
3031,20260924,57.42,60.35,31.93,17549.0
3032,20260924,44.39,52.1,29.95,33090.0
3033,20260924,32.11,39.16,42.5,97224.0
3034,20260924,60.15,71.9,14.2,89692.0
3035,20260924,26.84,31.67,55.53,112244.0
3036,20260924,77.76,82.97,10.49,87776.0
3037,20260924,70.86,78.74,11.95,273127.0
3038,20260924,33.3,41.23,41.87,49821.0
3039,20260924,17.71,33.29,31.87,5427.0
3040,20260924,64.61,68.18,21.79,23169.0
3041,20260924,23.07,26.94,58.06,69748.0
3042,20260924,49.18,56.64,31.02,88750.0
3043,20260924,14.4,19.69,53.69,54686.0
3044,20260924,69.23,79.99,8.52,33717.0
3045,20260924,90.43,92.98,4.39,59330.0
3046,20260924,46.74,54.54,33.09,19898.0
3047,20260924,14.98,20.17,62.15,67570.0
3048,20260924,41.9,48.04,41.22,80733.0
3049,20260924,43.15,46.32,39.21,118807.0
3050,20260924,42.21,52.07,32.98,42102.0
3051,20260924,25.68,34.22,44.04,66588.0
3052,20260924,48.01,58.27,22.23,48936.0
3053,20260924,27.94,54.35,24.71,1489.0
3054,20260924,85.16,88.38,6.35,3384.0
3055,20260924,56.01,66.08,22.44,28226.0
3056,20260924,27.47,34.1,43.22,71612.0
3057,20260924,32.89,34.49,46.38,37308.0
3058,20260924,15.12,21.9,53.7,49777.0
3059,20260924,19.33,23.8,59.7,95536.0
3060,20260924,12.43,20.14,54.41,70085.0
3062,20260924,16.3,24.21,58.1,72324.0
3064,20260924,60.15,63.47,20.32,2935.0
3065,20260924,78.86,83.62,7.37,1469.0
3066,20260924,67.25,73.57,16.09,5022.0
3067,20260924,63.62,71.33,9.61,755.0
3069,20260924,35.56,35.56,45.77,1424.0
3070,20260924,18.25,51.25,14.26,172.0
3071,20260924,55.16,58.54,31.79,11178.0
3072,20260924,0.0,0.0,49.25,58.0
3073,20260924,37.96,57.73,24.63,4161.0
3075,20260924,70.68,70.68,20.9,431.0
3076,20260924,53.02,53.02,8.59,31.0
3077,20260924,0.0,0.0,64.41,90.0
3078,20260924,28.4,37.04,47.83,59079.0
3079,20260924,19.24,32.06,42.22,4365.0
3081,20260924,30.15,45.27,28.48,80519.0
3082,20260924,0.0,0.0,58.5,66.0
3083,20260924,53.1,56.61,33.87,8780.0
3084,20260924,0.0,0.0,56.17,225.0
3085,20260924,87.92,89.64,4.74,2904.0
3086,20260924,83.02,85.5,9.18,7958.0
3087,20260924,97.95,97.95,1.85,443.0
3088,20260924,37.29,48.81,34.25,16592.0
3090,20260924,54.81,61.48,31.44,71444.0
3091,20260924,0.0,0.0,99.97,95.0
3092,20260924,30.31,38.0,41.36,32016.0
3093,20260924,71.63,76.18,17.27,7762.0
3094,20260924,24.76,29.34,52.82,40865.0
3095,20260924,41.42,54.41,27.94,25363.0
3096,20260924,38.62,50.21,23.93,666.0
3097,20260924,81.35,86.84,4.53,635.0
3098,20260924,0.0,0.0,50.06,76.0
3099,20260924,23.21,37.62,30.59,13803.0
3105,20260924,49.69,55.69,33.54,125535.0
3114,20260924,41.57,52.92,31.29,7780.0
3115,20260924,85.38,86.25,5.38,17843.0
3116,20260924,83.52,83.52,9.77,18.0
3117,20260924,42.7,56.12,22.69,1512.0
3118,20260924,18.51,37.79,34.01,41913.0
3122,20260924,15.85,26.59,52.22,46109.0
3126,20260924,31.93,44.15,20.08,2744.0
3128,20260924,23.78,31.27,48.62,49102.0
3130,20260924,49.3,55.42,32.91,7388.0
3131,20260924,35.29,50.13,23.32,30894.0
3133,20260924,46.91,63.27,13.81,492.0
3135,20260924,43.32,48.51,40.16,22146.0
3137,20260924,0.0,0.0,27.46,80.0
3138,20260924,18.98,26.17,58.9,32153.0
3141,20260924,10.28,27.66,53.0,31761.0
3142,20260924,38.74,51.28,18.25,5169.0
3146,20260924,0.0,0.0,4.79,16.0
3147,20260924,47.6,54.79,26.98,7307.0
3149,20260924,19.51,26.13,55.03,67011.0
3150,20260924,46.29,53.98,21.3,5745.0
3151,20260924,26.17,36.97,37.42,656.0
3152,20260924,28.24,43.76,34.93,8785.0
3158,20260924,23.46,36.09,22.48,1751.0
3159,20260924,20.39,28.6,35.37,483.0
3161,20260924,82.62,95.15,2.9,179.0
3162,20260924,55.63,60.92,25.5,14601.0
3163,20260924,17.59,27.07,56.96,99273.0
3164,20260924,40.03,55.29,27.56,22703.0
3166,20260924,94.66,96.38,1.63,98.0
3167,20260924,41.64,52.89,24.16,28368.0
3168,20260924,66.9,75.47,11.71,2521.0
3169,20260924,28.58,36.54,40.97,27528.0
3171,20260924,71.98,76.93,14.5,2273.0
3176,20260924,30.53,37.33,39.7,45560.0
3177,20260924,60.86,75.32,16.75,205.0
3178,20260924,61.31,64.37,23.98,4601.0
3179,20260924,16.07,30.35,9.78,110.0
3184,20260924,47.66,55.91,27.04,3587.0
3185,20260924,0.0,0.0,19.16,32.0
3186,20260924,77.49,77.49,17.64,2283.0
3188,20260924,68.4,75.64,12.42,7358.0
3189,20260924,68.03,73.94,17.35,123223.0
3190,20260924,71.03,74.69,2.31,59.0
3191,20260924,47.59,54.39,27.25,18246.0
3192,20260924,0.0,0.0,20.84,7.0
3193,20260924,0.0,0.0,99.98,13.0
3194,20260924,53.63,73.1,7.59,161.0
3196,20260924,0.0,0.0,100.0,2.0
3202,20260924,19.46,24.59,52.83,37700.0
3205,20260924,61.71,66.33,19.16,31212.0
3206,20260924,42.69,55.2,28.94,23256.0
3207,20260924,22.48,37.56,32.59,21317.0
3208,20260924,46.49,46.49,22.7,107.0
3209,20260924,34.32,42.43,40.1,56719.0
3211,20260924,39.19,49.44,40.93,82755.0
3212,20260924,0.0,0.0,25.0,13.0
3213,20260924,16.7,28.12,48.57,46855.0
3216,20260924,0.0,0.0,99.99,5.0
3217,20260924,31.08,41.9,43.08,15881.0
3218,20260924,48.78,55.53,33.56,18142.0
3219,20260924,76.22,82.66,10.75,3818.0
3221,20260924,10.12,26.04,57.61,48262.0
3222,20260924,0.0,0.0,99.99,11.0
3223,20260924,0.0,0.0,3.92,31.0
3224,20260924,63.52,71.94,15.33,16488.0
3226,20260924,71.15,87.66,3.41,1233.0
3227,20260924,25.19,39.08,44.51,57120.0
3228,20260924,19.55,24.29,55.54,34397.0
3229,20260924,67.46,68.21,22.53,11278.0
3230,20260924,46.65,53.75,30.19,19484.0
3231,20260924,65.09,69.47,22.9,351243.0
3232,20260924,43.95,58.39,22.25,14674.0
3233,20260924,0.0,0.0,77.67,38.0
3234,20260924,26.11,35.21,45.58,46629.0
3236,20260924,26.49,30.05,56.51,64320.0
3237,20260924,0.0,0.0,63.84,104.0
3239,20260924,0.0,94.47,5.52,9.0
3240,20260924,99.94,99.94,0.04,3.0
3252,20260924,66.59,79.17,12.19,2631.0
3257,20260924,37.1,43.72,40.78,28651.0
3258,20260924,7.58,10.19,70.79,91896.0
3259,20260924,62.64,70.99,15.13,3820.0
3260,20260924,28.41,34.24,51.96,141309.0
3264,20260924,65.14,72.27,17.6,74633.0
3265,20260924,59.63,68.77,22.16,15698.0
3266,20260924,89.14,90.47,4.19,3678.0
3267,20260924,26.87,29.55,26.26,533.0
3268,20260924,28.51,34.64,41.56,42764.0
3272,20260924,45.51,50.29,37.22,9116.0
3274,20260924,0.0,74.43,5.2,34.0
3276,20260924,53.88,59.59,23.97,47210.0
3278,20260924,0.0,0.0,99.98,18.0
3279,20260924,0.0,0.0,54.47,113.0
3280,20260924,100.0,100.0,0.0,1.0
3283,20260924,15.13,49.64,18.24,146.0
3284,20260924,66.72,70.07,18.69,21772.0
3285,20260924,51.74,65.23,14.68,9796.0
3286,20260924,0.0,0.0,99.98,45.0
3287,20260924,48.76,58.55,26.03,3877.0
3288,20260924,36.75,48.2,28.52,11395.0
3289,20260924,13.05,27.01,55.7,58834.0
3290,20260924,40.59,54.56,25.44,26101.0
3293,20260924,45.95,55.7,31.52,108091.0
3294,20260924,46.98,51.75,36.56,16230.0
3295,20260924,0.0,0.0,47.65,18.0
3296,20260924,70.72,76.96,12.29,7019.0
3297,20260924,36.6,50.46,38.42,9780.0
3301,20260924,70.3,79.23,7.01,996.0
3302,20260924,0.0,0.0,1.84,3.0
3303,20260924,35.03,47.46,31.57,14200.0
3304,20260924,9.88,33.55,23.66,424.0
3305,20260924,35.71,42.05,46.03,60965.0
3306,20260924,43.14,48.69,40.17,29769.0
3308,20260924,59.07,61.83,27.97,10342.0
3309,20260924,53.91,77.1,5.02,24.0
3310,20260924,70.43,82.3,6.78,1718.0
3311,20260924,50.59,57.74,29.11,39118.0
3312,20260924,42.55,44.47,45.12,69030.0
3313,20260924,74.35,76.27,15.9,34147.0
3317,20260924,24.07,31.87,56.35,61839.0
3318,20260924,41.84,56.8,11.49,925.0
3320,20260924,0.0,0.0,6.08,5.0
3321,20260924,37.66,47.53,30.71,28373.0
3322,20260924,29.32,34.7,39.33,64976.0
3323,20260924,15.5,20.97,65.57,69171.0
3324,20260924,36.37,60.19,24.13,55570.0
3325,20260924,14.78,30.44,43.53,61106.0
3328,20260924,0.0,74.85,25.13,42.0
3330,20260924,0.0,0.0,100.0,4.0
3332,20260924,77.98,87.0,5.99,1710.0
3333,20260924,0.0,0.0,99.99,4.0
3334,20260924,89.35,91.54,3.09,127.0
3338,20260924,22.59,30.65,53.06,62058.0
3339,20260924,13.83,26.57,52.51,31115.0
3342,20260924,33.08,53.13,15.71,762.0
3343,20260924,39.29,44.66,17.6,869.0
3344,20260924,0.0,32.65,4.94,40.0
3345,20260924,93.93,95.55,1.32,101.0
3346,20260924,20.5,27.05,53.41,39390.0
3348,20260924,0.0,19.86,29.17,46.0
3349,20260924,26.89,49.89,17.46,1676.0
3350,20260924,0.0,14.05,37.45,923.0
3353,20260924,0.0,0.0,100.0,1.0
3354,20260924,70.56,71.7,23.27,6846.0
3355,20260924,0.0,0.0,99.99,8.0
3356,20260924,27.84,34.5,46.85,13809.0
3357,20260924,41.44,57.36,27.06,21034.0
3360,20260924,16.99,22.59,54.01,46819.0
3361,20260924,68.18,81.55,6.04,389.0
3362,20260924,49.06,58.75,31.51,32115.0
3363,20260924,28.06,37.12,40.99,71560.0
3364,20260924,0.0,0.0,40.5,216.0
3366,20260924,0.0,0.0,100.0,2.0
3369,20260924,54.42,56.22,27.64,4634.0
3370,20260924,0.0,0.0,70.1,47.0
3371,20260924,78.3,78.3,6.66,26.0
3372,20260924,50.98,53.81,33.56,57164.0
3373,20260924,24.99,26.37,57.48,35517.0
3374,20260924,64.17,67.77,24.18,49048.0
3376,20260924,27.56,39.77,43.75,57798.0
3377,20260924,35.71,64.25,8.51,241.0
3379,20260924,24.78,28.51,55.82,29803.0
3380,20260924,63.11,65.64,23.86,42917.0
3381,20260924,0.0,0.0,15.94,7.0
3383,20260924,38.5,48.48,32.05,11620.0
3386,20260924,100.0,100.0,0.0,1.0
3388,20260924,29.65,37.93,44.77,15221.0
3390,20260924,17.95,31.21,42.37,56190.0
3391,20260924,52.44,66.0,10.57,928.0
3394,20260924,0.0,0.0,59.0,162.0
3397,20260924,0.0,0.0,87.49,1813.0
3401,20260924,0.0,0.0,42.01,9.0
3402,20260924,24.52,30.72,52.78,38541.0
3404,20260924,0.0,0.0,50.2,50.0
3406,20260924,39.78,60.93,19.05,34666.0
3408,20260924,0.0,0.0,99.99,10.0
3412,20260924,84.95,84.95,10.3,261.0
3413,20260924,41.98,46.79,38.87,28066.0
3414,20260924,0.0,0.0,78.73,252.0
3416,20260924,51.58,56.66,27.27,9464.0
3419,20260924,24.06,31.27,46.26,30604.0
3430,20260924,33.52,33.52,47.84,33243.0
3431,20260924,46.69,51.35,32.5,12537.0
3432,20260924,58.48,66.5,21.54,3503.0
3434,20260924,33.02,47.1,34.23,9281.0
3437,20260924,19.88,25.4,58.28,47137.0
3438,20260924,43.53,45.12,45.48,28309.0
3441,20260924,11.45,25.54,56.94,34926.0
3443,20260924,51.28,64.79,15.58,45271.0
3444,20260924,38.57,49.35,33.67,5047.0
3447,20260924,51.2,59.48,26.28,5773.0
3450,20260924,31.32,43.24,43.3,78609.0
3455,20260924,11.28,31.73,46.43,44133.0
3462,20260924,100.0,100.0,0.0,1.0
3463,20260924,100.0,100.0,0.0,1.0
3465,20260924,58.2,68.03,14.58,4560.0
3466,20260924,33.76,45.81,32.82,28997.0
3467,20260924,55.4,62.38,20.28,2584.0
3469,20260924,42.15,63.92,5.88,191.0
3471,20260924,25.6,45.04,22.44,503.0
3472,20260924,43.84,58.36,15.28,1709.0
3473,20260924,67.92,76.03,6.03,270.0
3475,20260924,0.0,0.0,84.28,1777.0
3479,20260924,30.26,39.82,44.28,37494.0
3481,20260924,32.42,37.07,45.85,996700.0
3482,20260924,16.87,44.4,40.68,527.0
3483,20260924,13.05,21.81,61.49,52370.0
3484,20260924,24.43,32.37,42.04,47074.0
3485,20260924,33.54,51.37,28.63,7270.0
3489,20260924,79.83,81.58,10.07,2699.0
3490,20260924,19.07,24.77,55.53,34341.0
3491,20260924,22.66,36.52,35.64,64003.0
3492,20260924,41.95,47.22,31.04,2826.0
3494,20260924,56.76,61.82,22.37,17999.0
3496,20260924,70.66,79.91,7.09,205.0
3497,20260924,23.86,33.29,24.09,112.0
3498,20260924,48.11,55.35,28.95,53995.0
3499,20260924,41.85,44.34,41.92,41453.0
3501,20260924,42.49,47.37,35.35,12232.0
3502,20260924,12.4,34.17,29.02,283.0
3504,20260924,60.57,66.13,26.59,13156.0
3505,20260924,87.89,87.89,10.82,160.0
3506,20260924,0.0,19.83,47.43,606.0
3507,20260924,75.26,87.08,7.83,278.0
3508,20260924,37.53,47.75,39.64,67413.0
3511,20260924,51.13,53.61,36.52,9383.0
3512,20260924,64.42,71.88,16.44,4810.0
3513,20260924,51.88,97.03,0.2,25.0
3515,20260924,61.8,69.14,19.14,13669.0
3516,20260924,67.72,77.96,10.95,3145.0
3517,20260924,0.0,13.89,50.59,663.0
3518,20260924,26.08,36.29,34.21,29821.0
3519,20260924,46.45,50.83,34.48,65059.0
3520,20260924,28.63,41.1,34.52,48041.0
3521,20260924,78.97,81.8,8.58,39645.0
3522,20260924,50.31,56.86,22.06,28090.0
3523,20260924,78.36,83.4,8.77,7776.0
3524,20260924,39.39,66.46,9.53,301.0
3526,20260924,29.46,44.49,28.23,20954.0
3527,20260924,20.06,26.65,45.5,25023.0
3528,20260924,62.6,69.54,20.77,5565.0
3529,20260924,31.34,53.85,17.24,26872.0
3530,20260924,53.68,57.41,33.47,15931.0
3531,20260924,60.81,80.37,9.43,1821.0
3532,20260924,87.97,90.37,6.35,23750.0
3533,20260924,44.16,61.18,18.51,37152.0
3535,20260924,24.14,26.36,56.93,43282.0
3536,20260924,65.12,67.9,20.69,6379.0
3537,20260924,23.54,29.45,56.77,44991.0
3540,20260924,21.9,23.52,59.94,59603.0
3541,20260924,24.84,35.93,36.65,17972.0
3542,20260924,0.0,0.0,14.22,34.0
3543,20260924,49.68,61.83,18.47,24777.0
3544,20260924,0.0,0.0,79.92,578.0
3545,20260924,19.26,24.98,59.47,81633.0
3546,20260924,23.07,34.59,46.57,34486.0
3548,20260924,24.21,32.71,50.49,40605.0
3549,20260924,0.0,0.0,61.7,239.0
3550,20260924,32.88,43.94,41.85,51553.0
3551,20260924,34.23,50.12,38.34,13867.0
3552,20260924,32.42,36.84,50.08,55136.0
3554,20260924,87.29,87.29,5.43,135.0
3555,20260924,77.74,80.48,10.73,4311.0
3556,20260924,13.67,16.52,67.84,64337.0
3557,20260924,53.32,61.05,25.03,20099.0
3558,20260924,47.07,51.04,40.88,12051.0
3560,20260924,59.92,74.02,8.64,194.0
3563,20260924,39.11,50.57,33.66,36712.0
3564,20260924,59.07,60.19,29.38,6452.0
3566,20260924,60.69,73.96,6.44,10580.0
3567,20260924,7.93,18.59,57.13,33620.0
3568,20260924,46.71,72.36,13.46,186.0
3570,20260924,45.25,54.02,34.67,2900.0
3571,20260924,0.0,0.0,80.92,416.0
3572,20260924,29.87,44.74,14.07,330.0
3574,20260924,0.0,67.92,12.39,15.0
3576,20260924,35.11,39.59,43.33,211959.0
3577,20260924,52.36,67.22,16.9,4620.0
3579,20260924,65.76,74.14,18.67,6150.0
3580,20260924,7.21,15.24,54.57,41064.0
3581,20260924,48.54,59.14,29.21,7185.0
3583,20260924,46.74,59.65,27.52,31755.0
3584,20260924,18.43,25.46,50.22,21932.0
3585,20260924,34.96,39.66,44.32,14665.0
3586,20260924,0.0,51.29,18.04,88.0
3587,20260924,21.81,31.35,52.22,29884.0
3588,20260924,18.58,27.46,55.07,49295.0
3591,20260924,45.6,52.43,32.16,17175.0
3592,20260924,24.87,36.79,45.65,36841.0
3593,20260924,50.01,64.24,18.52,24758.0
3594,20260924,42.11,53.49,28.45,20319.0
3595,20260924,28.89,30.72,45.67,24773.0
3596,20260924,59.88,69.3,19.51,25146.0
3597,20260924,56.91,64.46,17.45,2187.0
3601,20260924,40.76,52.62,14.27,688.0
3603,20260924,64.91,71.13,10.48,681.0
3604,20260924,0.0,0.0,38.94,14.0
3605,20260924,61.62,69.66,20.98,40932.0
3606,20260924,43.23,77.4,3.7,98.0
3607,20260924,21.49,32.25,38.1,47085.0
3609,20260924,34.35,52.6,22.14,7478.0
3610,20260924,76.71,78.87,13.42,1499.0
3611,20260924,46.89,58.29,24.37,4793.0
3613,20260924,50.87,66.67,12.97,1140.0
3615,20260924,24.72,31.41,57.38,42954.0
3616,20260924,25.84,42.66,21.02,3455.0
3617,20260924,52.68,66.32,16.01,7181.0
3619,20260924,15.73,27.79,17.83,164.0
3622,20260924,55.33,58.58,28.46,25066.0
3623,20260924,48.24,53.6,35.59,8206.0
3624,20260924,50.14,57.26,31.82,40043.0
3625,20260924,37.64,48.7,34.5,42829.0
3627,20260924,50.03,56.06,26.78,14080.0
3628,20260924,56.02,59.15,24.81,7403.0
3629,20260924,84.01,86.89,6.21,1739.0
3630,20260924,51.09,54.16,33.63,27915.0
3631,20260924,74.44,80.25,7.82,1672.0
3632,20260924,15.58,17.2,72.13,33223.0
3633,20260924,46.15,60.69,21.62,1856.0
3634,20260924,72.48,82.97,4.21,217.0
3635,20260924,0.0,0.0,48.21,397.0
3636,20260924,87.18,87.18,6.19,502.0
3637,20260924,71.3,77.46,10.92,824.0
3642,20260924,49.5,63.39,19.52,18060.0
3643,20260924,97.95,97.95,1.78,403.0
3644,20260924,67.82,76.25,8.63,2270.0
3645,20260924,27.86,37.59,47.39,65741.0
3646,20260924,19.97,48.81,18.28,36454.0
3647,20260924,0.0,0.0,69.56,2940.0
3649,20260924,0.0,36.51,20.34,275.0
3651,20260924,89.61,95.9,0.72,69.0
3652,20260924,67.94,72.29,14.41,3493.0
3653,20260924,64.26,70.61,10.61,31995.0
3656,20260924,75.19,77.46,14.13,3282.0
3657,20260924,86.89,97.29,2.69,47.0
3659,20260924,78.88,86.52,6.37,628.0
3661,20260924,9.73,35.31,39.03,105945.0
3662,20260924,48.89,53.41,30.92,22514.0
3663,20260924,61.98,64.96,28.54,23980.0
3664,20260924,66.69,68.46,17.07,5801.0
3665,20260924,45.03,62.53,15.0,49970.0
3666,20260924,80.26,83.34,10.7,28557.0
3669,20260924,54.68,58.58,29.75,8152.0
3671,20260924,72.48,87.86,0.93,53.0
3672,20260924,40.16,55.92,17.24,20983.0
3673,20260924,35.99,41.71,43.43,83359.0
3674,20260924,65.86,71.06,14.21,405.0
3675,20260924,55.16,58.48,29.28,13435.0
3678,20260924,35.95,52.55,16.69,1017.0
3679,20260924,54.01,65.87,19.33,5096.0
3680,20260924,43.9,57.58,27.98,29425.0
3681,20260924,94.39,95.08,2.05,341.0
3683,20260924,100.0,100.0,0.0,1.0
3684,20260924,52.87,62.43,22.66,6111.0
3685,20260924,44.54,62.21,16.62,13407.0
3686,20260924,16.77,21.85,56.08,62542.0
3687,20260924,32.52,37.33,49.99,36356.0
3689,20260924,14.12,26.41,54.42,34124.0
3690,20260924,83.95,89.17,4.93,1356.0
3691,20260924,54.18,59.71,28.22,12830.0
3693,20260924,41.76,52.81,30.67,22644.0
3694,20260924,53.65,57.97,29.28,14260.0
3701,20260924,70.63,72.82,21.79,48851.0
3702,20260924,78.02,83.11,10.15,95908.0
3703,20260924,68.23,72.4,16.77,34598.0
3704,20260924,57.96,64.85,24.08,43383.0
3705,20260924,62.56,69.52,18.13,26125.0
3706,20260924,52.45,55.34,36.09,196072.0
3707,20260924,41.78,45.3,46.58,92393.0
3708,20260924,38.35,49.07,36.13,46360.0
3709,20260924,66.31,71.93,18.0,8542.0
3710,20260924,16.67,26.0,44.45,22975.0
3711,20260924,81.51,86.98,7.73,331101.0
3712,20260924,55.03,58.0,30.72,36093.0
3713,20260924,44.1,56.59,19.5,4185.0
3714,20260924,38.26,43.75,40.04,156218.0
3715,20260924,20.48,29.64,58.44,97351.0
3716,20260924,45.5,52.82,34.46,53613.0
3717,20260924,31.64,39.67,39.33,49722.0
3718,20260924,35.52,41.78,48.14,102843.0
4102,20260924,33.76,46.47,27.56,37608.0
4104,20260924,40.06,45.27,41.79,44243.0
4105,20260924,39.02,48.23,31.45,52109.0
4106,20260924,46.2,51.02,33.69,16095.0
4107,20260924,51.88,61.71,23.06,13540.0
4108,20260924,23.57,28.84,45.42,54661.0
4109,20260924,36.1,43.87,34.34,43652.0
4111,20260924,33.16,42.72,31.63,46390.0
4113,20260924,63.67,74.29,11.71,20090.0
4114,20260924,37.26,44.28,33.43,74386.0
4115,20260924,69.74,75.96,9.1,996.0
4116,20260924,54.95,54.95,30.47,4371.0
4117,20260924,37.83,54.94,28.42,6127.0
4119,20260924,45.06,47.67,33.68,26660.0
4120,20260924,63.89,71.56,15.32,7446.0
4121,20260924,44.47,49.63,38.13,51550.0
4123,20260924,52.71,59.38,24.97,47482.0
4125,20260924,0.0,0.0,70.69,218.0
4126,20260924,55.08,63.1,24.98,22468.0
4127,20260924,65.58,71.74,14.87,26594.0
4128,20260924,39.55,43.56,35.78,101123.0
4129,20260924,48.89,60.12,22.7,34032.0
4131,20260924,72.24,77.3,9.75,3495.0
4132,20260924,38.33,46.63,29.13,42834.0
4133,20260924,18.53,23.57,58.91,54079.0
4135,20260924,44.13,65.43,11.57,511.0
4136,20260924,97.87,99.3,0.5,95.0
4137,20260924,44.39,51.24,31.14,7492.0
4138,20260924,51.42,51.42,39.06,21091.0
4139,20260924,50.01,68.6,8.27,1132.0
4140,20260924,0.0,0.0,67.61,473.0
4142,20260924,33.52,40.44,39.44,83907.0
4147,20260924,43.61,52.36,27.26,47308.0
4148,20260924,77.76,79.17,12.78,2272.0
4150,20260924,34.31,48.54,22.9,28445.0
4151,20260924,71.12,78.35,8.24,642.0
4153,20260924,72.11,76.68,14.75,5171.0
4154,20260924,67.1,76.61,8.43,880.0
4155,20260924,32.53,43.15,33.36,32538.0
4156,20260924,67.52,71.88,12.84,894.0
4157,20260924,52.43,59.36,20.56,31666.0
4160,20260924,25.36,29.63,47.56,34589.0
4161,20260924,26.97,44.57,24.96,5121.0
4162,20260924,39.42,45.4,36.93,47013.0
4163,20260924,61.63,70.07,14.05,24869.0
4164,20260924,40.54,50.75,31.31,18919.0
4166,20260924,79.6,83.03,7.25,3762.0
4167,20260924,34.45,42.33,32.37,56305.0
4168,20260924,20.95,27.44,45.49,50022.0
4169,20260924,47.55,54.24,22.72,4385.0
4170,20260924,45.21,58.5,20.61,6415.0
4171,20260924,27.65,32.71,48.58,38255.0
4172,20260924,30.08,38.68,28.92,24464.0
4173,20260924,40.0,43.05,38.13,30494.0
4174,20260924,36.42,42.46,41.28,42685.0
4175,20260924,54.98,56.05,30.35,11381.0
4177,20260924,48.19,59.03,20.03,2159.0
4178,20260924,72.41,77.78,9.24,4204.0
4181,20260924,0.0,0.0,82.16,1737.0
4183,20260924,43.43,62.79,17.29,1179.0
4184,20260924,92.03,92.03,4.47,644.0
4186,20260924,26.03,45.82,25.84,4660.0
4188,20260924,47.92,54.19,26.53,5037.0
4190,20260924,62.95,66.67,22.75,16532.0
4191,20260924,48.78,63.05,14.77,2532.0
4192,20260924,66.6,68.36,22.25,4607.0
4193,20260924,33.69,49.26,15.87,5426.0
4194,20260924,73.12,76.72,12.7,3273.0
4195,20260924,30.04,38.89,35.32,28483.0
4197,20260924,40.26,65.48,13.76,2349.0
4198,20260924,78.2,82.26,10.33,2583.0
4205,20260924,58.94,66.37,20.73,11023.0
4207,20260924,64.14,73.23,12.24,8472.0
4303,20260924,14.14,20.13,57.79,37400.0
4304,20260924,74.64,80.97,8.85,3725.0
4305,20260924,74.81,84.73,7.21,1689.0
4306,20260924,51.69,57.84,24.73,89814.0
4401,20260924,47.07,62.4,20.71,12611.0
4402,20260924,60.94,66.04,17.79,41587.0
4404,20260924,26.98,35.81,36.97,7868.0
4406,20260924,62.15,77.73,7.06,1528.0
4408,20260924,30.41,35.78,33.97,4011.0
4413,20260924,52.61,69.31,11.61,1641.0
4414,20260924,57.37,64.1,20.01,22498.0
4415,20260924,76.68,85.04,10.72,4358.0
4416,20260924,49.85,65.85,16.6,2840.0
4417,20260924,38.35,46.01,32.96,8228.0
4419,20260924,95.07,96.83,1.41,5198.0
4420,20260924,54.11,59.04,32.37,8092.0
4424,20260924,62.32,66.59,15.61,2549.0
4426,20260924,54.21,61.66,23.29,9520.0
4427,20260924,78.71,87.52,3.49,966.0
4430,20260924,53.29,64.1,25.23,8639.0
4431,20260924,64.19,70.89,20.42,2052.0
4432,20260924,45.45,55.44,26.58,4908.0
4433,20260924,52.24,56.25,29.56,10276.0
4438,20260924,50.12,65.78,15.7,4664.0
4439,20260924,69.43,78.32,10.94,1314.0
4440,20260924,28.87,57.01,25.54,3851.0
4441,20260924,55.42,70.3,10.74,2470.0
4442,20260924,49.36,74.6,9.59,961.0
4502,20260924,55.45,70.74,12.08,3835.0
4503,20260924,59.8,62.79,25.33,7578.0
4506,20260924,74.05,80.68,12.2,11138.0
4510,20260924,29.65,35.79,52.83,61033.0
4513,20260924,53.14,57.43,28.65,44149.0
4522,20260924,100.0,100.0,0.0,1.0
4523,20260924,52.01,59.94,25.41,35972.0
4526,20260924,41.04,47.9,41.13,61924.0
4527,20260924,61.93,67.51,17.59,4360.0
4528,20260924,58.69,62.32,29.83,13405.0
4529,20260924,53.99,58.79,24.51,8776.0
4530,20260924,64.46,71.47,14.01,7320.0
4532,20260924,64.87,70.03,17.04,19902.0
4533,20260924,32.21,36.49,49.81,68057.0
4534,20260924,29.58,40.32,39.13,18492.0
4535,20260924,69.7,76.88,9.55,7110.0
4536,20260924,39.11,55.88,21.21,7012.0
4537,20260924,77.0,82.02,9.95,2364.0
4538,20260924,71.91,80.75,8.21,1646.0
4540,20260924,25.53,30.19,58.01,41855.0
4541,20260924,26.78,38.07,43.92,43327.0
4542,20260924,20.72,47.6,32.22,6903.0
4543,20260924,44.76,49.49,37.6,22233.0
4544,20260924,49.87,67.51,7.51,1565.0
4545,20260924,69.01,72.38,16.62,22119.0
4546,20260924,60.44,70.58,12.03,968.0
4547,20260924,72.34,84.76,6.94,302.0
4548,20260924,100.0,100.0,0.0,1.0
4549,20260924,58.74,62.53,26.41,7208.0
4550,20260924,49.24,56.29,25.31,3161.0
4551,20260924,70.03,79.69,11.31,6715.0
4552,20260924,44.28,50.04,27.18,28634.0
4553,20260924,77.28,87.17,6.16,455.0
4554,20260924,57.06,58.41,24.29,2358.0
4555,20260924,65.67,70.51,16.93,4074.0
4556,20260924,70.78,75.14,16.48,3300.0
4557,20260924,27.07,43.13,25.47,27718.0
4558,20260924,52.09,72.82,12.28,1608.0
4559,20260924,79.9,87.86,5.02,662.0
4560,20260924,84.16,86.07,7.15,2522.0
4561,20260924,52.18,58.36,34.3,8787.0
4562,20260924,49.92,52.72,39.63,11762.0
4563,20260924,49.6,54.26,32.24,17701.0
4564,20260924,33.6,40.01,39.32,48499.0
4565,20260924,66.05,79.91,6.13,1436.0
4566,20260924,48.17,53.56,36.39,25545.0
4568,20260924,62.0,68.43,16.25,1598.0
4569,20260924,52.36,64.24,12.91,1995.0
4570,20260924,87.83,95.07,2.4,205.0
4571,20260924,55.7,66.0,24.05,6658.0
4572,20260924,61.89,64.18,17.06,3463.0
4573,20260924,28.7,42.55,33.39,10097.0
4575,20260924,53.88,69.19,8.48,743.0
4576,20260924,59.43,66.59,23.06,24513.0
4577,20260924,55.74,61.84,31.52,7115.0
4578,20260924,92.28,97.0,2.66,691.0
4580,20260924,37.68,49.25,32.93,5099.0
4581,20260924,46.14,62.8,19.46,1648.0
4582,20260924,43.96,55.05,19.06,2606.0
4583,20260924,82.19,86.03,7.21,7435.0
4584,20260924,69.25,80.08,9.87,1072.0
4585,20260924,75.3,76.68,19.86,19155.0
4587,20260924,88.23,88.23,6.85,951.0
4588,20260924,37.4,50.27,32.65,5123.0
4589,20260924,47.63,70.52,10.04,621.0
4590,20260924,35.34,50.2,30.9,10000.0
4609,20260924,64.61,76.27,8.81,1741.0
4702,20260924,46.49,51.02,35.07,14084.0
4703,20260924,22.67,26.22,54.23,9141.0
4706,20260924,77.56,82.94,6.1,2142.0
4707,20260924,65.82,70.76,17.99,28523.0
4711,20260924,53.42,60.0,25.24,7433.0
4712,20260924,43.69,45.99,34.48,3611.0
4714,20260924,22.32,29.82,46.4,52747.0
4716,20260924,24.12,33.61,42.1,44121.0
4717,20260924,0.0,0.0,99.99,999.0
4720,20260924,34.22,38.2,42.78,13442.0
4721,20260924,28.05,33.66,52.11,57271.0
4722,20260924,43.17,58.83,21.92,14722.0
4724,20260924,46.4,59.5,17.77,3080.0
4726,20260924,50.33,58.03,25.13,12675.0
4727,20260924,0.0,18.79,18.11,349.0
4728,20260924,65.91,84.36,4.63,16652.0
4729,20260924,44.71,49.94,32.25,7322.0
4730,20260924,57.91,69.86,11.91,1062.0
4732,20260924,47.09,67.1,13.8,1542.0
4734,20260924,0.0,14.95,29.7,371.0
4735,20260924,42.94,53.37,34.23,37605.0
4736,20260924,44.38,51.24,34.1,13577.0
4737,20260924,49.15,63.29,14.05,10899.0
4738,20260924,54.05,58.72,25.71,3380.0
4739,20260924,31.59,38.61,44.55,56667.0
4741,20260924,40.07,49.39,27.15,12956.0
4743,20260924,41.07,45.63,35.73,80273.0
4744,20260924,35.78,51.83,24.34,33407.0
4745,20260924,53.06,62.53,18.27,3142.0
4746,20260924,31.52,41.53,39.36,44171.0
4747,20260924,65.53,75.78,9.4,2206.0
4749,20260924,23.88,32.75,46.77,61955.0
4752,20260924,87.17,89.77,6.92,1062.0
4754,20260924,28.46,36.69,41.8,23001.0
4755,20260924,64.96,68.69,18.97,8718.0
4758,20260924,84.81,92.15,4.88,395.0
4760,20260924,34.68,36.4,36.64,11159.0
4762,20260924,97.29,99.67,0.3,139.0
4763,20260924,56.36,60.14,24.91,55570.0
4764,20260924,66.96,73.37,16.38,9879.0
4765,20260924,39.21,55.31,17.55,904.0
4766,20260924,63.04,69.8,15.76,10774.0
4767,20260924,46.87,62.76,9.38,886.0
4768,20260924,19.49,34.14,42.56,15679.0
4769,20260924,100.0,100.0,0.0,1.0
4770,20260924,59.7,67.9,17.62,8077.0
4771,20260924,44.45,59.34,16.78,3914.0
4772,20260924,42.02,48.84,36.36,33302.0
4773,20260924,92.29,94.99,0.73,228.0
4801,20260924,97.82,98.7,0.71,783.0
4802,20260924,85.36,87.92,6.15,296.0
4803,20260924,55.13,57.43,29.8,5710.0
4804,20260924,54.88,62.0,19.88,30104.0
4805,20260924,0.0,0.0,99.98,24.0
4806,20260924,85.88,89.15,4.32,13269.0
4807,20260924,63.32,68.24,14.99,14406.0
4903,20260924,37.77,42.9,44.99,46865.0
4904,20260924,90.98,93.58,3.81,85249.0
4905,20260924,63.81,81.71,9.27,1999.0
4906,20260924,20.7,27.5,52.16,92070.0
4907,20260924,83.76,85.79,7.02,2776.0
4908,20260924,42.28,52.59,35.65,35392.0
4909,20260924,22.69,25.63,60.9,63478.0
4911,20260924,48.05,58.15,19.97,3502.0
4912,20260924,38.89,53.48,27.17,25632.0
4913,20260924,0.0,25.75,33.82,475.0
4914,20260924,61.66,77.04,12.77,225.0
4915,20260924,51.49,60.5,26.1,34004.0
4916,20260924,21.72,25.15,62.47,75457.0
4917,20260924,93.2,97.57,0.42,16.0
4919,20260924,58.06,61.57,31.97,74893.0
4920,20260924,86.74,93.69,1.1,107.0
4922,20260924,11.8,25.44,47.93,4555.0
4923,20260924,20.33,37.61,34.11,30674.0
4924,20260924,55.97,71.05,14.31,1534.0
4925,20260924,31.85,49.62,25.88,5223.0
4927,20260924,17.89,27.83,49.13,58963.0
4929,20260924,0.0,0.0,57.99,384.0
4930,20260924,58.55,63.65,25.78,33580.0
4931,20260924,12.37,26.31,61.61,63294.0
4932,20260924,0.0,0.0,86.79,309.0
4933,20260924,59.88,63.48,21.42,5624.0
4934,20260924,29.25,34.45,45.73,70521.0
4935,20260924,57.74,62.1,23.17,7838.0
4938,20260924,75.2,79.6,14.36,144312.0
4939,20260924,28.07,36.28,50.09,65026.0
4942,20260924,54.55,62.31,20.68,6603.0
4943,20260924,53.51,64.2,24.79,21841.0
4946,20260924,42.58,42.58,45.34,8219.0
4949,20260924,41.11,52.91,31.69,11134.0
4950,20260924,68.13,73.08,15.21,6672.0
4951,20260924,4.48,17.62,53.24,11295.0
4952,20260924,47.79,52.36,36.6,14655.0
4953,20260924,37.89,46.01,35.67,34722.0
4956,20260924,35.73,41.13,47.19,43059.0
4958,20260924,64.94,70.2,21.84,231160.0
4960,20260924,56.45,61.71,27.23,90381.0
4961,20260924,38.44,48.76,35.84,39905.0
4962,20260924,99.89,99.89,0.09,16.0
4963,20260924,82.03,83.64,5.86,445.0
4965,20260924,100.0,100.0,0.0,1.0
4966,20260924,19.97,32.06,42.26,31964.0
4967,20260924,13.87,20.67,63.03,66736.0
4968,20260924,8.85,15.71,67.52,56414.0
4969,20260924,44.91,55.64,21.61,11529.0
4971,20260924,22.04,42.28,40.63,38821.0
4972,20260924,36.92,50.09,35.4,15363.0
4973,20260924,14.23,22.78,62.22,50165.0
4974,20260924,39.73,42.19,45.56,42875.0
4975,20260924,95.92,96.31,2.21,1023.0
4976,20260924,25.62,30.04,54.0,44716.0
4977,20260924,8.43,16.16,66.5,50060.0
4978,20260924,82.32,82.32,8.78,67.0
4979,20260924,27.93,45.73,40.12,82257.0
4980,20260924,50.4,58.12,21.14,2355.0
4985,20260924,100.0,100.0,0.0,1.0
4989,20260924,11.58,17.07,70.2,51088.0
4990,20260924,43.97,53.41,20.86,3278.0
4991,20260924,35.73,47.02,39.0,63301.0
4992,20260924,76.9,82.09,4.75,1033.0
4994,20260924,80.62,86.29,5.67,2149.0
4995,20260924,52.68,67.97,16.07,4964.0
4996,20260924,65.91,77.8,4.73,784.0
4997,20260924,17.41,42.96,14.56,271.0
4999,20260924,27.29,41.3,43.61,46515.0
5006,20260924,8.28,10.7,58.19,14002.0
5007,20260924,84.23,87.54,4.28,4900.0
5009,20260924,43.36,49.11,33.89,80859.0
5011,20260924,38.64,48.33,29.64,33736.0
5013,20260924,81.84,87.41,5.48,9053.0
5014,20260924,26.84,37.73,39.51,52376.0
5015,20260924,42.22,52.09,34.4,26562.0
5016,20260924,59.94,65.96,17.36,2621.0
5017,20260924,0.0,0.0,99.99,6849.0
5201,20260924,40.04,56.6,19.96,13491.0
5202,20260924,48.6,52.84,30.93,44161.0
5203,20260924,33.11,43.14,35.41,31877.0
5204,20260924,18.86,18.86,42.22,1371.0
5205,20260924,72.67,75.7,12.85,1722.0
5206,20260924,80.84,85.11,6.49,4370.0
5207,20260924,14.82,38.6,23.7,2906.0
5209,20260924,50.61,52.53,31.44,4262.0
5210,20260924,39.82,48.84,26.11,39169.0
5211,20260924,40.88,47.96,36.44,7555.0
5212,20260924,66.94,78.4,10.99,9959.0
5213,20260924,85.02,86.94,8.21,21105.0
5215,20260924,42.71,53.37,29.44,5358.0
5216,20260924,57.64,82.4,8.11,401.0
5220,20260924,19.67,44.71,32.71,7603.0
5221,20260924,0.0,11.31,53.6,346.0
5222,20260924,24.28,32.88,44.11,33672.0
5223,20260924,54.18,62.22,24.77,2732.0
5225,20260924,37.93,44.49,36.96,8386.0
5226,20260924,31.51,52.74,17.83,400.0
5227,20260924,18.09,27.0,49.43,58835.0
5228,20260924,44.94,55.39,27.87,3525.0
5229,20260924,89.3,96.51,1.02,129.0
5230,20260924,10.27,26.84,49.93,29624.0
5232,20260924,99.99,99.99,0.0,5.0
5233,20260924,82.42,85.35,6.98,2998.0
5234,20260924,58.52,65.09,17.54,11978.0
5236,20260924,60.89,62.46,26.33,6883.0
5238,20260924,78.62,83.48,6.54,691.0
5239,20260924,16.98,30.08,22.36,601.0
5240,20260924,30.32,55.52,6.97,520.0
5242,20260924,58.63,72.33,7.31,1114.0
5243,20260924,50.27,56.37,31.13,30276.0
5244,20260924,28.61,48.39,31.04,9476.0
5245,20260924,39.31,57.98,26.59,3894.0
5246,20260924,21.0,33.54,46.77,8592.0
5247,20260924,68.74,75.94,5.66,510.0
5248,20260924,56.84,59.24,27.13,1879.0
5250,20260924,97.08,97.08,2.48,209.0
5251,20260924,29.21,33.49,53.11,35221.0
5253,20260924,58.2,81.05,2.96,224.0
5254,20260924,70.3,75.65,11.66,668.0
5256,20260924,61.23,69.01,13.79,1875.0
5257,20260924,73.71,79.64,5.43,809.0
5258,20260924,39.36,50.57,30.34,25637.0
5259,20260924,74.45,82.07,10.03,2362.0
5262,20260924,31.97,55.99,16.29,8068.0
5263,20260924,41.33,55.03,24.65,26895.0
5265,20260924,0.0,0.0,56.09,123.0
5267,20260924,46.59,62.14,17.53,1345.0
5269,20260924,54.74,60.74,27.38,32456.0
5271,20260924,16.66,27.32,52.33,6541.0
5272,20260924,10.26,23.9,59.62,45726.0
5274,20260924,21.71,34.66,32.04,31367.0
5275,20260924,0.0,30.86,11.94,144.0
5276,20260924,85.29,88.33,7.05,934.0
5278,20260924,77.88,82.92,6.92,4227.0
5279,20260924,91.86,94.52,0.04,20.0
5282,20260924,59.25,85.81,2.79,278.0
5283,20260924,52.33,60.99,31.37,27473.0
5284,20260924,48.49,55.39,27.81,9648.0
5285,20260924,51.96,63.69,25.08,12034.0
5286,20260924,69.95,79.97,9.66,910.0
5287,20260924,45.59,57.77,32.12,10029.0
5288,20260924,59.24,69.5,14.51,2868.0
5289,20260924,18.67,29.37,48.99,80169.0
5291,20260924,18.68,44.72,31.86,5243.0
5292,20260924,43.66,57.53,23.72,7099.0
5294,20260924,0.0,0.0,99.98,60.0
5295,20260924,70.39,85.65,4.12,157.0
5296,20260924,27.36,36.07,20.86,467.0
5297,20260924,10.26,18.65,58.59,8899.0
5299,20260924,44.69,51.81,39.37,16852.0
5301,20260924,74.11,80.22,9.76,3935.0
5302,20260924,45.87,50.73,32.78,12877.0
5304,20260924,86.33,88.1,9.01,32303.0
5306,20260924,64.41,69.9,20.39,11934.0
5307,20260924,32.2,41.19,35.48,35108.0
5309,20260924,26.96,34.28,51.1,70518.0
5310,20260924,36.18,57.1,13.04,7085.0
5312,20260924,50.64,55.76,24.32,5822.0
5314,20260924,36.55,40.95,38.52,94507.0
5315,20260924,21.21,31.01,42.5,51047.0
5321,20260924,46.23,60.79,18.23,7565.0
5324,20260924,75.25,81.16,9.85,20885.0
5325,20260924,27.55,33.49,58.91,20366.0
5328,20260924,35.46,39.58,53.06,76570.0
5336,20260924,0.0,0.0,89.56,2955.0
5340,20260924,52.13,59.02,31.78,29181.0
5344,20260924,73.54,75.59,18.28,6731.0
5345,20260924,78.88,78.88,10.59,6291.0
5346,20260924,28.36,37.78,36.76,263373.0
5347,20260924,81.43,84.92,10.78,112129.0
5348,20260924,40.79,53.12,21.28,1811.0
5351,20260924,29.4,37.06,46.6,116249.0
5353,20260924,37.82,54.87,23.65,6344.0
5355,20260924,63.82,70.8,15.97,30322.0
5356,20260924,39.55,43.57,38.23,53268.0
5364,20260924,61.31,70.36,13.17,7270.0
5372,20260924,12.51,23.67,50.81,5386.0
5376,20260924,28.33,33.74,38.41,3801.0
5381,20260924,48.85,55.74,30.68,27809.0
5385,20260924,18.19,23.89,59.24,8304.0
5386,20260924,32.37,36.71,51.93,30412.0
5387,20260924,90.18,91.32,7.9,141599.0
5388,20260924,35.02,44.05,38.76,37986.0
5392,20260924,31.93,35.82,50.76,65848.0
5395,20260924,0.0,0.0,65.56,2238.0
5398,20260924,44.19,58.37,18.44,41760.0
5403,20260924,31.26,47.14,34.21,9479.0
5410,20260924,26.6,33.86,49.82,56872.0
5414,20260924,48.11,59.72,21.83,5070.0
5425,20260924,29.42,35.88,53.37,105854.0
5426,20260924,52.77,56.07,33.25,35250.0
5432,20260924,51.4,54.1,40.41,5433.0
5434,20260924,38.4,55.37,25.59,32229.0
5438,20260924,74.38,75.2,16.57,37816.0
5439,20260924,24.49,36.0,44.06,35482.0
5442,20260924,14.62,20.66,40.25,4827.0
5443,20260924,33.43,39.44,49.01,66077.0
5450,20260924,79.37,80.96,11.36,11611.0
5452,20260924,38.53,42.83,44.91,68930.0
5455,20260924,89.0,93.99,2.8,3412.0
5457,20260924,45.26,52.08,32.84,17307.0
5460,20260924,38.44,57.07,28.08,31492.0
5464,20260924,58.58,72.24,14.1,4581.0
5465,20260924,68.79,72.04,19.47,7826.0
5467,20260924,82.8,86.4,6.62,1832.0
5468,20260924,60.6,65.52,23.2,5996.0
5469,20260924,68.34,72.84,19.1,36422.0
5471,20260924,18.44,26.43,56.29,68529.0
5473,20260924,0.0,0.0,99.96,2482.0
5474,20260924,48.5,56.66,34.92,7819.0
5475,20260924,19.08,22.8,64.45,62059.0
5478,20260924,72.96,79.22,13.99,41309.0
5481,20260924,56.03,65.14,15.16,42012.0
5483,20260924,52.36,58.75,32.52,153446.0
5484,20260924,33.97,37.96,52.8,33826.0
5487,20260924,47.96,71.39,13.96,7092.0
5488,20260924,34.18,46.7,30.65,41135.0
5489,20260924,82.62,85.4,7.71,3138.0
5490,20260924,25.61,33.57,41.45,69661.0
5492,20260924,98.67,98.67,1.3,1370.0
5493,20260924,25.01,44.76,32.93,5472.0
5497,20260924,15.67,26.29,39.58,4829.0
5498,20260924,29.39,35.13,54.17,69393.0
5501,20260924,24.3,28.1,39.39,6087.0
5505,20260924,50.79,65.5,15.74,5918.0
5506,20260924,58.45,66.77,14.37,7573.0
5508,20260924,65.86,69.15,23.0,18196.0
5511,20260924,60.07,68.67,14.94,5997.0
5512,20260924,54.9,61.57,22.2,78021.0
5514,20260924,87.59,92.31,3.24,10304.0
5515,20260924,63.24,71.53,15.23,11387.0
5516,20260924,60.51,70.82,10.72,1763.0
5519,20260924,51.16,57.32,28.38,18221.0
5520,20260924,73.58,83.79,4.76,1218.0
5521,20260924,52.64,59.62,22.94,62824.0
5522,20260924,85.98,88.3,7.4,18092.0
5523,20260924,89.27,92.53,3.07,2550.0
5524,20260924,11.6,30.78,35.33,3909.0
5525,20260924,84.14,88.42,5.23,4807.0
5529,20260924,68.11,73.8,10.81,11335.0
5530,20260924,79.5,83.27,8.89,11627.0
5531,20260924,82.87,85.69,7.56,14865.0
5532,20260924,5.88,31.03,21.35,820.0
5533,20260924,71.25,80.77,8.1,5540.0
5534,20260924,58.78,68.49,21.45,23020.0
5536,20260924,35.69,55.78,22.84,35180.0
5538,20260924,92.45,93.94,2.29,1299.0
5541,20260924,76.05,82.05,0.67,86.0
5543,20260924,50.36,73.37,7.36,1056.0
5546,20260924,76.12,84.03,5.72,1319.0
5547,20260924,58.82,67.47,12.07,1423.0
5548,20260924,58.19,65.0,16.53,2414.0
5601,20260924,47.23,79.68,4.95,868.0
5603,20260924,49.76,53.95,32.02,30049.0
5604,20260924,52.84,67.17,13.88,10896.0
5607,20260924,70.36,76.84,12.72,16981.0
5608,20260924,25.6,30.38,52.63,90849.0
5609,20260924,46.35,52.97,35.37,37794.0
5701,20260924,49.16,54.1,28.69,51557.0
5702,20260924,0.0,0.0,79.38,1936.0
5703,20260924,83.83,88.29,6.09,1938.0
5704,20260924,79.45,83.99,12.07,3370.0
5706,20260924,34.27,38.19,49.1,28251.0
5810,20260924,69.02,72.91,16.33,48604.0
5848,20260924,100.0,100.0,0.0,1.0
5859,20260924,96.13,96.81,1.22,3564.0
5863,20260924,77.08,81.46,9.81,27069.0
5864,20260924,60.25,68.42,14.97,15131.0
5867,20260924,100.0,100.0,0.0,1.0
5871,20260924,64.22,69.9,19.59,116357.0
5876,20260924,83.33,88.77,3.1,49807.0
5878,20260924,54.26,72.38,20.19,1786.0
5880,20260924,71.43,75.35,12.43,408972.0
5901,20260924,77.87,77.87,12.38,5001.0
5902,20260924,81.6,85.48,7.24,2580.0
5903,20260924,88.19,91.42,6.53,17274.0
5904,20260924,75.45,79.4,15.7,98560.0
5905,20260924,40.55,45.98,33.63,45772.0
5906,20260924,82.46,86.25,3.65,960.0
5907,20260924,63.56,69.05,15.65,5468.0
6005,20260924,67.02,70.63,18.07,118180.0
6015,20260924,44.78,51.29,27.47,72899.0
6016,20260924,45.22,51.6,26.45,78907.0
6020,20260924,96.26,96.91,1.65,1902.0
6021,20260924,87.24,91.05,3.75,4055.0
6023,20260924,81.06,84.21,9.41,18339.0
6024,20260924,65.27,69.65,20.19,17262.0
6026,20260924,42.46,51.7,26.62,43610.0
6027,20260924,93.73,95.66,1.45,826.0
6028,20260924,50.64,64.68,15.16,1558.0
6030,20260924,100.0,100.0,0.0,1.0
6031,20260924,100.0,100.0,0.0,1.0
6035,20260924,83.85,93.89,3.42,2287.0
6038,20260924,100.0,100.0,0.0,1.0
6039,20260924,100.0,100.0,0.0,1.0
6040,20260924,100.0,100.0,0.0,1.0
6101,20260924,78.82,88.3,6.95,3331.0
6103,20260924,83.83,90.69,7.7,3152.0
6104,20260924,10.97,19.12,61.89,56100.0
6107,20260924,34.7,40.96,34.1,5291.0
6108,20260924,47.97,56.53,24.9,51493.0
6109,20260924,36.6,49.36,25.93,34216.0
6110,20260924,7.19,18.44,36.47,2627.0
6111,20260924,40.61,45.88,40.77,45719.0
6112,20260924,55.64,59.16,32.38,33761.0
6113,20260924,52.17,53.3,33.61,8221.0
6114,20260924,65.48,72.79,16.55,5407.0
6115,20260924,56.04,60.22,28.17,14266.0
6116,20260924,40.93,43.57,44.4,363593.0
6117,20260924,49.93,55.21,34.43,13939.0
6118,20260924,51.7,57.62,31.51,8823.0
6120,20260924,55.43,59.01,25.88,60515.0
6121,20260924,48.41,66.44,17.27,19849.0
6122,20260924,23.14,35.33,45.43,35019.0
6123,20260924,33.34,43.88,37.73,10351.0
6124,20260924,92.35,93.76,5.75,8922.0
6125,20260924,30.69,35.16,53.6,91448.0
6126,20260924,32.56,37.14,47.34,70280.0
6127,20260924,17.76,22.07,66.29,73871.0
6128,20260924,54.75,60.54,22.99,7502.0
6129,20260924,13.59,16.52,65.65,33119.0
6130,20260924,48.98,65.24,17.65,29465.0
6131,20260924,29.63,41.19,32.66,5934.0
6132,20260924,15.68,35.5,34.91,4749.0
6133,20260924,46.87,51.57,34.53,22126.0
6134,20260924,48.46,55.22,31.58,17716.0
6135,20260924,34.32,38.5,34.91,7552.0
6136,20260924,34.75,47.13,35.86,44948.0
6137,20260924,26.71,38.83,34.49,11232.0
6138,20260924,33.96,46.52,36.31,31203.0
6139,20260924,51.36,62.45,24.89,56445.0
6140,20260924,34.47,44.98,43.81,9787.0
6141,20260924,39.04,49.59,33.92,18915.0
6142,20260924,51.54,58.85,23.04,45506.0
6143,20260924,17.65,25.53,61.15,55575.0
6144,20260924,89.54,89.54,8.68,1459.0
6146,20260924,41.84,54.61,25.8,20969.0
6147,20260924,60.65,64.89,28.05,155761.0
6148,20260924,33.68,36.11,49.21,27987.0
6149,20260924,35.09,39.03,37.75,3069.0
6150,20260924,12.01,16.15,68.64,39911.0
6151,20260924,20.53,35.77,39.37,19110.0
6152,20260924,16.48,24.53,50.26,40510.0
6153,20260924,40.83,46.76,35.63,80493.0
6154,20260924,54.44,63.37,25.19,10628.0
6155,20260924,48.63,53.89,37.01,15694.0
6156,20260924,32.81,39.52,38.83,38027.0
6158,20260924,32.86,42.09,37.01,36302.0
6160,20260924,29.99,38.76,44.23,50678.0
6161,20260924,35.28,40.89,41.77,23026.0
6162,20260924,43.9,52.0,26.39,3799.0
6163,20260924,35.16,43.98,40.32,46486.0
6164,20260924,14.76,22.68,52.03,46357.0
6165,20260924,38.06,51.58,25.05,41256.0
6166,20260924,66.22,73.89,14.74,14998.0
6167,20260924,37.24,43.88,34.44,25127.0
6168,20260924,53.18,55.98,34.15,33274.0
6169,20260924,26.44,31.11,51.35,40791.0
6170,20260924,55.07,58.01,30.09,33228.0
6171,20260924,78.37,87.06,6.48,2357.0
6172,20260924,85.37,91.42,7.05,1899.0
6173,20260924,58.4,64.64,28.61,53737.0
6174,20260924,56.73,63.06,27.3,9312.0
6175,20260924,57.95,61.44,31.99,22048.0
6176,20260924,33.52,42.69,40.84,61516.0
6177,20260924,67.84,76.01,12.45,20108.0
6179,20260924,33.99,44.24,34.91,50099.0
6180,20260924,46.55,50.95,40.36,56838.0
6181,20260924,7.17,12.14,49.34,3938.0
6182,20260924,23.35,27.53,61.93,235998.0
6183,20260924,71.05,77.44,10.82,37031.0
6184,20260924,67.84,71.92,16.37,7795.0
6185,20260924,37.53,49.67,29.14,46741.0
6186,20260924,48.77,53.57,29.04,60314.0
6187,20260924,31.56,51.84,24.79,53478.0
6188,20260924,36.58,42.46,45.22,67930.0
6189,20260924,24.87,35.38,49.38,63569.0
6190,20260924,26.3,36.04,51.65,60727.0
6191,20260924,53.54,58.12,32.53,80291.0
6192,20260924,45.52,55.72,23.18,8328.0
6193,20260924,56.69,61.39,25.44,8864.0
6194,20260924,37.09,57.45,23.88,4810.0
6195,20260924,52.4,54.13,36.91,11080.0
6196,20260924,65.86,70.95,17.04,33157.0
6197,20260924,36.59,44.11,44.05,51127.0
6198,20260924,93.58,94.58,3.09,6474.0
6199,20260924,77.81,84.89,6.65,1781.0
6201,20260924,61.43,69.11,21.42,5945.0
6202,20260924,35.31,41.47,45.19,56890.0
6203,20260924,52.21,59.22,33.8,10019.0
6204,20260924,25.64,29.71,63.55,22721.0
6205,20260924,39.45,46.51,38.9,12418.0
6206,20260924,45.4,54.88,29.53,16017.0
6207,20260924,7.86,16.87,73.29,68998.0
6208,20260924,52.1,65.48,25.47,12068.0
6209,20260924,29.98,37.69,51.21,62419.0
6210,20260924,36.44,54.11,29.35,3062.0
6212,20260924,86.12,91.83,2.47,963.0
6213,20260924,58.33,65.79,22.6,72036.0
6214,20260924,60.32,68.11,21.99,47075.0
6215,20260924,26.4,32.24,56.52,56037.0
6216,20260924,29.95,38.82,45.6,32386.0
6217,20260924,16.12,23.63,65.22,85775.0
6218,20260924,40.77,52.2,30.76,26978.0
6219,20260924,67.29,69.83,16.85,5789.0
6220,20260924,53.5,63.39,19.16,34508.0
6221,20260924,72.32,74.36,15.86,32336.0
6222,20260924,84.51,90.07,4.64,1841.0
6223,20260924,38.55,50.66,22.07,74736.0
6224,20260924,28.28,41.78,37.94,41936.0
6225,20260924,35.44,51.84,16.92,8658.0
6226,20260924,24.96,31.11,53.76,53712.0
6227,20260924,67.6,72.01,19.58,7256.0
6228,20260924,78.04,82.46,11.5,1853.0
6229,20260924,32.8,35.09,42.34,30464.0
6230,20260924,87.81,87.81,10.11,7474.0
6231,20260924,25.49,32.9,48.19,25484.0
6232,20260924,13.47,18.79,51.13,36845.0
6233,20260924,18.73,28.46,55.4,61978.0
6234,20260924,51.28,54.33,35.55,30793.0
6235,20260924,35.51,40.93,45.79,60991.0
6236,20260924,87.98,92.73,3.92,915.0
6237,20260924,12.7,18.82,65.32,72215.0
6239,20260924,57.1,62.77,28.77,183643.0
6240,20260924,70.93,85.51,7.45,1031.0
6241,20260924,52.92,56.69,26.33,5845.0
6242,20260924,55.47,63.71,22.83,3104.0
6243,20260924,17.67,20.71,66.49,59313.0
6244,20260924,25.62,32.13,50.66,94497.0
6245,20260924,42.0,45.56,35.35,19351.0
6246,20260924,53.99,63.0,23.94,32774.0
6248,20260924,43.6,48.89,34.21,32370.0
6249,20260924,0.0,14.82,45.61,207.0
6250,20260924,67.95,70.88,16.65,1160.0
6252,20260924,0.0,40.34,23.41,30.0
6253,20260924,0.0,0.0,56.41,452.0
6254,20260924,36.43,49.51,12.66,518.0
6256,20260924,0.0,0.0,81.68,456.0
6257,20260924,42.8,52.48,33.56,111076.0
6258,20260924,0.0,0.0,99.98,33.0
6259,20260924,41.09,42.72,39.56,9602.0
6261,20260924,31.63,40.64,46.24,54800.0
6262,20260924,16.81,28.67,42.86,1343.0
6263,20260924,40.96,44.12,40.36,11015.0
6264,20260924,67.51,71.84,12.65,4118.0
6265,20260924,36.7,43.14,41.96,37177.0
6266,20260924,31.6,38.83,39.81,45747.0
6267,20260924,0.0,0.0,99.98,11.0
6268,20260924,0.0,0.0,100.0,3.0
6269,20260924,24.18,31.02,52.02,83263.0
6270,20260924,36.56,41.66,44.08,33721.0
6271,20260924,40.8,49.67,37.76,64499.0
6272,20260924,34.8,50.64,28.87,5234.0
6274,20260924,53.4,63.49,24.17,122140.0
6275,20260924,23.41,29.65,53.06,36666.0
6276,20260924,48.81,50.95,41.62,29890.0
6277,20260924,43.69,57.41,29.24,9892.0
6278,20260924,54.04,64.58,24.97,42109.0
6279,20260924,38.75,47.79,36.53,19895.0
6280,20260924,99.95,99.95,0.04,172.0
6281,20260924,43.58,55.86,30.4,10300.0
6282,20260924,36.81,40.63,48.09,162103.0
6283,20260924,57.39,63.19,24.62,15185.0
6284,20260924,45.61,49.12,40.48,53576.0
6285,20260924,56.1,63.05,27.19,90645.0
6287,20260924,93.08,94.0,4.0,4209.0
6289,20260924,0.0,0.0,67.62,10246.0
6290,20260924,29.92,41.17,46.19,57844.0
6291,20260924,62.85,63.8,23.06,11729.0
6292,20260924,39.72,46.98,38.05,6783.0
6293,20260924,0.0,0.0,99.99,12.0
6294,20260924,33.46,37.3,50.01,12161.0
6295,20260924,0.0,22.33,48.42,348.0
6296,20260924,0.0,0.0,41.67,13.0
6297,20260924,99.9,99.9,0.08,21.0
6299,20260924,98.35,98.35,1.26,123.0
6402,20260924,48.9,64.01,13.77,2012.0
6403,20260924,41.54,41.54,31.16,2578.0
6404,20260924,63.49,67.1,20.18,9030.0
6405,20260924,36.91,51.77,29.1,6669.0
6406,20260924,53.35,58.18,18.91,1072.0
6407,20260924,30.2,37.41,36.51,5780.0
6409,20260924,53.34,66.69,15.95,18210.0
6411,20260924,21.78,34.69,45.8,56091.0
6412,20260924,74.26,77.91,15.68,23857.0
6414,20260924,48.06,62.37,20.66,20723.0
6415,20260924,65.02,80.07,7.98,26608.0
6416,20260924,38.41,49.72,30.62,22346.0
6417,20260924,54.18,68.57,10.32,1589.0
6418,20260924,52.61,58.64,23.27,2338.0
6419,20260924,32.17,39.98,41.05,27077.0
6423,20260924,23.06,40.85,32.07,3256.0
6425,20260924,34.27,42.27,45.12,9727.0
6426,20260924,38.38,53.73,26.94,17502.0
6427,20260924,100.0,100.0,0.0,1.0
6428,20260924,89.36,91.64,4.87,961.0
6429,20260924,11.88,38.13,26.5,268.0
6431,20260924,65.33,70.77,12.15,17634.0
6432,20260924,16.63,31.06,56.66,36291.0
6434,20260924,83.98,85.19,10.24,8996.0
6435,20260924,48.4,52.76,36.02,10297.0
6436,20260924,98.56,98.56,0.71,17.0
6437,20260924,40.87,65.01,13.11,402.0
6438,20260924,21.79,33.84,48.57,45974.0
6441,20260924,41.86,45.19,41.33,35103.0
6442,20260924,36.79,55.53,29.16,70301.0
6443,20260924,12.85,15.36,72.98,160079.0
6446,20260924,42.07,56.4,22.98,74532.0
6449,20260924,60.87,69.52,20.08,32708.0
6451,20260924,59.72,64.61,27.66,33680.0
6452,20260924,30.51,39.23,42.62,11638.0
6453,20260924,0.0,0.0,73.36,621.0
6455,20260924,51.48,68.48,11.11,563.0
6456,20260924,50.32,54.46,32.9,32959.0
6458,20260924,63.74,65.25,17.03,2714.0
6461,20260924,53.67,60.5,21.16,8586.0
6462,20260924,20.51,31.02,53.4,46611.0
6464,20260924,79.71,86.18,4.43,2155.0
6465,20260924,55.17,63.43,18.43,3279.0
6467,20260924,21.86,29.23,42.27,6331.0
6468,20260924,98.55,98.55,1.42,162.0
6469,20260924,40.83,47.74,39.03,29630.0
6470,20260924,40.01,41.81,48.19,27281.0
6471,20260924,0.0,0.0,93.15,358.0
6472,20260924,45.47,56.48,32.28,30726.0
6473,20260924,64.64,78.02,7.74,9755.0
6474,20260924,44.6,67.25,12.13,1608.0
6475,20260924,56.66,73.13,13.53,928.0
6477,20260924,35.94,40.83,46.16,30471.0
6479,20260924,79.32,86.79,5.23,876.0
6481,20260924,91.6,96.01,1.46,107.0
6482,20260924,65.78,67.6,23.6,2044.0
6483,20260924,18.76,43.69,18.04,17141.0
6484,20260924,100.0,100.0,0.0,1.0
6485,20260924,19.1,24.99,53.92,40984.0
6486,20260924,40.53,43.98,41.23,30400.0
6488,20260924,71.08,76.91,13.54,112641.0
6489,20260924,36.92,62.98,9.38,278.0
6490,20260924,64.16,70.62,9.29,425.0
6491,20260924,52.41,64.61,18.93,8885.0
6492,20260924,33.06,39.12,38.21,47239.0
6493,20260924,80.37,80.37,10.62,1058.0
6494,20260924,5.22,17.08,55.19,38288.0
6495,20260924,43.12,52.59,22.38,12152.0
6496,20260924,62.53,65.96,25.71,10144.0
6497,20260924,96.46,97.19,2.38,1555.0
6498,20260924,54.73,67.5,19.97,6787.0
6499,20260924,36.07,41.94,32.18,7723.0
6502,20260924,90.96,90.96,1.33,134.0
6503,20260924,80.41,80.41,5.64,77.0
6504,20260924,64.57,70.76,19.45,5113.0
6505,20260924,95.53,96.04,2.77,87624.0
6506,20260924,44.03,61.52,18.8,4243.0
6508,20260924,61.05,63.35,30.53,14916.0
6509,20260924,28.97,37.26,44.43,55604.0
6510,20260924,42.44,54.9,20.3,18164.0
6511,20260924,57.36,72.03,10.0,642.0
6512,20260924,17.69,36.02,27.21,6609.0
6515,20260924,35.84,47.32,25.16,59991.0
6516,20260924,43.18,53.4,25.04,3698.0
6517,20260924,17.96,19.71,58.25,22245.0
6518,20260924,74.1,84.51,7.18,514.0
6523,20260924,61.69,63.08,29.82,6123.0
6525,20260924,58.82,68.11,20.89,13324.0
6526,20260924,76.68,81.43,10.53,16579.0
6527,20260924,34.39,45.38,21.2,2124.0
6529,20260924,41.45,71.81,11.28,399.0
6530,20260924,8.93,14.59,64.37,36197.0
6531,20260924,53.35,65.2,17.46,43341.0
6532,20260924,18.46,35.38,42.07,29671.0
6533,20260924,15.55,21.27,57.98,34285.0
6534,20260924,76.76,84.31,7.91,1911.0
6535,20260924,56.02,64.15,19.19,10878.0
6536,20260924,53.2,58.26,16.5,1098.0
6538,20260924,23.78,53.67,22.5,37053.0
6539,20260924,75.51,85.23,6.53,1010.0
6540,20260924,98.57,99.05,0.41,131.0
6541,20260924,65.47,70.73,16.67,11991.0
6542,20260924,77.61,84.72,7.43,882.0
6543,20260924,49.8,66.39,6.21,12302.0
6545,20260924,37.79,44.15,35.93,1238.0
6546,20260924,29.91,41.39,42.51,12461.0
6547,20260924,28.51,36.72,36.09,49877.0
6548,20260924,84.87,87.62,8.69,29486.0
6549,20260924,16.14,31.46,31.74,25447.0
6550,20260924,100.0,100.0,0.0,1.0
6551,20260924,79.32,83.69,8.96,1188.0
6552,20260924,55.76,58.37,30.6,7612.0
6555,20260924,64.58,69.54,18.04,4517.0
6556,20260924,63.68,77.46,12.96,1408.0
6558,20260924,38.61,41.87,47.36,46769.0
6559,20260924,31.62,52.92,32.04,1881.0
6560,20260924,34.31,42.26,33.1,3342.0
6561,20260924,70.04,72.84,15.95,7148.0
6562,20260924,50.33,52.76,30.17,11455.0
6563,20260924,10.33,31.5,23.72,1160.0
6564,20260924,60.98,65.07,22.7,3654.0
6565,20260924,28.73,39.9,21.21,1181.0
6566,20260924,79.36,84.51,7.61,663.0
6567,20260924,80.22,88.54,4.29,630.0
6568,20260924,29.94,41.96,35.86,24727.0
6569,20260924,60.79,68.08,21.17,4146.0
6570,20260924,29.84,43.55,36.51,8006.0
6572,20260924,64.99,68.81,18.88,4286.0
6573,20260924,59.22,64.21,26.91,5863.0
6574,20260924,75.44,79.19,13.3,2908.0
6575,20260924,51.06,54.4,22.85,6887.0
6576,20260924,60.69,67.67,16.55,30187.0
6577,20260924,68.34,74.66,17.22,3737.0
6578,20260924,58.84,64.45,20.46,18687.0
6579,20260924,82.48,84.47,10.37,7774.0
6580,20260924,44.48,57.74,19.79,3869.0
6581,20260924,86.88,90.07,5.02,2296.0
6582,20260924,71.21,74.26,17.72,9167.0
6583,20260924,53.46,82.44,6.95,311.0
6584,20260924,62.69,74.51,17.68,14667.0
6585,20260924,72.39,75.96,15.74,4409.0
6586,20260924,56.11,62.3,20.28,29263.0
6587,20260924,100.0,100.0,0.0,1.0
6588,20260924,18.13,23.84,53.76,42052.0
6589,20260924,51.37,58.38,26.52,22523.0
6590,20260924,28.77,56.86,23.36,2332.0
6591,20260924,20.08,25.37,55.42,44574.0
6592,20260924,75.68,79.76,13.61,25296.0
6593,20260924,29.86,46.0,43.53,34798.0
6595,20260924,57.3,80.57,4.76,8938.0
6596,20260924,22.73,26.65,58.13,17144.0
6597,20260924,72.45,81.27,8.37,920.0
6598,20260924,37.25,52.83,23.62,36984.0
6599,20260924,71.03,76.44,7.24,298.0
6601,20260924,84.46,86.87,4.94,361.0
6602,20260924,0.0,0.0,95.63,404.0
6603,20260924,38.26,53.92,27.95,24435.0
6604,20260924,78.32,84.06,8.09,1080.0
6605,20260924,58.43,66.96,20.16,15637.0
6606,20260924,61.07,70.66,12.53,9533.0
6607,20260924,76.22,81.0,7.14,68.0
6608,20260924,93.72,96.78,2.6,313.0
6609,20260924,55.79,58.84,31.47,9408.0
6610,20260924,78.99,81.32,9.66,3789.0
6611,20260924,91.68,91.68,8.3,459.0
6612,20260924,48.6,65.69,17.71,2842.0
6613,20260924,55.52,59.44,28.73,10823.0
6614,20260924,73.63,74.21,17.02,3976.0
6615,20260924,35.88,51.51,36.11,5219.0
6616,20260924,53.92,62.16,20.05,1549.0
6617,20260924,59.79,67.26,18.57,7053.0
6618,20260924,14.16,27.64,37.39,34490.0
6620,20260924,50.58,62.25,19.59,19866.0
6621,20260924,23.52,36.89,35.67,32181.0
6622,20260924,53.38,65.49,10.67,919.0
6624,20260924,59.54,74.15,11.41,857.0
6625,20260924,44.07,49.63,34.37,10476.0
6626,20260924,59.56,77.35,10.84,424.0
6627,20260924,65.81,77.55,4.79,267.0
6629,20260924,80.01,84.24,6.38,944.0
6633,20260924,95.66,95.66,4.32,1367.0
6634,20260924,51.25,66.18,16.53,2227.0
6635,20260924,100.0,100.0,0.0,1.0
6637,20260924,53.8,59.22,31.77,3334.0
6638,20260924,56.74,70.5,15.94,1130.0
6639,20260924,58.98,70.06,9.83,927.0
6640,20260924,63.77,65.67,23.27,13701.0
6641,20260924,49.83,60.25,19.16,1979.0
6642,20260924,46.24,57.67,20.67,3197.0
6643,20260924,33.36,37.05,48.4,22685.0
6645,20260924,26.16,43.82,28.97,6602.0
6648,20260924,54.02,68.03,16.16,9199.0
6649,20260924,35.26,53.51,19.33,18395.0
6650,20260924,61.87,80.17,5.86,482.0
6651,20260924,32.41,51.72,22.18,3401.0
6652,20260924,69.5,79.07,6.97,1689.0
6653,20260924,95.45,95.45,1.16,281.0
6654,20260924,71.17,79.29,7.99,3389.0
6655,20260924,76.45,86.13,3.98,978.0
6656,20260924,82.4,90.33,1.71,66.0
6657,20260924,21.76,35.43,33.7,15792.0
6658,20260924,31.5,43.27,35.66,10910.0
6659,20260924,70.68,80.75,7.29,1119.0
6660,20260924,100.0,100.0,0.0,1.0
6661,20260924,61.91,66.1,17.11,1286.0
6662,20260924,40.18,47.67,18.13,4665.0
6664,20260924,36.54,54.95,32.11,17108.0
6665,20260924,59.37,65.83,18.89,1826.0
6666,20260924,77.96,78.82,12.97,2179.0
6667,20260924,44.14,48.72,38.37,13676.0
6668,20260924,51.39,54.73,32.44,14612.0
6669,20260924,53.51,62.83,20.69,188205.0
6670,20260924,65.64,78.63,8.89,5996.0
6671,20260924,56.6,75.16,10.0,1382.0
6672,20260924,20.72,33.64,52.71,54294.0
6673,20260924,25.42,30.57,51.57,3086.0
6674,20260924,78.37,83.44,10.88,1929.0
6676,20260924,55.07,61.51,16.66,4346.0
6677,20260924,57.04,63.97,17.2,1914.0
6679,20260924,43.86,53.83,25.57,7129.0
6680,20260924,63.64,71.58,10.66,924.0
6681,20260924,0.0,0.0,100.0,7.0
6682,20260924,47.69,53.08,30.28,11155.0
6683,20260924,11.24,20.64,44.61,31996.0
6684,20260924,31.51,36.78,50.03,23745.0
6688,20260924,49.8,73.88,6.1,197.0
6689,20260924,33.92,48.97,38.53,10187.0
6690,20260924,59.71,59.71,31.07,5617.0
6691,20260924,57.07,67.92,17.44,19080.0
6692,20260924,61.92,71.76,13.27,2106.0
6693,20260924,31.39,42.48,29.43,6445.0
6695,20260924,45.33,50.07,33.99,22639.0
6696,20260924,52.22,63.42,14.59,29619.0
6697,20260924,61.11,66.75,24.75,2193.0
6698,20260924,31.07,38.34,40.33,35846.0
6699,20260924,75.24,85.49,4.23,762.0
6701,20260924,97.98,97.98,1.33,758.0
6702,20260924,75.46,79.73,8.7,11476.0
6703,20260924,38.72,51.27,36.69,23338.0
6704,20260924,32.36,44.82,22.72,3575.0
6705,20260924,54.99,73.6,9.33,654.0
6706,20260924,15.36,24.67,54.48,49669.0
6707,20260924,71.73,80.07,10.1,1494.0
6708,20260924,42.81,53.59,27.22,2275.0
6709,20260924,53.13,64.3,15.14,1947.0
6712,20260924,31.09,39.79,37.99,28877.0
6713,20260924,37.76,60.25,16.73,885.0
6715,20260924,65.62,76.53,10.95,5712.0
6716,20260924,22.18,35.81,27.97,3218.0
6717,20260924,56.28,75.04,9.57,427.0
6719,20260924,43.05,48.83,38.77,26644.0
6720,20260924,25.49,57.86,14.88,1360.0
6721,20260924,37.77,50.55,19.78,1640.0
6722,20260924,74.1,76.79,11.73,2554.0
6723,20260924,42.18,58.68,19.77,1227.0
6724,20260924,62.32,62.32,19.72,1841.0
6725,20260924,58.66,64.52,23.95,6374.0
6726,20260924,100.0,100.0,0.0,1.0
6727,20260924,4.47,23.31,40.75,40857.0
6728,20260924,59.01,63.32,23.08,2895.0
6729,20260924,31.19,47.9,22.41,1477.0
6730,20260924,60.56,74.33,9.38,994.0
6731,20260924,99.44,99.44,0.54,186.0
6732,20260924,46.31,49.42,39.53,9434.0
6733,20260924,40.25,48.71,28.53,7302.0
6734,20260924,46.05,59.52,20.6,2183.0
6735,20260924,35.59,48.59,28.17,5188.0
6736,20260924,93.39,93.39,3.5,850.0
6737,20260924,76.41,80.84,10.38,1367.0
6738,20260924,46.01,66.75,8.39,532.0
6739,20260924,48.11,57.36,29.0,11215.0
6741,20260924,58.16,70.36,17.58,6751.0
6742,20260924,25.94,34.4,43.02,41342.0
6743,20260924,58.17,64.83,22.13,8875.0
6744,20260924,52.96,65.84,10.69,416.0
6746,20260924,97.59,99.59,0.4,6.0
6748,20260924,26.79,35.22,35.8,6734.0
6749,20260924,100.0,100.0,0.0,1.0
6750,20260924,40.28,59.17,19.24,1834.0
6751,20260924,56.93,64.76,26.31,2405.0
6752,20260924,21.07,47.76,21.76,3696.0
6753,20260924,50.48,58.18,28.82,17161.0
6754,20260924,81.35,83.09,11.8,2197.0
6755,20260924,40.99,53.73,15.16,1234.0
6756,20260924,58.12,62.39,27.27,8285.0
6757,20260924,72.55,75.07,19.96,134561.0
6758,20260924,74.89,81.83,5.69,250.0
6760,20260924,100.0,100.0,0.0,1.0
6761,20260924,29.93,39.02,42.26,12931.0
6762,20260924,61.86,77.6,8.94,909.0
6763,20260924,57.3,61.5,30.57,18019.0
6764,20260924,98.27,98.27,1.38,255.0
6767,20260924,51.86,59.33,19.14,1468.0
6768,20260924,76.25,81.84,11.15,7077.0
6770,20260924,44.67,49.23,38.34,647784.0
6771,20260924,18.13,43.33,27.72,1762.0
6772,20260924,96.66,98.74,0.2,9.0
6775,20260924,56.44,62.65,16.96,4175.0
6776,20260924,61.35,66.67,23.99,7438.0
6778,20260924,100.0,100.0,0.0,1.0
6779,20260924,100.0,100.0,0.0,1.0
6780,20260924,53.41,83.46,4.63,236.0
6781,20260924,67.7,70.55,21.22,28523.0
6782,20260924,35.39,51.46,18.7,6281.0
6784,20260924,30.34,51.19,21.22,896.0
6785,20260924,54.47,60.9,19.96,4475.0
6786,20260924,0.0,9.05,59.28,17429.0
6787,20260924,9.84,24.61,43.68,19666.0
6788,20260924,14.22,21.84,56.82,27898.0
6789,20260924,68.83,72.52,20.11,53806.0
6790,20260924,75.33,78.57,13.81,11095.0
6791,20260924,56.02,74.26,17.57,1961.0
6792,20260924,48.08,53.89,28.56,3976.0
6793,20260924,22.4,39.12,30.05,23743.0
6794,20260924,67.16,78.55,7.42,1150.0
6796,20260924,33.96,47.42,27.34,3013.0
6797,20260924,29.99,48.83,36.84,26741.0
6798,20260924,55.68,73.39,5.4,5878.0
6799,20260924,21.07,32.26,48.69,30193.0
6803,20260924,54.28,56.3,36.88,14722.0
6804,20260924,47.17,64.6,16.58,2175.0
6805,20260924,52.19,62.88,13.36,15680.0
6806,20260924,58.45,60.24,30.77,30962.0
6807,20260924,73.55,81.41,7.4,970.0
6808,20260924,44.18,54.27,17.37,2208.0
6810,20260924,21.39,35.37,28.07,25168.0
6811,20260924,61.93,66.83,21.59,5320.0
6812,20260924,26.29,40.99,33.07,7365.0
6813,20260924,48.86,62.5,17.21,633.0
6814,20260924,73.55,82.81,7.21,726.0
6815,20260924,49.84,67.19,13.86,8312.0
6816,20260924,61.98,70.99,13.99,434.0
6817,20260924,54.89,54.89,26.1,1103.0
6818,20260924,55.9,66.49,19.61,1375.0
6819,20260924,40.84,56.06,17.78,1259.0
6820,20260924,71.82,71.82,15.25,1555.0
6821,20260924,39.68,51.97,30.73,3900.0
6822,20260924,100.0,100.0,0.0,1.0
6823,20260924,54.97,58.89,22.91,2487.0
6824,20260924,100.0,100.0,0.0,1.0
6825,20260924,65.89,76.95,7.75,622.0
6826,20260924,68.07,74.74,15.02,7044.0
6827,20260924,49.26,62.16,12.4,1524.0
6829,20260924,63.0,66.11,24.39,11425.0
6830,20260924,16.3,29.23,47.56,26354.0
6831,20260924,36.33,56.54,18.72,11882.0
6832,20260924,82.84,86.12,7.96,3569.0
6833,20260924,79.3,85.79,7.92,902.0
6834,20260924,48.6,60.93,26.23,11454.0
6835,20260924,68.83,78.76,10.98,2098.0
6837,20260924,41.11,59.15,16.33,1001.0
6838,20260924,54.11,61.41,19.96,6739.0
6839,20260924,74.33,80.64,4.89,894.0
6840,20260924,37.34,54.02,21.53,2029.0
6841,20260924,37.03,47.53,36.75,11927.0
6842,20260924,31.73,39.34,33.24,2226.0
6843,20260924,55.9,76.75,14.5,1221.0
6844,20260924,55.96,63.45,17.08,3350.0
6846,20260924,64.19,66.78,17.84,1464.0
6847,20260924,19.67,55.89,21.18,634.0
6848,20260924,29.84,52.95,17.31,519.0
6849,20260924,37.37,48.08,31.26,6105.0
6850,20260924,41.06,60.75,12.99,921.0
6851,20260924,100.0,100.0,0.0,1.0
6854,20260924,54.65,65.12,18.91,6096.0
6855,20260924,41.79,61.33,12.58,1986.0
6856,20260924,74.34,83.68,8.7,941.0
6857,20260924,94.62,94.62,2.71,416.0
6858,20260924,82.2,89.89,5.27,336.0
6859,20260924,55.88,64.44,16.78,2494.0
6861,20260924,48.55,49.52,36.0,14319.0
6862,20260924,68.91,69.86,22.09,6301.0
6863,20260924,72.27,75.43,15.51,4462.0
6864,20260924,12.23,37.12,24.49,4230.0
6865,20260924,36.26,50.68,26.72,1395.0
6866,20260924,99.73,99.73,0.0,2.0
6867,20260924,78.62,86.46,7.48,810.0
6868,20260924,27.27,55.37,9.68,490.0
6869,20260924,45.86,55.01,32.71,20496.0
6870,20260924,59.79,72.96,11.42,2414.0
6872,20260924,42.87,57.54,21.45,2939.0
6873,20260924,53.94,61.29,23.98,11545.0
6874,20260924,39.58,53.6,29.53,2883.0
6875,20260924,51.55,60.99,19.27,4830.0
6876,20260924,16.73,31.68,25.84,20212.0
6877,20260924,58.97,74.49,13.14,3193.0
6878,20260924,84.69,88.93,5.67,1105.0
6879,20260924,80.25,89.17,3.41,348.0
6881,20260924,49.96,57.92,12.0,947.0
6882,20260924,31.49,59.15,18.35,816.0
6883,20260924,80.38,87.72,4.25,689.0
6884,20260924,69.21,73.01,16.28,1310.0
6885,20260924,23.3,35.29,34.69,22502.0
6886,20260924,84.94,90.03,4.06,14387.0
6887,20260924,82.02,91.81,3.8,854.0
6890,20260924,91.97,92.24,5.46,7474.0
6891,20260924,73.7,76.97,13.26,5713.0
6892,20260924,36.89,56.77,15.64,2580.0
6894,20260924,55.03,60.94,17.13,2725.0
6895,20260924,50.99,61.05,21.81,2868.0
6897,20260924,100.0,100.0,0.0,1.0
6898,20260924,45.84,59.19,18.06,1553.0
6899,20260924,61.26,80.03,12.03,1959.0
6901,20260924,80.64,82.5,10.76,23633.0
6902,20260924,57.16,68.13,11.89,7263.0
6903,20260924,65.51,68.08,22.48,9676.0
6904,20260924,64.36,79.9,5.28,597.0
6905,20260924,100.0,100.0,0.0,2.0
6906,20260924,47.82,57.92,27.18,3369.0
6907,20260924,62.26,65.15,23.86,7373.0
6908,20260924,77.71,77.71,15.72,1957.0
6909,20260924,22.31,38.25,37.47,12768.0
6910,20260924,49.59,57.09,20.68,1584.0
6911,20260924,44.33,61.88,15.3,937.0
6912,20260924,73.07,79.59,7.5,2031.0
6913,20260924,42.24,54.89,19.57,4258.0
6914,20260924,67.03,72.14,16.17,4550.0
6915,20260924,84.8,88.44,9.02,1113.0
6916,20260924,72.7,78.98,10.82,2072.0
6917,20260924,28.6,43.04,25.95,2582.0
6918,20260924,27.67,48.97,22.46,2005.0
6919,20260924,66.67,72.94,15.0,66588.0
6920,20260924,56.84,63.02,22.17,12127.0
6921,20260924,75.17,78.02,12.12,882.0
6922,20260924,56.68,62.9,18.65,2995.0
6923,20260924,55.29,69.74,13.66,3463.0
6924,20260924,73.08,82.21,8.19,587.0
6925,20260924,41.69,58.02,31.14,3030.0
6926,20260924,60.92,80.75,5.85,688.0
6927,20260924,52.74,67.9,14.99,1297.0
6928,20260924,76.07,79.69,14.31,4318.0
6929,20260924,86.91,89.6,7.82,1532.0
6930,20260924,100.0,100.0,0.0,1.0
6931,20260924,49.74,70.04,13.57,3358.0
6932,20260924,74.51,80.43,8.59,5257.0
6933,20260924,62.75,65.43,18.94,4593.0
6934,20260924,57.46,65.05,15.54,1569.0
6935,20260924,72.81,82.34,6.61,578.0
6936,20260924,64.77,76.2,14.24,3776.0
6937,20260924,54.6,64.03,21.27,8220.0
6938,20260924,54.14,67.01,11.36,664.0
6939,20260924,56.07,63.07,11.2,660.0
6940,20260924,39.87,54.3,18.34,9080.0
6942,20260924,100.0,100.0,0.0,1.0
6943,20260924,100.0,100.0,0.0,1.0
6944,20260924,36.3,55.32,20.46,17242.0
6945,20260924,53.56,63.43,19.72,5265.0
6946,20260924,90.81,93.88,2.7,1892.0
6947,20260924,60.13,70.23,16.66,5640.0
6949,20260924,89.33,92.88,2.7,8622.0
6950,20260924,89.68,95.78,1.39,438.0
6951,20260924,63.9,66.23,19.64,4529.0
6952,20260924,79.97,86.9,8.45,2411.0
6953,20260924,56.2,63.56,19.33,3091.0
6954,20260924,100.0,100.0,0.0,1.0
6955,20260924,49.64,60.3,7.77,513.0
6957,20260924,53.48,71.23,9.33,1962.0
6958,20260924,93.51,94.15,3.14,3485.0
6959,20260924,33.17,40.76,29.8,3996.0
6961,20260924,33.34,44.48,30.2,3761.0
6962,20260924,46.65,52.59,29.14,32623.0
6963,20260924,85.35,87.95,3.34,207.0
6965,20260924,91.02,92.5,3.93,2339.0
6967,20260924,39.25,65.44,19.07,1722.0
6968,20260924,44.13,58.99,21.84,3508.0
6969,20260924,40.67,53.62,19.24,1740.0
6971,20260924,61.37,73.78,16.5,1620.0
6972,20260924,63.73,83.82,5.05,356.0
6973,20260924,41.45,67.81,10.51,872.0
6976,20260924,73.84,80.48,8.1,5958.0
6977,20260924,15.91,39.13,29.93,1811.0
6978,20260924,98.31,98.31,1.31,35.0
6979,20260924,39.6,59.53,10.54,430.0
6980,20260924,72.36,77.23,16.51,2335.0
6982,20260924,53.59,65.06,21.6,2746.0
6983,20260924,16.01,43.49,26.43,3333.0
6984,20260924,27.71,56.57,9.28,343.0
6985,20260924,100.0,100.0,0.0,1.0
6986,20260924,36.71,49.33,17.27,1915.0
6987,20260924,87.03,90.64,2.98,1125.0
6988,20260924,64.93,77.53,6.25,461.0
6990,20260924,76.0,82.01,14.8,5541.0
6991,20260924,100.0,100.0,0.0,1.0
6992,20260924,43.34,72.89,6.14,462.0
6993,20260924,100.0,100.0,0.0,1.0
6994,20260924,37.01,45.04,35.96,6877.0
6995,20260924,28.93,45.64,17.98,3708.0
6996,20260924,55.68,60.24,17.84,2461.0
6997,20260924,77.74,82.26,9.25,753.0
6999,20260924,57.3,77.33,4.82,257.0
7402,20260924,26.96,34.35,46.46,21157.0
7415,20260924,33.05,61.64,11.87,2580.0
7418,20260924,85.31,96.13,0.57,264.0
7419,20260924,39.37,49.32,34.14,4700.0
7421,20260924,0.0,0.0,69.71,537.0
7422,20260924,78.47,82.48,7.86,238.0
7426,20260924,100.0,100.0,0.0,1.0
7427,20260924,19.64,30.97,42.91,5186.0
7443,20260924,73.22,82.47,6.23,347.0
7452,20260924,87.89,87.89,9.29,109.0
7455,20260924,73.87,82.75,5.52,266.0
7507,20260924,70.2,78.24,6.54,1113.0
7516,20260924,14.79,36.6,40.6,24230.0
7530,20260924,45.99,53.74,29.41,3378.0
7547,20260924,66.12,73.11,17.48,2001.0
7551,20260924,42.93,56.65,13.71,439.0
7555,20260924,86.14,87.67,5.7,417.0
7556,20260924,54.58,64.38,20.07,2650.0
7558,20260924,22.49,52.35,17.52,813.0
7561,20260924,55.15,60.63,10.37,735.0
7562,20260924,63.04,76.4,7.06,278.0
7566,20260924,55.02,66.93,12.49,7894.0
7570,20260924,100.0,100.0,0.0,1.0
7575,20260924,32.69,52.1,12.02,559.0
7578,20260924,44.44,64.56,15.17,1752.0
7583,20260924,72.97,88.3,7.1,454.0
7584,20260924,51.83,71.29,17.03,970.0
7590,20260924,77.3,82.0,10.15,2514.0
7595,20260924,45.91,72.13,8.68,826.0
7607,20260924,62.37,71.97,7.76,676.0
7610,20260924,37.24,49.68,34.26,22013.0
7631,20260924,52.59,71.63,15.73,1260.0
7642,20260924,78.35,80.03,14.89,2059.0
7660,20260924,100.0,100.0,0.0,1.0
7669,20260924,4.94,32.82,27.09,3656.0
7686,20260924,85.94,87.9,4.96,1914.0
7689,20260924,81.71,84.52,11.31,7720.0
7702,20260924,87.95,92.72,2.15,355.0
7703,20260924,46.66,59.15,26.13,4283.0
7704,20260924,42.11,59.62,16.61,1612.0
7705,20260924,61.81,68.85,20.65,13834.0
7706,20260924,91.29,91.29,4.76,240.0
7707,20260924,39.81,46.44,22.92,3273.0
7708,20260924,61.96,63.6,21.9,3011.0
7709,20260924,77.39,79.43,14.47,2635.0
7710,20260924,97.54,98.82,1.01,407.0
7711,20260924,52.68,61.15,21.46,9827.0
7712,20260924,35.55,54.91,23.23,4269.0
7713,20260924,78.28,84.76,4.92,769.0
7714,20260924,47.95,66.63,24.73,2872.0
7715,20260924,39.76,56.05,23.37,2108.0
7716,20260924,66.13,82.59,8.03,548.0
7717,20260924,35.38,51.21,30.17,9904.0
7718,20260924,65.82,78.19,9.36,1028.0
7719,20260924,11.32,20.74,52.97,16163.0
7720,20260924,100.0,100.0,0.0,1.0
7721,20260924,52.76,60.76,18.95,3457.0
7722,20260924,83.63,84.98,13.22,20541.0
7723,20260924,47.21,56.43,27.09,4395.0
7724,20260924,70.86,84.32,4.56,299.0
7725,20260924,79.67,84.26,3.86,298.0
7726,20260924,80.37,87.24,3.94,181.0
7728,20260924,45.73,57.12,28.64,3608.0
7729,20260924,45.13,57.53,19.57,17377.0
7730,20260924,60.77,70.05,11.5,1216.0
7731,20260924,67.4,71.93,13.14,8984.0
7732,20260924,82.88,88.81,4.89,874.0
7734,20260924,67.31,71.73,16.32,14278.0
7735,20260924,87.5,92.95,3.53,2770.0
7736,20260924,76.73,84.74,7.56,1559.0
7737,20260924,56.78,77.83,6.47,371.0
7738,20260924,32.17,57.7,14.28,1655.0
7740,20260924,53.58,64.92,17.78,2833.0
7742,20260924,65.0,68.98,24.59,7268.0
7743,20260924,57.39,74.67,8.7,918.0
7744,20260924,61.78,75.47,10.7,2396.0
7745,20260924,56.71,71.13,16.39,544.0
7746,20260924,92.41,95.51,1.11,27.0
7747,20260924,76.63,79.95,5.06,946.0
7748,20260924,50.07,68.37,5.49,210.0
7749,20260924,28.12,45.69,26.15,7980.0
7750,20260924,61.59,75.12,10.21,11231.0
7751,20260924,36.95,46.66,20.45,10672.0
7752,20260924,82.18,86.13,5.31,2201.0
7753,20260924,65.34,74.15,15.29,2366.0
7754,20260924,56.27,69.2,10.49,1875.0
7756,20260924,59.42,70.79,3.53,261.0
7757,20260924,40.98,59.28,20.45,2617.0
7758,20260924,80.08,83.39,5.56,379.0
7759,20260924,73.27,80.67,7.91,1088.0
7760,20260924,50.08,65.32,8.69,1478.0
7761,20260924,34.25,49.34,19.42,1442.0
7762,20260924,39.54,55.34,13.65,1425.0
7763,20260924,76.51,82.08,9.48,2947.0
7764,20260924,68.91,81.47,8.26,773.0
7765,20260924,56.68,59.37,22.7,6112.0
7767,20260924,55.72,71.63,12.99,1085.0
7768,20260924,55.54,64.18,17.1,6590.0
7769,20260924,57.2,67.03,13.02,64778.0
7770,20260924,62.44,74.26,10.2,1078.0
7771,20260924,75.7,80.09,6.74,521.0
7772,20260924,52.82,56.38,31.39,5166.0
7773,20260924,42.81,57.64,15.26,990.0
7775,20260924,100.0,100.0,0.0,1.0
7776,20260924,63.72,74.5,11.57,1081.0
7777,20260924,59.53,63.84,26.51,18239.0
7779,20260924,56.73,66.95,6.93,368.0
7780,20260924,73.53,75.61,18.37,43227.0
7781,20260924,68.97,72.94,14.39,17632.0
7782,20260924,65.8,76.06,13.68,1109.0
7783,20260924,89.52,91.81,3.59,1168.0
7784,20260924,82.03,87.32,5.46,1482.0
7785,20260924,72.06,85.55,3.25,218.0
7786,20260924,77.81,82.51,11.43,6364.0
7788,20260924,56.11,68.36,13.92,8458.0
7789,20260924,42.63,71.35,2.63,177.0
7790,20260924,32.02,70.29,8.98,397.0
7791,20260924,70.07,80.08,12.27,4641.0
7792,20260924,61.93,70.42,15.02,3622.0
7793,20260924,100.0,100.0,0.0,1.0
7794,20260924,71.58,81.49,12.11,1248.0
7795,20260924,64.99,70.03,15.91,17397.0
7796,20260924,45.47,57.01,28.53,2359.0
7797,20260924,62.68,79.29,10.95,694.0
7798,20260924,88.66,94.74,1.34,780.0
7799,20260924,69.8,79.66,12.22,11545.0
7801,20260924,66.58,69.64,20.28,1275.0
7803,20260924,70.37,79.33,11.63,2088.0
7805,20260924,68.01,73.11,18.44,4718.0
7806,20260924,58.33,77.29,5.57,351.0
7808,20260924,76.94,77.96,11.02,1092.0
7810,20260924,36.34,46.8,28.14,3182.0
7811,20260924,65.17,73.35,9.83,1239.0
7812,20260924,50.04,58.35,20.84,3027.0
7813,20260924,27.14,42.31,27.84,1804.0
7814,20260924,71.66,77.68,13.29,1561.0
7815,20260924,50.32,60.39,22.05,4171.0
7816,20260924,71.85,79.42,11.9,1120.0
7817,20260924,100.0,100.0,0.0,1.0
7818,20260924,89.0,90.14,5.96,3890.0
7819,20260924,55.4,59.14,28.96,2645.0
7820,20260924,66.08,77.0,12.76,1917.0
7821,20260924,72.22,78.62,13.95,9892.0
7822,20260924,63.73,68.19,23.53,16970.0
7823,20260924,62.3,72.56,10.13,1001.0
7824,20260924,67.23,79.91,4.56,385.0
7825,20260924,24.81,40.28,39.68,4091.0
7826,20260924,60.74,84.38,3.55,125.0
7827,20260924,74.06,79.12,9.35,2725.0
7828,20260924,53.49,64.89,21.04,14225.0
7829,20260924,70.79,82.86,6.0,1084.0
7830,20260924,100.0,100.0,0.0,1.0
7831,20260924,56.06,74.55,1.51,72.0
7832,20260924,87.64,92.65,2.79,2214.0
7833,20260924,57.22,73.61,5.68,563.0
7834,20260924,61.04,75.03,7.35,259.0
7835,20260924,55.34,69.6,6.21,584.0
7836,20260924,61.53,71.07,5.69,583.0
7837,20260924,67.76,74.9,7.04,332.0
7839,20260924,55.95,72.5,8.68,479.0
7840,20260924,76.24,89.54,2.2,226.0
7841,20260924,66.55,77.83,5.97,355.0
7842,20260924,62.3,69.18,18.57,1607.0
7843,20260924,61.47,67.64,10.68,1068.0
7844,20260924,100.0,100.0,0.0,1.0
7846,20260924,75.12,84.01,6.13,473.0
7847,20260924,43.49,63.09,10.14,544.0
7848,20260924,51.35,72.89,9.86,1380.0
7849,20260924,95.78,95.78,1.81,173.0
7850,20260924,54.14,70.56,9.72,1522.0
7851,20260924,74.19,83.48,5.15,555.0
7853,20260924,19.13,27.9,52.59,14858.0
7854,20260924,79.77,89.32,6.8,825.0
7855,20260924,73.39,76.23,16.55,13899.0
7856,20260924,50.3,61.33,23.12,12434.0
7857,20260924,75.88,83.46,4.9,626.0
7858,20260924,30.41,48.52,25.19,4050.0
7859,20260924,100.0,100.0,0.0,1.0
7860,20260924,89.35,94.62,3.07,146.0
7861,20260924,66.9,77.23,9.02,4073.0
7862,20260924,84.22,87.05,4.4,601.0
7863,20260924,96.02,98.41,0.6,119.0
7864,20260924,100.0,100.0,0.0,3.0
7865,20260924,35.32,61.92,14.22,870.0
7866,20260924,45.71,61.41,19.58,4788.0
7867,20260924,83.91,95.13,2.36,694.0
7868,20260924,40.21,57.39,19.58,1080.0
7869,20260924,86.3,88.66,3.08,451.0
7870,20260924,49.15,76.09,5.43,2424.0
7871,20260924,48.51,54.29,23.9,6559.0
7872,20260924,61.32,65.06,14.53,1200.0
7873,20260924,76.08,85.17,6.14,3039.0
7875,20260924,96.46,96.46,2.22,334.0
7876,20260924,74.74,83.7,6.99,1456.0
7877,20260924,57.48,71.89,5.45,385.0
7878,20260924,27.53,47.17,18.06,3579.0
7879,20260924,49.61,62.05,17.42,3196.0
7880,20260924,34.52,66.45,14.82,1421.0
7881,20260924,82.23,84.1,6.42,408.0
7882,20260924,78.0,83.49,5.95,2194.0
7883,20260924,58.53,71.29,8.96,2074.0
7884,20260924,100.0,100.0,0.0,1.0
7885,20260924,57.39,76.54,7.27,459.0
7886,20260924,43.14,65.28,14.74,1576.0
7887,20260924,28.9,42.86,33.83,13959.0
7888,20260924,61.89,80.94,3.35,554.0
7889,20260924,45.61,83.85,4.3,193.0
7890,20260924,65.96,86.06,5.92,416.0
7891,20260924,53.57,56.46,8.35,190.0
7892,20260924,62.98,75.07,12.5,5901.0
7893,20260924,80.01,86.15,7.89,1357.0
7894,20260924,38.97,54.27,9.43,862.0
7895,20260924,65.58,73.06,7.18,13091.0
7896,20260924,80.82,86.62,3.6,607.0
7897,20260924,98.36,98.36,0.31,204.0
7898,20260924,64.0,69.21,13.14,3161.0
7899,20260924,11.46,41.85,35.17,8533.0
7901,20260924,75.08,84.23,7.68,2237.0
7902,20260924,85.66,89.32,4.82,1723.0
7904,20260924,85.92,92.47,3.29,98.0
7906,20260924,100.0,100.0,0.0,1.0
7907,20260924,65.44,75.23,5.75,2148.0
7909,20260924,77.54,83.27,7.76,4747.0
7911,20260924,48.59,63.09,14.94,1830.0
7912,20260924,72.28,79.29,8.9,2217.0
7913,20260924,86.43,90.38,5.52,1182.0
7914,20260924,93.77,94.85,0.79,89.0
7915,20260924,70.85,86.15,3.51,1690.0
7916,20260924,100.0,100.0,0.0,1.0
7917,20260924,70.05,80.04,8.45,2116.0
7918,20260924,77.07,79.73,12.61,14850.0
7919,20260924,42.07,50.06,18.73,607.0
7920,20260924,79.46,88.76,4.18,3574.0
7921,20260924,75.79,83.85,5.56,823.0
7922,20260924,94.08,95.56,1.7,517.0
7924,20260924,74.55,81.43,6.67,2056.0
7925,20260924,72.3,89.65,2.93,364.0
7926,20260924,59.45,73.49,13.12,1527.0
7927,20260924,41.76,70.14,4.92,549.0
7928,20260924,58.33,72.28,8.84,2489.0
7929,20260924,61.84,81.59,8.64,980.0
7930,20260924,58.84,67.77,13.52,2062.0
7931,20260924,84.9,96.2,0.7,159.0
7932,20260924,40.15,58.88,13.38,3026.0
7933,20260924,72.02,86.69,1.41,114.0
7934,20260924,26.81,55.56,16.6,1856.0
7935,20260924,63.62,82.84,2.64,207.0
7936,20260924,64.05,67.81,11.97,668.0
7939,20260924,71.08,74.62,11.21,459.0
7942,20260924,77.31,82.33,8.74,2668.0
7943,20260924,57.2,73.63,6.57,549.0
7944,20260924,72.44,85.75,3.43,230.0
7945,20260924,58.25,71.73,10.86,337.0
7947,20260924,74.59,81.62,5.9,1369.0
7949,20260924,97.4,97.4,1.91,388.0
7950,20260924,95.34,95.34,0.0,5.0
7952,20260924,100.0,100.0,0.0,1.0
8002,20260924,0.0,0.0,78.09,250.0
8009,20260924,0.0,0.0,58.64,627.0
8010,20260924,20.25,46.01,21.77,385.0
8011,20260924,24.99,31.78,51.1,60621.0
8012,20260924,93.02,93.02,5.54,478.0
8014,20260924,37.88,37.88,29.79,591.0
8015,20260924,0.0,29.54,21.55,111.0
8016,20260924,29.23,44.92,30.08,35802.0
8018,20260924,0.0,21.62,15.78,75.0
8019,20260924,90.33,93.81,2.21,98.0
8020,20260924,32.36,59.32,8.31,109.0
8021,20260924,38.38,49.19,38.84,83225.0
8022,20260924,70.18,70.18,6.36,57.0
8023,20260924,0.0,0.0,54.15,35.0
8024,20260924,18.86,29.88,46.46,22514.0
8026,20260924,0.0,0.0,99.98,61.0
8027,20260924,16.73,26.77,55.13,65399.0
8028,20260924,35.77,48.07,39.07,71346.0
8029,20260924,62.69,75.2,6.97,648.0
8030,20260924,0.0,0.0,99.99,16.0
8031,20260924,25.57,25.57,26.61,121.0
8032,20260924,74.21,75.96,18.54,23289.0
8033,20260924,17.16,25.91,58.8,79284.0
8034,20260924,8.72,18.4,53.33,21979.0
8035,20260924,17.91,44.2,26.63,213.0
8036,20260924,20.62,20.62,33.25,532.0
8037,20260924,0.0,0.0,22.11,23.0
8038,20260924,15.03,21.23,61.71,40100.0
8039,20260924,50.03,56.88,31.61,86265.0
8040,20260924,44.68,49.35,34.54,32105.0
8042,20260924,57.22,63.9,31.31,44729.0
8043,20260924,37.54,40.06,53.26,37408.0
8044,20260924,56.03,60.64,25.57,27413.0
8045,20260924,55.75,65.94,16.14,4285.0
8046,20260924,80.2,84.75,8.95,104445.0
8047,20260924,74.69,82.51,8.11,1268.0
8048,20260924,28.07,40.11,39.44,35276.0
8049,20260924,27.21,33.42,50.69,39281.0
8050,20260924,36.73,43.5,42.71,56581.0
8051,20260924,0.0,0.0,100.0,1.0
8052,20260924,0.0,0.0,99.98,11.0
8053,20260924,80.37,85.44,5.98,3692.0
8054,20260924,28.43,34.62,49.28,52292.0
8055,20260924,0.0,0.0,37.74,44.0
8056,20260924,53.99,60.66,18.07,11792.0
8057,20260924,67.07,67.07,11.11,84.0
8058,20260924,50.34,67.45,14.39,2596.0
8059,20260924,67.57,71.55,20.18,7510.0
8060,20260924,34.07,49.68,27.58,272.0
8061,20260924,0.0,25.89,27.95,42.0
8062,20260924,0.0,0.0,99.99,11.0
8064,20260924,40.94,48.29,42.82,80580.0
8065,20260924,0.0,37.58,30.69,928.0
8066,20260924,20.04,38.07,47.58,38066.0
8067,20260924,56.73,81.35,12.78,6993.0
8068,20260924,58.67,61.39,28.05,8363.0
8069,20260924,66.2,74.05,15.67,106504.0
8070,20260924,69.95,73.84,18.71,36413.0
8071,20260924,22.86,32.97,50.84,35011.0
8072,20260924,57.87,60.16,30.79,12896.0
8073,20260924,0.0,0.0,99.99,10.0
8074,20260924,29.43,39.14,46.68,45562.0
8076,20260924,25.19,34.08,44.14,89277.0
8077,20260924,76.8,82.07,6.69,1062.0
8080,20260924,82.53,84.74,9.65,14335.0
8081,20260924,23.72,37.36,38.13,21667.0
8082,20260924,62.9,71.71,11.74,4212.0
8083,20260924,44.1,54.21,20.59,2716.0
8084,20260924,47.05,57.28,21.04,3935.0
8085,20260924,30.13,41.47,37.02,35917.0
8086,20260924,37.65,44.4,45.21,77379.0
8087,20260924,41.04,57.36,21.36,9836.0
8088,20260924,16.57,17.29,72.18,54180.0
8089,20260924,37.95,40.87,40.9,27206.0
8091,20260924,31.82,46.55,32.67,18768.0
8092,20260924,41.1,60.86,24.9,20436.0
8093,20260924,64.0,67.55,17.1,3219.0
8094,20260924,11.96,43.02,13.06,337.0
8095,20260924,18.1,51.29,15.89,123.0
8096,20260924,34.84,40.33,47.25,85105.0
8097,20260924,61.52,71.77,14.61,13337.0
8098,20260924,33.14,57.12,20.15,1443.0
8099,20260924,76.66,81.75,11.1,29208.0
8101,20260924,80.45,81.4,11.89,18410.0
8102,20260924,24.43,38.9,16.67,1155.0
8103,20260924,27.56,46.0,36.33,20355.0
8104,20260924,30.38,33.81,49.91,45132.0
8105,20260924,60.46,63.57,25.44,35907.0
8106,20260924,27.88,60.82,11.91,68.0
8107,20260924,44.42,53.92,31.0,31782.0
8108,20260924,0.0,0.0,99.99,13.0
8109,20260924,34.87,54.0,26.08,7011.0
8110,20260924,45.33,48.68,43.99,83601.0
8111,20260924,25.55,36.25,49.1,59914.0
8112,20260924,31.62,35.93,48.96,117558.0
8114,20260924,32.42,46.9,30.4,11775.0
8115,20260924,78.23,86.41,6.08,842.0
8119,20260924,27.56,46.71,26.05,33057.0
8121,20260924,54.31,61.23,25.55,30558.0
8122,20260924,92.23,93.1,2.45,1616.0
8127,20260924,0.0,7.67,41.26,242.0
8130,20260924,59.07,70.92,5.61,297.0
8131,20260924,68.04,70.46,22.21,33489.0
8143,20260924,0.0,0.0,35.49,24.0
8147,20260924,32.52,44.1,27.79,5006.0
8150,20260924,60.71,67.66,25.49,129636.0
8152,20260924,100.0,100.0,0.0,1.0
8155,20260924,35.59,45.39,39.37,16746.0
8157,20260924,73.65,78.63,13.14,662.0
8162,20260924,61.84,73.98,13.85,2643.0
8163,20260924,39.81,45.06,40.94,74703.0
8171,20260924,52.33,61.15,24.94,44614.0
8172,20260924,0.0,0.0,69.94,258.0
8176,20260924,22.19,33.32,40.55,35777.0
8182,20260924,63.78,67.15,26.54,11169.0
8183,20260924,42.33,48.33,36.57,36918.0
8197,20260924,83.38,84.91,6.29,637.0
8201,20260924,45.88,58.16,30.31,12037.0
8204,20260924,0.0,0.0,99.99,4.0
8210,20260924,57.32,64.97,25.23,43273.0
8213,20260924,39.79,50.51,31.99,68519.0
8215,20260924,50.67,53.59,34.67,67875.0
8218,20260924,0.0,0.0,41.62,105.0
8219,20260924,0.0,0.0,99.99,3.0
8221,20260924,0.0,0.0,99.99,2.0
8222,20260924,31.52,36.23,49.45,39578.0
8225,20260924,73.02,79.65,9.09,380.0
8227,20260924,22.17,38.16,43.59,27905.0
8234,20260924,46.69,54.94,32.63,16602.0
8240,20260924,48.06,54.48,32.13,37290.0
8249,20260924,53.5,57.82,33.62,35546.0
8255,20260924,46.76,51.57,35.79,25343.0
8259,20260924,0.0,0.0,71.94,17.0
8261,20260924,38.33,44.12,47.04,74870.0
8264,20260924,0.0,0.0,72.08,496.0
8271,20260924,34.99,40.93,47.03,66487.0
8272,20260924,25.15,38.04,19.28,1647.0
8276,20260924,33.84,48.36,27.35,125.0
8277,20260924,13.48,15.9,63.36,12481.0
8279,20260924,52.51,60.23,18.68,2138.0
8281,20260924,34.88,44.49,8.43,415.0
8284,20260924,48.12,64.4,13.45,2294.0
8286,20260924,0.0,0.0,99.98,157.0
8287,20260924,70.24,70.24,25.73,11818.0
8289,20260924,33.74,44.65,37.23,30387.0
8291,20260924,71.89,71.89,20.28,1848.0
8297,20260924,92.95,92.95,3.99,174.0
8298,20260924,81.42,81.42,5.38,380.0
8299,20260924,29.18,39.55,43.13,198861.0
8307,20260924,97.93,99.42,0.23,37.0
8325,20260924,0.0,0.0,87.48,204.0
8329,20260924,87.39,91.0,5.11,3156.0
8341,20260924,46.58,48.64,37.91,18713.0
8342,20260924,66.31,72.33,10.65,1091.0
8345,20260924,73.22,83.43,4.34,804.0
8349,20260924,67.35,71.35,15.35,7655.0
8351,20260924,70.91,72.54,12.0,1048.0
8354,20260924,49.52,65.52,17.35,14520.0
8358,20260924,27.61,35.41,52.78,163803.0
8359,20260924,79.49,83.34,9.64,6004.0
8361,20260924,0.0,0.0,99.98,5.0
8367,20260924,61.38,70.66,14.28,3488.0
8374,20260924,68.36,71.41,22.68,13167.0
8375,20260924,40.34,77.08,10.76,114.0
8380,20260924,0.0,19.46,53.52,880.0
8382,20260924,56.95,66.04,16.24,10346.0
8383,20260924,43.91,52.08,36.96,56878.0
8390,20260924,39.64,45.98,31.92,31453.0
8391,20260924,100.0,100.0,0.0,1.0
8401,20260924,54.53,63.2,20.28,11902.0
8403,20260924,32.26,38.34,40.92,36581.0
8404,20260924,73.21,78.92,10.44,15708.0
8409,20260924,38.73,48.77,27.89,25690.0
8410,20260924,50.7,56.95,24.24,2066.0
8411,20260924,79.49,82.05,9.52,10728.0
8415,20260924,89.52,93.12,3.07,8788.0
8416,20260924,77.13,77.13,14.74,2067.0
8419,20260924,40.55,53.22,32.7,1376.0
8421,20260924,58.74,64.8,21.32,6742.0
8422,20260924,34.14,38.0,47.65,149592.0
8423,20260924,54.59,63.66,19.66,6287.0
8424,20260924,50.7,60.57,27.18,3008.0
8426,20260924,70.26,74.92,15.47,2665.0
8427,20260924,0.0,0.0,99.97,14.0
8429,20260924,38.11,42.24,37.66,45069.0
8431,20260924,18.55,33.4,47.8,44489.0
8432,20260924,56.47,61.56,23.66,3151.0
8433,20260924,60.43,66.8,17.8,3127.0
8435,20260924,20.64,41.14,44.03,22326.0
8436,20260924,26.31,35.67,46.08,46007.0
8437,20260924,28.08,41.88,29.1,32490.0
8438,20260924,67.17,79.06,10.12,2832.0
8440,20260924,29.05,32.68,56.68,55716.0
8442,20260924,61.44,71.69,11.71,1984.0
8443,20260924,60.37,69.59,22.05,46534.0
8444,20260924,77.61,85.93,5.36,1683.0
8446,20260924,42.94,51.3,38.33,7712.0
8450,20260924,56.66,58.33,31.34,10216.0
8452,20260924,100.0,100.0,0.0,1.0
8454,20260924,79.33,81.35,13.79,37875.0
8455,20260924,87.77,89.9,6.24,719.0
8458,20260924,48.85,73.63,6.7,551.0
8462,20260924,58.99,65.65,18.16,6166.0
8463,20260924,76.83,82.45,9.98,3554.0
8464,20260924,77.8,87.02,2.57,3746.0
8465,20260924,41.56,58.22,10.66,232.0
8466,20260924,67.5,77.09,11.68,2136.0
8467,20260924,73.86,81.99,7.67,1672.0
8472,20260924,55.75,63.04,12.61,1012.0
8473,20260924,63.75,66.16,22.29,15046.0
8475,20260924,100.0,100.0,0.0,1.0
8476,20260924,62.22,72.19,14.66,6306.0
8477,20260924,81.6,83.51,9.94,10897.0
8478,20260924,75.66,75.66,18.0,10878.0
8479,20260924,41.51,62.09,10.55,375.0
8481,20260924,53.63,66.51,13.15,2504.0
8482,20260924,90.26,95.14,2.33,1034.0
8485,20260924,0.0,96.18,3.8,61.0
8487,20260924,46.05,55.94,19.62,19460.0
8488,20260924,80.22,86.84,5.4,902.0
8489,20260924,46.07,56.83,24.86,29874.0
8490,20260924,29.07,45.75,15.43,1099.0
8491,20260924,0.0,0.0,70.08,1286.0
8492,20260924,88.34,92.97,3.99,250.0
8495,20260924,91.06,92.59,4.43,855.0
8496,20260924,84.71,87.43,4.35,292.0
8499,20260924,72.65,79.87,11.26,2149.0
8707,20260924,0.0,0.0,59.7,6310.0
8708,20260924,36.7,43.76,36.3,20441.0
8710,20260924,18.25,29.02,37.89,6838.0
8712,20260924,63.8,76.16,5.61,6932.0
8718,20260924,28.35,35.42,44.23,18047.0
8719,20260924,79.46,86.78,5.02,6762.0
8720,20260924,47.39,56.97,27.11,8586.0
8721,20260924,0.0,0.0,61.37,2240.0
8722,20260924,56.92,62.76,23.38,5790.0
8723,20260924,41.3,50.72,31.42,23378.0
8724,20260924,33.65,40.7,48.32,8388.0
8725,20260924,25.29,32.37,43.11,12488.0
8905,20260924,89.63,92.63,3.77,21547.0
8906,20260924,49.92,56.39,23.78,2902.0
8908,20260924,85.98,89.16,6.02,15490.0
8916,20260924,59.26,66.04,20.0,41383.0
8917,20260924,66.25,82.64,3.15,1708.0
8921,20260924,63.01,85.56,4.39,1153.0
8923,20260924,74.55,82.32,6.79,5121.0
8924,20260924,29.73,38.8,46.27,16939.0
8925,20260924,27.53,41.31,26.81,19589.0
8926,20260924,51.76,56.96,28.05,62479.0
8927,20260924,74.84,83.7,7.48,25616.0
8928,20260924,35.67,49.14,30.03,4332.0
8929,20260924,39.18,45.67,38.97,11665.0
8930,20260924,58.05,69.12,18.96,5287.0
8931,20260924,78.19,82.01,8.25,18942.0
8932,20260924,74.09,78.9,9.75,10079.0
8933,20260924,47.69,52.83,30.47,42692.0
8934,20260924,94.77,94.77,1.67,504.0
8935,20260924,42.46,51.26,24.92,38034.0
8936,20260924,23.53,31.68,49.9,75266.0
8937,20260924,88.25,90.89,3.75,3283.0
8938,20260924,46.02,57.77,24.71,12242.0
8940,20260924,62.44,70.71,21.29,9305.0
8941,20260924,44.31,66.7,11.15,2200.0
8942,20260924,41.67,51.31,29.04,13119.0
8945,20260924,0.0,0.0,100.0,2.0
8977,20260924,94.48,96.97,0.0,25.0
8996,20260924,27.2,51.66,19.5,35382.0
8999,20260924,18.91,63.91,5.06,392.0
9103,20260924,4.08,11.72,57.75,21209.0
910322,20260924,26.74,28.93,52.83,7318.0
9105,20260924,16.49,26.56,42.39,114257.0
910861,20260924,23.33,37.47,34.58,2723.0
9110,20260924,21.58,43.8,20.56,1746.0
911608,20260924,13.37,31.48,33.79,2157.0
911611,20260924,28.83,41.32,26.79,3110.0
911613,20260924,0.0,5.99,58.77,1401.0
911622,20260924,42.16,52.47,29.29,1502.0
911868,20260924,26.44,36.68,29.81,6150.0
912000,20260924,23.03,34.44,30.21,6806.0
9136,20260924,61.0,67.58,18.3,4533.0
916665,20260924,0.0,0.0,90.16,366.0
9801,20260924,66.07,69.34,24.25,83342.0
9802,20260924,54.24,63.54,21.42,12173.0
9902,20260924,51.32,57.17,28.31,45122.0
9904,20260924,62.93,68.01,18.21,106404.0
9905,20260924,71.92,74.3,17.13,17108.0
9906,20260924,74.97,78.74,14.86,8171.0
9907,20260924,70.46,74.63,14.7,55372.0
9908,20260924,74.71,80.57,10.6,16364.0
9910,20260924,86.84,88.96,7.18,23940.0
9911,20260924,61.07,67.19,23.04,31210.0
9912,20260924,54.91,62.81,23.0,61742.0
9914,20260924,54.08,64.79,23.53,67063.0
9917,20260924,70.45,76.92,14.58,56444.0
9918,20260924,77.2,85.05,4.83,25104.0
9919,20260924,42.41,45.39,43.86,63384.0
9921,20260924,59.99,69.52,18.73,28499.0
9922,20260924,59.04,69.34,15.94,10416.0
9924,20260924,52.66,61.13,27.21,13022.0
9925,20260924,61.4,68.17,19.77,19368.0
9926,20260924,73.65,83.81,5.03,4222.0
9927,20260924,52.67,58.89,29.71,14038.0
9928,20260924,67.16,75.18,14.64,7117.0
9929,20260924,83.95,88.1,4.92,3742.0
9930,20260924,76.44,77.67,15.24,12262.0
9931,20260924,73.39,78.02,7.93,7801.0
9933,20260924,56.77,62.86,20.6,50315.0
9934,20260924,59.08,66.62,17.17,13521.0
9935,20260924,50.03,61.75,17.24,57717.0
9936,20260924,20.09,29.08,42.66,11626.0
9937,20260924,82.15,89.18,3.82,15727.0
9938,20260924,44.69,52.93,30.26,50074.0
9939,20260924,52.94,62.33,24.39,27848.0
9940,20260924,77.92,81.61,10.3,17045.0
9941,20260924,67.11,70.62,22.47,44252.0
9942,20260924,39.07,51.73,30.25,9610.0
9943,20260924,69.48,71.1,24.59,15932.0
9944,20260924,66.16,78.82,12.24,10395.0
9945,20260924,62.1,66.36,19.53,101348.0
9946,20260924,78.4,81.91,10.55,13941.0
9947,20260924,0.0,0.0,0.0,1.0
9948,20260924,0.0,0.0,99.97,73.0
9949,20260924,54.92,73.0,15.61,11012.0
9950,20260924,81.02,83.9,9.9,3601.0
9951,20260924,39.25,46.5,38.9,24334.0
9952,20260924,0.0,0.0,43.32,36.0
9953,20260924,0.0,0.0,57.28,518.0
9955,20260924,55.34,61.51,29.93,15097.0
9956,20260924,0.0,0.0,69.31,43.0
9957,20260924,95.5,96.06,2.2,12686.0
9958,20260924,41.54,49.16,38.56,59804.0
9959,20260924,0.0,0.0,76.32,23.0
9960,20260924,56.82,77.78,9.57,9476.0
9961,20260924,89.73,93.39,2.19,321.0
9962,20260924,40.06,46.7,36.35,28872.0
9963,20260924,100.0,100.0,0.0,1.0
9964,20260924,100.0,100.0,0.0,1.0
9965,20260924,0.0,0.0,89.04,68.0
