code,date,big1000,big400,retail,people
000218,20260918,100.0,100.0,0.0,1.0
000560,20260918,100.0,100.0,0.0,1.0
000708,20260918,100.0,100.0,0.0,1.0
000779,20260918,100.0,100.0,0.0,1.0
000815,20260918,100.0,100.0,0.0,1.0
000856,20260918,100.0,100.0,0.0,1.0
00400A,20260918,9.79,15.03,50.26,136469.0
00401A,20260918,21.73,25.18,47.26,18115.0
00402A,20260918,13.54,20.75,51.48,46277.0
00403A,20260918,9.76,15.25,50.19,912433.0
00404A,20260918,10.22,14.42,57.28,30162.0
00405A,20260918,11.49,17.85,44.64,149183.0
00406A,20260918,10.04,22.15,37.63,177069.0
00407A,20260918,16.8,23.64,43.11,132102.0
00408A,20260918,18.94,30.15,41.35,8286.0
00409A,20260918,25.25,38.22,28.95,50882.0
00410A,20260918,22.61,29.67,40.84,10094.0
00411A,20260918,19.77,29.0,37.61,21353.0
0050,20260918,23.82,25.46,56.42,3560731.0
0051,20260918,0.0,13.69,76.43,12743.0
0052,20260918,17.96,20.1,65.11,456022.0
0053,20260918,45.36,49.94,38.0,7311.0
0055,20260918,31.07,39.95,45.59,16319.0
0056,20260918,9.14,11.48,63.01,1656819.0
0057,20260918,0.0,0.0,52.95,3649.0
0061,20260918,22.64,33.14,37.17,6003.0
006201,20260918,37.89,48.64,46.94,5377.0
006203,20260918,59.82,74.49,14.02,3886.0
006204,20260918,0.0,0.0,58.27,1151.0
006205,20260918,32.99,45.69,35.8,8810.0
006206,20260918,11.18,21.31,55.86,3083.0
006207,20260918,0.0,11.45,41.0,1610.0
006208,20260918,9.72,10.24,81.36,715428.0
00625K,20260918,0.0,0.0,40.21,12.0
00631L,20260918,19.32,29.29,31.4,307710.0
00632R,20260918,30.68,45.04,18.71,64205.0
00633L,20260918,20.25,34.8,24.5,3659.0
00634R,20260918,43.31,54.65,15.09,756.0
00635U,20260918,15.43,19.15,60.96,57502.0
00636,20260918,14.56,21.78,48.76,8186.0
00636K,20260918,0.0,0.0,99.98,8.0
00637L,20260918,42.26,57.08,14.02,11927.0
00638R,20260918,37.14,52.84,17.46,499.0
00639,20260918,15.65,24.85,39.9,5695.0
00640L,20260918,0.0,28.3,51.83,1296.0
00641R,20260918,46.68,58.29,13.73,1291.0
00642U,20260918,40.19,47.29,38.53,6971.0
00643,20260918,27.26,40.89,31.92,3164.0
00643K,20260918,0.0,0.0,23.84,5.0
00645,20260918,16.56,26.41,57.42,9760.0
00646,20260918,40.01,44.11,43.25,114568.0
00647L,20260918,31.08,31.08,47.65,1525.0
00648R,20260918,36.62,47.33,16.74,2352.0
00650L,20260918,36.5,48.21,19.43,2244.0
00651R,20260918,53.36,69.7,10.1,373.0
00652,20260918,24.99,30.92,53.5,9309.0
00653L,20260918,0.0,6.78,49.99,1255.0
00654R,20260918,39.41,56.7,15.41,361.0
00655L,20260918,15.45,28.39,31.89,2219.0
00656R,20260918,46.86,76.71,10.69,310.0
00657,20260918,0.0,15.05,66.01,1643.0
00657K,20260918,0.0,0.0,99.99,4.0
00660,20260918,0.0,16.18,35.72,1026.0
00661,20260918,4.93,16.53,65.91,7252.0
00662,20260918,32.28,36.73,36.49,111608.0
00663L,20260918,21.95,26.45,48.74,14174.0
00664R,20260918,39.81,59.16,9.99,9935.0
00665L,20260918,42.38,57.29,12.37,5092.0
00666R,20260918,68.5,80.86,6.57,121.0
00668,20260918,20.87,31.82,53.26,2032.0
00668K,20260918,0.0,0.0,100.0,4.0
00669R,20260918,34.52,45.99,15.44,3088.0
00670L,20260918,6.48,11.95,65.02,12494.0
00671R,20260918,52.75,68.97,6.62,3536.0
00673R,20260918,39.51,51.53,14.35,16895.0
00674R,20260918,40.4,45.72,37.72,1277.0
00675L,20260918,15.01,19.82,63.16,18793.0
00676R,20260918,32.29,47.26,17.49,4331.0
00678,20260918,0.0,23.85,44.48,1876.0
00679B,20260918,37.49,42.69,29.91,233338.0
00680L,20260918,38.66,53.83,13.74,19113.0
00681R,20260918,70.67,90.61,2.12,100.0
00682U,20260918,52.27,77.86,6.66,259.0
00683L,20260918,60.0,68.01,15.1,319.0
00684R,20260918,73.79,81.26,7.74,167.0
00685L,20260918,21.58,33.57,28.08,190002.0
00686R,20260918,51.11,68.57,7.03,2052.0
00687B,20260918,36.41,42.34,28.94,152598.0
00687C,20260918,93.67,93.67,6.3,16.0
00688L,20260918,35.42,49.36,15.12,9098.0
00689R,20260918,73.94,87.48,0.31,46.0
00690,20260918,7.91,13.38,70.42,17110.0
00692,20260918,14.99,16.7,69.6,91243.0
00693U,20260918,36.6,43.29,30.73,2890.0
00694B,20260918,56.88,63.34,24.09,2000.0
00695B,20260918,68.8,73.54,19.46,2246.0
00696B,20260918,82.06,82.98,11.13,10941.0
00697B,20260918,19.24,22.8,52.82,6735.0
00700,20260918,5.16,11.77,46.99,2595.0
00701,20260918,5.41,6.9,83.54,37720.0
00702,20260918,31.04,55.08,37.16,1149.0
00703,20260918,0.0,27.01,48.24,1016.0
00706L,20260918,22.05,31.72,32.42,6037.0
00707R,20260918,77.06,95.08,0.26,23.0
00708L,20260918,18.65,26.05,48.17,18165.0
00709,20260918,7.44,33.42,44.64,2257.0
00710B,20260918,81.03,81.57,12.67,3706.0
00711B,20260918,99.18,99.28,0.38,796.0
00712,20260918,19.46,31.02,24.69,145534.0
00713,20260918,20.86,22.08,65.25,269348.0
00714,20260918,15.98,47.1,40.96,2374.0
00715L,20260918,53.68,59.93,20.84,3318.0
00717,20260918,17.92,26.33,44.73,7515.0
00719B,20260918,22.94,30.04,35.53,14841.0
00720B,20260918,62.48,65.79,16.83,77572.0
00722B,20260918,89.15,89.92,6.95,13452.0
00723B,20260918,99.65,99.72,0.09,470.0
00724B,20260918,97.5,97.64,1.48,6172.0
00725B,20260918,80.41,82.0,9.37,41166.0
00726B,20260918,97.65,97.95,1.11,1719.0
00727B,20260918,87.58,89.71,6.55,725.0
00728,20260918,2.91,2.91,80.63,9916.0
00730,20260918,12.01,15.67,74.23,13043.0
00731,20260918,0.0,15.64,73.87,8171.0
00733,20260918,11.52,13.05,77.5,20648.0
00734B,20260918,80.06,82.54,10.14,519.0
00735,20260918,14.05,20.9,63.49,31782.0
00736,20260918,41.59,72.85,18.1,491.0
00737,20260918,9.34,15.05,72.15,5480.0
00738U,20260918,12.8,20.35,53.59,32751.0
00739,20260918,19.58,38.34,39.53,1956.0
00740B,20260918,96.26,96.66,1.77,6003.0
00741B,20260918,37.85,49.89,34.98,1133.0
00746B,20260918,99.44,99.56,0.22,1317.0
00749B,20260918,99.75,99.75,0.05,193.0
00750B,20260918,99.32,99.73,0.08,76.0
00751B,20260918,72.8,75.53,11.43,67049.0
00752,20260918,26.66,30.83,42.22,17191.0
00753L,20260918,32.52,47.87,16.73,11420.0
00754B,20260918,99.75,99.75,0.13,460.0
00755B,20260918,97.72,97.72,1.5,1007.0
00756B,20260918,97.21,97.64,1.44,2329.0
00757,20260918,27.5,30.43,54.02,68274.0
00758B,20260918,90.49,90.49,3.75,123.0
00759B,20260918,98.89,98.89,0.42,120.0
00760B,20260918,99.16,99.16,0.55,621.0
00761B,20260918,98.48,98.55,0.8,3427.0
00762,20260918,14.44,18.07,71.6,22633.0
00763U,20260918,44.92,49.14,33.79,4008.0
00764B,20260918,93.6,94.07,3.66,8291.0
00768B,20260918,97.83,98.19,0.96,1749.0
00770,20260918,7.18,11.46,69.48,22185.0
00771,20260918,11.94,15.45,60.69,2066.0
00772B,20260918,78.61,80.38,10.05,40591.0
00773B,20260918,95.25,95.67,2.54,8886.0
00775B,20260918,99.23,99.66,0.08,183.0
00777B,20260918,99.88,99.92,0.01,224.0
00778B,20260918,99.92,99.94,0.02,184.0
00779B,20260918,99.5,99.57,0.22,639.0
00780B,20260918,96.87,97.39,2.13,1283.0
00781B,20260918,16.97,30.79,47.58,734.0
00782B,20260918,14.34,24.85,48.09,1259.0
00783,20260918,0.0,11.36,51.63,807.0
00785B,20260918,99.7,99.83,0.04,238.0
00786B,20260918,15.33,29.51,44.57,1282.0
00787B,20260918,16.94,41.33,43.99,1005.0
00788B,20260918,15.29,27.31,44.02,1453.0
00789B,20260918,99.07,99.38,0.29,355.0
00791B,20260918,99.68,99.68,0.08,99.0
00792B,20260918,99.81,99.86,0.05,450.0
00793B,20260918,0.0,0.0,58.37,260.0
00795B,20260918,51.57,55.57,21.31,37168.0
00799B,20260918,8.46,25.26,48.87,1665.0
00830,20260918,18.85,21.38,62.67,184109.0
00834B,20260918,94.36,94.36,1.55,135.0
00836B,20260918,99.33,99.61,0.25,423.0
00840B,20260918,99.27,99.27,0.23,91.0
00841B,20260918,98.66,99.43,0.29,121.0
00842B,20260918,33.1,43.44,29.75,1003.0
00844B,20260918,98.91,99.21,0.56,298.0
00845B,20260918,99.34,99.59,0.17,221.0
00846B,20260918,98.18,98.18,0.99,257.0
00847B,20260918,0.0,32.84,32.6,305.0
00848B,20260918,99.21,99.21,0.24,153.0
00849B,20260918,99.74,99.84,0.01,106.0
00850,20260918,15.15,17.66,71.29,80406.0
00851,20260918,27.87,27.87,54.8,2131.0
00852L,20260918,36.02,50.97,32.37,573.0
00853B,20260918,89.53,91.02,6.57,2333.0
00856B,20260918,59.59,65.55,20.23,408.0
00857B,20260918,55.51,59.83,22.3,15662.0
00858,20260918,12.82,16.22,58.66,18945.0
00859B,20260918,11.48,21.48,45.82,1964.0
00860B,20260918,0.0,0.0,67.35,365.0
00861,20260918,3.81,5.09,83.02,18845.0
00862B,20260918,98.27,98.32,1.08,1498.0
00863B,20260918,99.42,99.51,0.23,336.0
00864B,20260918,27.29,34.71,28.16,3822.0
00865B,20260918,23.04,30.5,28.88,10274.0
00867B,20260918,99.72,99.72,0.08,214.0
00870B,20260918,99.43,99.6,0.23,313.0
00875,20260918,12.75,21.48,65.2,7308.0
00876,20260918,24.51,27.41,62.38,22972.0
00877,20260918,11.11,18.25,51.05,13621.0
00878,20260918,8.92,11.06,58.74,1668893.0
00881,20260918,13.76,15.31,65.66,408695.0
00882,20260918,17.7,26.65,35.25,83188.0
00884B,20260918,98.78,98.78,0.56,212.0
00885,20260918,11.35,17.19,50.88,48165.0
00886,20260918,0.0,13.54,68.26,1186.0
00887,20260918,19.28,31.14,34.39,20491.0
00888,20260918,9.83,11.1,71.63,92702.0
00890B,20260918,65.7,73.58,20.28,699.0
00891,20260918,10.78,12.89,62.21,190926.0
00892,20260918,14.21,17.39,66.11,46251.0
00893,20260918,5.42,8.55,74.48,56830.0
00894,20260918,10.49,12.5,72.25,26478.0
00895,20260918,7.9,9.66,75.78,28967.0
00896,20260918,5.28,6.79,71.13,62583.0
00897,20260918,14.31,22.9,48.87,10073.0
00898,20260918,11.16,20.9,53.51,8543.0
00899,20260918,0.0,5.6,74.54,3647.0
00900,20260918,13.14,15.59,58.17,128411.0
00901,20260918,5.94,14.4,72.95,11690.0
00902,20260918,12.56,16.87,55.2,17999.0
00903,20260918,6.75,10.53,70.71,7066.0
00904,20260918,6.51,13.3,70.37,24248.0
00905,20260918,5.53,7.25,70.16,44583.0
00907,20260918,9.18,12.33,67.45,19976.0
00908,20260918,24.63,36.31,43.79,2722.0
00909,20260918,6.5,12.03,73.48,26256.0
00910,20260918,4.88,8.39,77.58,38491.0
00911,20260918,11.45,16.84,74.57,13307.0
00912,20260918,19.23,21.19,63.72,8342.0
00913,20260918,17.4,20.11,63.58,12041.0
00915,20260918,15.12,17.32,71.25,71178.0
00916,20260918,8.17,14.96,70.5,19446.0
00917,20260918,5.05,11.38,71.44,12760.0
00918,20260918,6.63,9.61,60.08,347123.0
00919,20260918,8.37,11.13,56.24,1452123.0
00920,20260918,7.57,19.26,68.97,6404.0
00921,20260918,2.16,6.71,80.03,10187.0
00922,20260918,28.96,31.07,50.35,187534.0
00923,20260918,12.9,14.38,69.24,124339.0
00924,20260918,19.72,21.88,60.79,55295.0
00926,20260918,52.5,56.41,36.75,9248.0
00927,20260918,9.7,12.11,64.02,142057.0
00928,20260918,9.2,19.93,62.02,7243.0
00929,20260918,7.42,9.36,60.32,461873.0
00930,20260918,4.22,6.17,79.68,21035.0
00931B,20260918,75.18,76.83,12.84,33648.0
00932,20260918,8.6,11.1,70.73,13139.0
00933B,20260918,73.1,76.39,10.37,78146.0
00934,20260918,8.49,10.2,69.66,49801.0
00935,20260918,18.62,20.32,61.15,125954.0
00936,20260918,8.85,9.79,70.64,22252.0
00937B,20260918,51.78,60.71,12.13,211106.0
00938,20260918,46.74,47.85,39.68,6411.0
00939,20260918,5.34,7.28,65.46,102430.0
00940,20260918,9.14,12.73,53.25,313343.0
00941,20260918,9.62,13.01,64.6,47208.0
00942B,20260918,88.93,89.89,4.58,9792.0
00943,20260918,25.5,31.27,54.9,4220.0
00944,20260918,5.03,9.21,72.38,7853.0
00945B,20260918,33.59,40.71,22.67,18706.0
00946,20260918,17.11,19.43,55.28,35889.0
00947,20260918,18.26,22.47,61.24,38962.0
00948B,20260918,78.86,81.99,6.35,26408.0
00949,20260918,14.87,19.91,58.45,17318.0
00950B,20260918,89.69,91.02,3.04,12135.0
00951,20260918,24.72,29.39,44.14,15921.0
00952,20260918,7.19,12.86,60.44,22931.0
00953B,20260918,39.7,53.58,11.83,51392.0
00954,20260918,15.02,21.98,54.18,11218.0
00955,20260918,27.25,32.12,43.75,35452.0
00956,20260918,11.76,20.96,53.93,3221.0
00957B,20260918,43.26,50.83,19.96,3940.0
00958B,20260918,15.1,21.64,36.67,4315.0
00959B,20260918,41.15,48.81,18.3,9177.0
00960,20260918,16.9,18.15,69.27,12650.0
00961,20260918,7.47,12.71,46.55,58821.0
00962,20260918,7.16,11.93,61.21,10463.0
00963,20260918,20.39,26.51,31.0,5151.0
00964,20260918,9.32,18.94,42.21,4550.0
00965,20260918,43.34,46.3,37.26,33442.0
00966B,20260918,31.0,37.66,33.38,3901.0
00967B,20260918,62.63,70.66,12.93,2658.0
00968B,20260918,63.66,68.76,12.01,8209.0
00969B,20260918,58.35,68.26,12.86,2084.0
00970B,20260918,53.52,60.24,17.25,5855.0
00971,20260918,11.78,18.3,62.74,6698.0
00972,20260918,33.13,33.13,47.91,1642.0
009800,20260918,24.45,29.1,42.9,19915.0
009801,20260918,9.83,20.51,54.59,8768.0
009802,20260918,15.78,19.51,54.54,42160.0
009803,20260918,8.97,12.83,61.28,30839.0
009804,20260918,6.35,11.04,63.61,18130.0
009805,20260918,14.3,19.02,54.76,55192.0
009806,20260918,37.39,57.7,30.31,1094.0
009807,20260918,32.46,58.1,34.15,1170.0
009808,20260918,7.56,11.19,63.74,4280.0
009809,20260918,33.12,38.01,43.3,2503.0
00980A,20260918,22.02,24.14,54.34,71583.0
00980B,20260918,39.56,47.67,27.13,1507.0
00980D,20260918,28.12,36.52,28.57,3407.0
00980T,20260918,48.84,53.01,28.39,3204.0
009810,20260918,23.62,35.87,44.25,1938.0
009811,20260918,10.25,17.31,56.8,22864.0
009812,20260918,27.67,37.12,40.48,5895.0
009813,20260918,18.17,23.7,50.14,23337.0
009814,20260918,15.92,20.19,53.07,13840.0
009815,20260918,15.99,21.85,51.2,29614.0
009816,20260918,13.73,19.46,49.33,918465.0
009817,20260918,14.97,24.69,40.13,10103.0
009818,20260918,5.6,6.61,66.31,4916.0
009819,20260918,8.19,12.36,62.54,51667.0
00981A,20260918,13.58,18.2,54.58,985260.0
00981B,20260918,34.46,50.88,11.34,16700.0
00981D,20260918,31.23,44.72,15.98,8553.0
00981T,20260918,22.73,35.72,27.71,8339.0
009820,20260918,27.88,37.36,31.82,37448.0
009821,20260918,6.58,10.3,67.03,55127.0
009822,20260918,5.64,12.13,60.85,5073.0
009823,20260918,13.89,18.09,58.45,33791.0
009824,20260918,9.17,15.27,58.61,46841.0
009825,20260918,4.56,12.76,44.67,4452.0
009826,20260918,16.43,25.0,43.96,62097.0
009827,20260918,9.0,14.39,51.42,16241.0
009828,20260918,9.16,13.4,59.53,60831.0
009829,20260918,35.66,43.26,30.2,13874.0
00982A,20260918,9.46,13.02,58.36,180091.0
00982B,20260918,53.33,59.03,17.54,768.0
00982D,20260918,28.74,36.43,30.8,2819.0
00982T,20260918,6.26,15.05,66.39,1926.0
00983A,20260918,16.02,22.77,57.62,8942.0
00983B,20260918,48.83,56.03,19.54,790.0
00983D,20260918,10.65,30.43,27.56,3968.0
00984A,20260918,12.61,15.26,62.19,62485.0
00984B,20260918,29.07,35.91,25.72,3473.0
00984D,20260918,27.68,44.15,14.12,14729.0
00985A,20260918,13.56,16.56,60.09,46066.0
00985B,20260918,54.15,64.18,11.39,8711.0
00985D,20260918,44.82,56.08,18.3,2442.0
00986A,20260918,11.2,19.04,60.52,4701.0
00986B,20260918,73.57,79.23,10.75,392.0
00986D,20260918,41.07,51.19,14.77,2369.0
00987A,20260918,9.98,13.82,66.79,17443.0
00987B,20260918,39.14,54.26,20.1,2129.0
00987D,20260918,72.8,75.4,14.28,1685.0
00988A,20260918,12.82,18.1,51.34,232378.0
00988B,20260918,17.25,28.69,33.0,5454.0
00989A,20260918,11.28,15.24,57.71,6714.0
00989B,20260918,25.02,39.65,25.26,2612.0
00990A,20260918,25.67,33.62,37.0,122027.0
00990B,20260918,31.12,38.12,30.63,3261.0
00991A,20260918,14.25,18.8,52.48,338843.0
00991B,20260918,97.44,98.28,0.84,404.0
00992A,20260918,11.48,16.27,55.65,179634.0
00993A,20260918,14.8,20.51,50.64,46807.0
00994A,20260918,10.41,16.13,59.05,28638.0
00995A,20260918,11.89,15.56,60.31,24283.0
00996A,20260918,15.51,20.24,55.7,22546.0
00997A,20260918,9.86,16.57,51.12,68023.0
00998A,20260918,26.9,29.95,46.11,23451.0
00999A,20260918,6.7,10.6,62.51,87779.0
1101,20260918,50.74,54.78,29.56,511642.0
1102,20260918,79.61,81.85,11.69,101536.0
1103,20260918,76.64,80.19,11.57,74292.0
1104,20260918,67.79,73.23,16.32,56064.0
1107,20260918,99.7,99.7,0.29,3432.0
1108,20260918,74.79,78.62,12.86,12979.0
1109,20260918,72.96,79.65,11.3,12069.0
1110,20260918,91.42,94.05,2.26,5172.0
1201,20260918,59.24,63.84,23.43,87641.0
1203,20260918,86.76,90.94,4.83,55158.0
1204,20260918,31.8,45.78,39.35,3513.0
1207,20260918,75.31,77.29,16.41,46638.0
1210,20260918,60.94,65.14,25.86,100064.0
1212,20260918,35.63,44.29,32.74,30359.0
1213,20260918,77.04,81.16,12.95,6553.0
1215,20260918,52.79,56.27,35.52,97690.0
1216,20260918,86.19,89.58,6.81,142199.0
1217,20260918,54.12,61.92,25.98,137585.0
1218,20260918,63.3,66.99,21.72,82575.0
1219,20260918,59.11,64.2,23.06,52865.0
1220,20260918,60.48,67.88,18.59,47363.0
1221,20260918,25.87,34.2,42.18,18642.0
1224,20260918,82.38,88.36,6.17,3610.0
1225,20260918,86.76,89.46,6.16,43835.0
1227,20260918,64.33,67.15,23.8,53310.0
1228,20260918,12.2,38.0,31.02,1579.0
1229,20260918,63.08,66.09,22.05,103120.0
1231,20260918,63.62,64.8,27.64,36321.0
1232,20260918,72.04,73.51,19.85,16777.0
1233,20260918,68.44,75.86,9.41,10243.0
1234,20260918,74.29,83.05,9.22,24080.0
1235,20260918,95.42,96.36,1.73,2914.0
1236,20260918,78.77,83.66,9.62,11601.0
1238,20260918,8.57,11.74,55.23,2038.0
1240,20260918,49.16,69.69,14.84,3020.0
1256,20260918,47.11,59.9,26.14,6298.0
1259,20260918,71.16,78.33,12.92,16179.0
1260,20260918,70.59,76.37,7.47,1327.0
1264,20260918,24.84,47.19,33.72,9296.0
1268,20260918,72.16,78.11,14.37,3503.0
1269,20260918,72.54,77.54,7.79,728.0
1271,20260918,64.42,74.66,12.47,2879.0
1293,20260918,42.39,74.32,7.77,396.0
1294,20260918,44.0,60.22,20.37,4543.0
1295,20260918,44.91,57.92,26.0,3292.0
1301,20260918,72.59,75.33,17.19,293131.0
1303,20260918,83.84,86.37,8.71,280958.0
1304,20260918,57.82,61.3,26.8,99239.0
1305,20260918,48.61,52.05,33.33,72181.0
1306,20260918,19.41,21.34,52.65,6129.0
1307,20260918,77.3,80.16,12.39,18031.0
1308,20260918,49.95,53.11,32.37,75807.0
1309,20260918,43.94,46.89,39.91,78585.0
1310,20260918,24.82,30.87,48.48,105143.0
1312,20260918,56.14,60.09,26.35,139255.0
1313,20260918,63.93,68.68,19.63,61271.0
1314,20260918,34.43,42.83,34.14,299289.0
1315,20260918,71.05,81.67,10.55,5801.0
1316,20260918,33.34,41.9,36.91,61081.0
1319,20260918,76.04,80.22,14.55,31855.0
1321,20260918,53.63,70.54,7.87,3961.0
1323,20260918,61.23,70.58,16.28,14490.0
1324,20260918,60.81,66.27,25.02,23390.0
1325,20260918,44.85,48.73,40.48,36104.0
1326,20260918,80.42,83.04,11.25,183034.0
1333,20260918,43.03,51.19,24.1,15926.0
1336,20260918,38.52,51.32,25.15,12361.0
1337,20260918,39.1,47.24,32.98,52353.0
1338,20260918,34.27,44.16,36.58,55985.0
1339,20260918,72.42,75.22,18.31,7271.0
1340,20260918,28.15,35.16,42.34,61652.0
1341,20260918,75.97,83.71,6.49,9701.0
1342,20260918,51.25,59.04,27.65,8697.0
1343,20260918,42.18,66.19,13.9,1206.0
1402,20260918,87.04,89.1,6.33,88055.0
1407,20260918,28.87,35.29,46.69,162025.0
1408,20260918,12.54,20.7,53.09,70677.0
1409,20260918,57.87,61.47,27.2,155997.0
1410,20260918,68.39,77.06,10.1,6632.0
1413,20260918,69.55,76.07,10.85,8456.0
1414,20260918,82.85,88.57,7.26,26845.0
1416,20260918,50.65,56.27,25.35,45300.0
1417,20260918,48.25,57.97,26.41,55510.0
1418,20260918,58.96,71.58,11.26,30556.0
1419,20260918,85.53,90.94,4.02,16817.0
1423,20260918,74.48,83.31,8.92,18131.0
1432,20260918,53.3,54.84,38.07,257251.0
1434,20260918,68.61,72.04,17.17,63998.0
1435,20260918,93.05,94.87,2.99,33048.0
1436,20260918,72.04,76.47,16.46,14358.0
1437,20260918,67.32,79.68,10.0,8493.0
1438,20260918,76.79,83.05,9.33,5036.0
1439,20260918,77.15,85.75,7.85,4332.0
1440,20260918,73.51,78.39,12.87,93642.0
1441,20260918,58.35,65.0,27.91,14428.0
1442,20260918,79.25,87.4,5.93,8484.0
1443,20260918,82.69,89.98,5.25,15690.0
1444,20260918,59.93,64.17,23.55,60383.0
1445,20260918,59.26,68.63,15.58,11835.0
1446,20260918,62.65,66.41,18.84,8012.0
1447,20260918,65.97,70.16,19.39,42179.0
1449,20260918,32.57,38.86,42.17,45130.0
1450,20260918,21.04,25.83,49.27,15114.0
1451,20260918,56.67,63.76,19.97,16673.0
1452,20260918,38.8,49.69,28.96,47005.0
1453,20260918,73.7,75.67,18.63,14000.0
1454,20260918,77.26,81.59,9.7,13767.0
1455,20260918,63.09,67.22,22.22,34647.0
1456,20260918,80.69,85.56,6.58,4622.0
1457,20260918,68.29,75.03,14.33,16520.0
1458,20260918,51.07,59.79,23.45,21139.0
1459,20260918,78.33,84.17,8.06,12233.0
1460,20260918,65.23,72.04,14.77,23802.0
1462,20260918,34.47,46.4,30.6,61075.0
1463,20260918,75.17,81.94,9.5,33379.0
1464,20260918,54.35,61.6,21.97,63537.0
1465,20260918,62.34,71.97,16.71,10185.0
1466,20260918,62.1,69.24,18.03,21699.0
1467,20260918,59.72,67.27,19.07,17847.0
1468,20260918,96.81,97.55,0.89,1324.0
1469,20260918,87.63,92.35,0.57,336.0
1470,20260918,70.27,86.23,2.38,1192.0
1471,20260918,16.98,22.31,56.4,56213.0
1472,20260918,69.47,82.13,6.29,3591.0
1473,20260918,69.45,72.28,16.71,12546.0
1474,20260918,53.32,59.03,24.54,16291.0
1475,20260918,69.0,76.29,8.77,2289.0
1476,20260918,71.59,78.51,12.63,22364.0
1477,20260918,50.64,59.68,25.47,30897.0
1480,20260918,94.48,98.13,0.5,373.0
1491,20260918,46.3,59.65,12.34,1716.0
1498,20260918,0.0,48.56,5.79,13.0
1503,20260918,70.81,73.47,19.58,80008.0
1504,20260918,67.85,70.64,22.36,200866.0
1506,20260918,71.35,77.32,10.4,21292.0
1507,20260918,100.0,100.0,0.0,1.0
1512,20260918,47.97,54.06,23.61,19976.0
1513,20260918,41.08,45.99,45.65,155957.0
1514,20260918,33.36,40.77,48.5,101818.0
1515,20260918,40.33,48.84,37.28,24623.0
1516,20260918,58.33,64.82,22.81,43398.0
1517,20260918,44.1,48.4,37.59,46234.0
1519,20260918,68.6,73.9,17.89,85985.0
1521,20260918,66.44,68.06,23.02,23430.0
1522,20260918,52.55,57.59,32.76,30055.0
1524,20260918,35.53,38.46,47.2,45381.0
1525,20260918,86.5,89.25,8.32,3180.0
1526,20260918,29.94,38.14,41.87,52358.0
1527,20260918,29.15,33.55,50.0,64314.0
1528,20260918,27.74,29.52,58.19,93784.0
1529,20260918,45.0,48.27,38.58,30102.0
1530,20260918,70.06,75.93,18.26,10722.0
1531,20260918,54.14,64.1,17.44,12798.0
1532,20260918,58.67,66.7,18.0,19329.0
1533,20260918,52.11,63.69,26.74,9964.0
1534,20260918,35.44,47.06,33.28,4100.0
1535,20260918,75.37,75.79,18.57,9834.0
1536,20260918,27.6,33.39,51.0,83616.0
1537,20260918,43.01,51.04,36.99,15850.0
1538,20260918,70.77,78.45,11.32,7609.0
1539,20260918,60.51,61.14,26.45,5268.0
1540,20260918,23.21,34.8,49.7,41185.0
1541,20260918,79.46,83.76,9.23,2430.0
1553,20260918,0.0,0.0,70.14,30.0
1557,20260918,0.0,30.57,47.03,113.0
1558,20260918,16.74,39.14,38.31,27471.0
1560,20260918,50.31,66.02,16.35,22354.0
1563,20260918,36.51,45.93,27.8,15023.0
1565,20260918,8.4,17.54,61.58,37597.0
1568,20260918,57.23,64.83,22.3,9650.0
1569,20260918,42.66,51.2,27.98,24215.0
1570,20260918,44.49,55.3,23.0,34879.0
1571,20260918,0.0,67.23,7.29,9.0
1573,20260918,0.0,0.0,13.92,17.0
1575,20260918,0.0,0.0,99.99,9.0
1577,20260918,0.0,0.0,99.99,19.0
1580,20260918,29.88,38.5,43.72,27747.0
1582,20260918,25.78,31.51,52.31,66499.0
1583,20260918,89.51,91.25,5.54,2501.0
1584,20260918,36.68,40.96,40.62,56092.0
1585,20260918,46.04,65.76,10.74,934.0
1586,20260918,61.2,72.88,16.63,11992.0
1587,20260918,37.91,47.05,35.48,11841.0
1589,20260918,21.0,28.35,48.48,43147.0
1590,20260918,53.39,72.88,6.4,6691.0
1591,20260918,8.04,20.41,48.88,32399.0
1592,20260918,18.1,26.47,40.5,6278.0
1593,20260918,35.43,50.05,27.42,3304.0
1594,20260918,75.4,82.82,7.57,647.0
1595,20260918,36.44,48.43,30.53,9353.0
1597,20260918,37.11,49.48,36.4,20208.0
1598,20260918,52.73,60.48,23.48,10593.0
1599,20260918,56.85,64.98,24.84,11800.0
1601,20260918,6.31,11.58,55.08,16637.0
1602,20260918,9.57,12.17,77.58,273804.0
1603,20260918,69.49,72.71,19.67,13472.0
1604,20260918,52.6,58.76,28.33,101746.0
1605,20260918,72.8,75.23,17.83,249953.0
1606,20260918,9.55,15.95,55.88,77429.0
1608,20260918,63.28,66.2,25.08,48993.0
1609,20260918,28.49,32.61,53.39,196149.0
1611,20260918,43.93,52.74,34.39,87093.0
1612,20260918,55.51,61.53,28.37,37453.0
1613,20260918,47.38,57.74,23.02,22765.0
1614,20260918,75.52,83.15,5.23,5188.0
1615,20260918,76.85,80.71,12.72,8688.0
1616,20260918,56.52,60.0,28.49,14652.0
1617,20260918,69.13,75.34,16.44,11771.0
1618,20260918,53.37,57.86,32.47,22113.0
1623,20260918,73.47,77.1,15.96,5840.0
1626,20260918,60.15,69.57,15.31,9861.0
1702,20260918,54.85,57.92,33.03,64005.0
1707,20260918,40.62,50.92,34.68,68792.0
1708,20260918,33.94,39.47,49.57,86040.0
1709,20260918,64.24,73.04,15.54,40074.0
1710,20260918,57.41,62.64,23.79,59346.0
1711,20260918,39.45,44.9,40.35,97750.0
1712,20260918,47.63,56.5,27.25,82461.0
1713,20260918,67.7,74.3,13.36,23542.0
1714,20260918,46.81,52.15,31.39,107696.0
1717,20260918,60.9,66.81,23.63,100004.0
1718,20260918,47.8,52.67,32.89,190308.0
1720,20260918,61.5,65.0,24.01,16070.0
1721,20260918,31.59,37.66,47.12,67764.0
1722,20260918,58.23,63.66,23.08,122652.0
1723,20260918,46.93,52.55,35.56,62621.0
1725,20260918,93.1,94.44,4.04,3605.0
1726,20260918,83.56,85.42,8.72,9493.0
1727,20260918,57.82,64.88,24.72,17559.0
1729,20260918,85.84,91.39,5.83,4208.0
1730,20260918,53.73,57.3,36.27,10055.0
1731,20260918,51.75,55.7,28.59,18419.0
1732,20260918,44.13,46.4,40.68,38016.0
1733,20260918,31.9,44.05,37.07,38239.0
1734,20260918,41.5,49.72,32.42,70396.0
1735,20260918,77.82,78.42,14.78,8359.0
1736,20260918,83.16,88.54,5.98,7782.0
1737,20260918,59.3,62.35,26.99,74632.0
1742,20260918,72.77,80.8,9.07,11289.0
1748,20260918,36.48,39.61,37.81,709.0
1752,20260918,58.31,63.43,25.38,8130.0
1760,20260918,33.89,43.0,39.82,38956.0
1762,20260918,36.1,45.69,36.5,53908.0
1763,20260918,100.0,100.0,0.0,1.0
1764,20260918,100.0,100.0,0.0,1.0
1765,20260918,100.0,100.0,0.0,1.0
1766,20260918,100.0,100.0,0.0,1.0
1773,20260918,68.31,74.01,15.22,17029.0
1775,20260918,100.0,100.0,0.0,1.0
1776,20260918,44.14,65.81,17.5,3229.0
1777,20260918,54.22,59.87,23.92,3341.0
1780,20260918,63.16,78.44,10.39,2596.0
1781,20260918,23.54,44.87,38.89,35685.0
1783,20260918,56.1,63.91,20.44,38045.0
1784,20260918,18.13,28.08,44.52,34518.0
1785,20260918,36.49,42.53,43.32,133137.0
1786,20260918,44.39,51.05,31.48,44820.0
1788,20260918,40.09,49.79,33.48,7742.0
1789,20260918,74.61,76.97,13.22,24633.0
1794,20260918,0.0,0.0,52.35,131.0
1795,20260918,52.28,57.28,33.57,41073.0
1796,20260918,45.18,55.76,17.9,7591.0
1799,20260918,64.07,66.28,20.72,18890.0
1802,20260918,74.53,76.44,19.07,200290.0
1805,20260918,70.4,77.82,10.09,9266.0
1806,20260918,70.92,74.69,17.7,24604.0
1807,20260918,38.24,47.4,29.9,7550.0
1808,20260918,78.85,80.85,12.34,27534.0
1809,20260918,43.48,48.04,43.29,53408.0
1810,20260918,56.33,61.7,28.76,24474.0
1813,20260918,33.67,47.73,34.8,9045.0
1814,20260918,53.7,78.82,8.05,451.0
1815,20260918,47.66,51.38,39.1,153913.0
1816,20260918,91.94,94.8,2.76,900.0
1817,20260918,58.35,64.99,19.39,4504.0
1818,20260918,63.87,75.49,6.17,135.0
1819,20260918,65.69,84.42,3.13,136.0
1903,20260918,74.91,81.11,8.6,20890.0
1904,20260918,64.11,68.39,21.13,323559.0
1905,20260918,69.05,71.28,21.99,71118.0
1906,20260918,70.13,74.34,17.43,12484.0
1907,20260918,82.2,85.46,8.54,81802.0
1909,20260918,63.79,68.28,18.55,84378.0
1918,20260918,17.85,20.83,57.05,30816.0
2002,20260918,49.26,53.04,31.94,1315246.0
2006,20260918,75.03,81.25,12.02,58974.0
2007,20260918,75.66,76.75,16.27,27486.0
2008,20260918,91.25,92.58,4.52,7480.0
2009,20260918,56.14,57.79,35.49,47767.0
2010,20260918,65.01,69.19,19.32,34654.0
2012,20260918,74.58,83.85,9.0,44589.0
2013,20260918,77.32,79.48,15.92,43799.0
2014,20260918,47.56,50.53,36.56,173236.0
2015,20260918,82.1,88.2,5.0,11649.0
2017,20260918,56.96,61.57,25.66,40941.0
2020,20260918,44.19,50.86,34.69,59706.0
2022,20260918,37.14,40.42,41.61,62262.0
2023,20260918,77.79,79.38,14.58,101235.0
2024,20260918,80.78,83.02,10.98,50374.0
2025,20260918,59.38,62.64,22.16,30245.0
2027,20260918,73.74,77.8,13.74,105184.0
2028,20260918,81.29,83.45,11.24,21333.0
2029,20260918,67.77,71.56,17.58,14159.0
2030,20260918,48.4,54.0,33.04,55045.0
2031,20260918,53.63,58.44,28.84,65348.0
2032,20260918,49.58,59.23,29.53,12130.0
2033,20260918,66.76,78.33,11.12,4422.0
2034,20260918,44.3,50.93,32.24,37838.0
2035,20260918,96.11,96.58,1.76,20739.0
2038,20260918,49.46,53.95,34.19,26130.0
2049,20260918,60.33,70.41,19.11,65397.0
2056,20260918,85.71,93.38,1.51,254.0
2058,20260918,18.54,26.02,42.54,37095.0
2059,20260918,54.18,65.2,13.53,51407.0
2060,20260918,87.22,87.22,2.77,135.0
2061,20260918,30.52,47.52,30.09,11658.0
2062,20260918,55.43,61.46,23.93,11499.0
2063,20260918,37.55,52.59,24.72,3380.0
2064,20260918,72.44,83.08,7.44,1627.0
2065,20260918,44.41,52.02,34.86,49503.0
2066,20260918,53.56,68.75,20.73,3089.0
2067,20260918,49.07,56.54,22.41,2231.0
2068,20260918,100.0,100.0,0.0,1.0
2069,20260918,53.44,64.2,22.11,9108.0
2070,20260918,47.35,63.06,28.4,5250.0
2071,20260918,73.64,85.21,6.08,904.0
2072,20260918,71.39,74.17,15.0,10284.0
2073,20260918,51.61,75.22,6.27,642.0
2101,20260918,58.47,64.6,19.01,37161.0
2102,20260918,78.03,81.8,10.44,79235.0
2103,20260918,54.78,59.61,24.51,81957.0
2104,20260918,37.59,45.46,30.61,107608.0
2105,20260918,77.36,80.43,12.39,81598.0
2106,20260918,74.7,79.82,11.83,33200.0
2107,20260918,58.83,64.34,23.69,47929.0
2108,20260918,65.39,71.19,20.47,53100.0
2109,20260918,66.68,74.51,12.88,35142.0
2113,20260918,0.0,0.0,99.97,14.0
2114,20260918,59.19,65.44,19.43,5305.0
2115,20260918,58.78,70.51,13.87,3611.0
2201,20260918,60.06,63.88,24.66,94597.0
2204,20260918,70.97,73.81,19.28,42465.0
2206,20260918,81.7,85.53,9.5,67819.0
2207,20260918,83.23,89.76,3.12,13303.0
2208,20260918,49.73,54.93,29.68,123462.0
2211,20260918,77.19,80.77,13.02,24853.0
2221,20260918,66.93,68.86,20.91,4387.0
2226,20260918,100.0,100.0,0.0,1.0
2227,20260918,93.27,93.51,5.22,7473.0
2228,20260918,53.88,55.88,31.95,9705.0
2229,20260918,0.0,41.04,24.5,59.0
2230,20260918,33.58,45.83,30.48,11596.0
2231,20260918,60.99,65.29,24.39,13682.0
2233,20260918,34.51,41.68,41.3,38525.0
2235,20260918,76.08,83.99,13.29,1363.0
2236,20260918,66.58,74.01,12.69,3261.0
2237,20260918,70.63,76.89,10.35,3302.0
2239,20260918,78.12,80.09,9.2,2712.0
2241,20260918,32.38,42.13,29.52,28916.0
2243,20260918,53.78,67.52,14.46,2838.0
2245,20260918,66.91,80.22,7.62,501.0
2246,20260918,65.07,68.53,18.41,2884.0
2247,20260918,72.7,76.68,15.84,7933.0
2248,20260918,67.58,78.32,9.19,936.0
2249,20260918,54.24,70.68,17.21,1301.0
2250,20260918,48.97,51.37,35.44,9450.0
2252,20260918,76.03,80.85,8.47,1735.0
2254,20260918,89.33,93.62,3.04,2678.0
2255,20260918,71.28,80.27,10.42,1940.0
2256,20260918,41.47,57.47,23.29,2315.0
2258,20260918,92.82,93.9,2.97,8969.0
2301,20260918,75.22,80.88,13.13,188116.0
2302,20260918,57.35,62.18,29.87,24507.0
2303,20260918,72.08,74.87,19.29,971468.0
2305,20260918,62.22,67.44,22.52,23002.0
2308,20260918,73.59,80.26,11.35,635776.0
2312,20260918,44.18,48.65,39.55,200632.0
2313,20260918,54.07,59.24,34.33,295320.0
2314,20260918,5.51,11.52,68.0,53079.0
2316,20260918,56.42,64.41,27.93,61158.0
2317,20260918,66.76,69.44,22.61,1140654.0
2318,20260918,22.81,27.01,51.45,28529.0
2321,20260918,100.0,100.0,0.0,1.0
2323,20260918,39.21,46.13,34.09,128069.0
2324,20260918,59.68,63.78,26.97,320428.0
2326,20260918,6.51,12.69,65.62,48274.0
2327,20260918,62.66,67.05,25.24,624900.0
2328,20260918,37.26,41.35,46.26,118167.0
2329,20260918,46.67,50.59,39.72,128760.0
2330,20260918,84.7,87.48,8.83,3050518.0
2331,20260918,54.27,58.97,30.26,56554.0
2332,20260918,29.05,34.3,44.5,104030.0
2333,20260918,20.37,29.04,52.3,87645.0
2335,20260918,25.39,35.58,38.14,6028.0
2337,20260918,35.87,40.49,48.01,494950.0
2338,20260918,39.9,44.7,43.79,87648.0
2340,20260918,33.18,38.11,45.66,109766.0
2341,20260918,86.94,86.94,11.14,23853.0
2342,20260918,32.65,36.94,52.25,142082.0
2344,20260918,64.01,67.54,25.41,585563.0
2345,20260918,56.34,70.25,10.81,100854.0
2347,20260918,84.9,88.74,6.91,40809.0
2348,20260918,65.24,70.03,22.16,25141.0
2349,20260918,21.72,28.73,49.48,143287.0
2351,20260918,68.67,77.6,13.73,19961.0
2352,20260918,43.47,48.16,36.08,192953.0
2353,20260918,33.85,38.31,45.7,389687.0
2354,20260918,46.98,49.99,40.04,185134.0
2355,20260918,33.55,41.15,44.96,76103.0
2356,20260918,70.74,73.89,20.43,246716.0
2357,20260918,65.92,74.87,14.51,112376.0
2358,20260918,24.24,28.0,52.11,39731.0
2359,20260918,39.2,47.31,44.15,63619.0
2360,20260918,53.01,69.96,8.48,32870.0
2361,20260918,47.24,52.97,32.06,19314.0
2362,20260918,77.15,81.04,12.81,31275.0
2363,20260918,30.96,35.16,51.41,129468.0
2364,20260918,51.35,56.08,32.27,56110.0
2365,20260918,19.65,23.59,64.76,98404.0
2367,20260918,25.15,28.82,60.57,189659.0
2368,20260918,68.12,76.42,12.72,112573.0
2369,20260918,26.31,30.86,57.06,127578.0
2371,20260918,43.82,48.63,36.25,268143.0
2373,20260918,86.21,87.27,10.16,14140.0
2374,20260918,21.55,25.61,60.55,104927.0
2375,20260918,15.31,23.87,66.32,77744.0
2376,20260918,65.14,72.61,19.06,94521.0
2377,20260918,62.1,68.21,23.75,97855.0
2378,20260918,26.97,33.79,41.71,17778.0
2379,20260918,59.29,74.01,10.39,86475.0
2380,20260918,32.78,35.88,48.18,23544.0
2381,20260918,0.0,0.0,32.56,2565.0
2382,20260918,81.7,85.35,10.72,275649.0
2383,20260918,55.54,68.04,12.85,121470.0
2384,20260918,20.93,28.02,45.07,157967.0
2385,20260918,68.14,74.27,17.34,51453.0
2387,20260918,52.6,58.23,29.58,16940.0
2388,20260918,67.96,71.38,21.57,54188.0
2390,20260918,33.81,38.83,44.48,62193.0
2392,20260918,46.12,50.65,38.19,65497.0
2393,20260918,59.61,67.13,22.4,51304.0
2395,20260918,77.11,85.02,5.43,35476.0
2396,20260918,37.15,45.53,28.69,56590.0
2397,20260918,65.42,69.14,22.19,9193.0
2398,20260918,32.8,36.58,42.05,38407.0
2399,20260918,23.78,33.43,53.52,54114.0
2401,20260918,35.75,41.55,42.52,131202.0
2402,20260918,32.92,38.04,49.47,82555.0
2404,20260918,39.17,53.58,28.0,69620.0
2405,20260918,19.47,24.64,55.28,96974.0
2406,20260918,17.28,24.3,59.39,115947.0
2407,20260918,27.9,37.89,33.73,48652.0
2408,20260918,80.0,82.81,12.5,370062.0
2409,20260918,45.71,50.23,33.56,629821.0
2410,20260918,23.71,36.35,29.82,12540.0
2412,20260918,77.93,79.65,14.16,298660.0
2413,20260918,50.42,55.44,35.5,27323.0
2414,20260918,49.74,59.59,25.98,15690.0
2415,20260918,58.53,63.61,27.51,8822.0
2417,20260918,39.0,42.15,47.0,61594.0
2418,20260918,42.17,47.82,32.35,64447.0
2419,20260918,62.61,64.89,27.73,37882.0
2420,20260918,39.27,48.59,37.75,39115.0
2421,20260918,52.55,64.09,22.8,54244.0
2423,20260918,69.54,76.21,11.63,6176.0
2424,20260918,79.18,80.85,14.2,4336.0
2425,20260918,38.88,47.52,40.31,44087.0
2426,20260918,41.01,45.25,41.84,112316.0
2427,20260918,50.19,53.7,34.48,21943.0
2428,20260918,51.75,60.22,25.86,19165.0
2429,20260918,42.61,48.39,39.88,27490.0
2430,20260918,57.0,63.42,25.66,37946.0
2431,20260918,36.0,42.04,41.66,51582.0
2432,20260918,72.93,77.54,10.05,1258.0
2433,20260918,77.79,79.0,16.06,7853.0
2434,20260918,74.38,78.19,18.05,5997.0
2435,20260918,28.75,32.68,47.08,8964.0
2436,20260918,18.14,26.19,59.03,75675.0
2438,20260918,49.52,58.54,26.37,26480.0
2439,20260918,22.12,30.31,55.05,71651.0
2440,20260918,67.57,70.28,19.11,8647.0
2441,20260918,63.61,68.97,23.76,59612.0
2442,20260918,48.73,54.67,27.84,49910.0
2443,20260918,45.97,55.25,26.83,30669.0
2444,20260918,22.01,30.92,43.79,36064.0
2445,20260918,12.45,15.7,57.58,6213.0
2449,20260918,54.88,60.64,30.25,270590.0
2450,20260918,75.97,76.82,18.31,17522.0
2451,20260918,64.76,70.76,19.04,45425.0
2453,20260918,41.48,48.14,42.14,25579.0
2454,20260918,63.49,73.91,11.94,572616.0
2455,20260918,40.71,57.16,24.72,62185.0
2457,20260918,24.51,29.1,54.24,112322.0
2458,20260918,48.77,57.31,30.81,63572.0
2459,20260918,41.95,52.93,27.01,15067.0
2460,20260918,53.72,58.43,27.74,44599.0
2461,20260918,37.09,45.79,31.7,49994.0
2462,20260918,50.31,56.07,29.03,26091.0
2464,20260918,40.78,48.21,39.66,88839.0
2465,20260918,32.38,41.1,43.0,48751.0
2466,20260918,80.91,87.44,7.94,5509.0
2467,20260918,58.9,69.36,19.5,47621.0
2468,20260918,50.02,50.77,39.24,11320.0
2471,20260918,6.74,24.48,59.79,36849.0
2472,20260918,48.51,57.86,34.29,37762.0
2474,20260918,67.8,72.12,20.37,52057.0
2475,20260918,64.6,71.17,14.68,226580.0
2476,20260918,59.95,67.78,20.83,19248.0
2477,20260918,66.99,73.57,18.56,11699.0
2478,20260918,46.82,57.11,31.06,59068.0
2479,20260918,25.7,32.48,51.63,13053.0
2480,20260918,18.11,31.77,45.35,41995.0
2481,20260918,51.46,56.62,35.39,104016.0
2482,20260918,35.02,40.5,46.63,38589.0
2483,20260918,56.11,64.03,24.57,9406.0
2484,20260918,16.57,24.23,65.8,89185.0
2485,20260918,20.45,23.27,66.14,136781.0
2486,20260918,29.19,36.83,46.42,90488.0
2488,20260918,44.68,52.72,28.8,40634.0
2489,20260918,27.85,31.76,56.1,132519.0
2490,20260918,15.55,21.55,48.92,15415.0
2491,20260918,67.16,75.16,16.86,13357.0
2492,20260918,59.31,63.21,30.95,123432.0
2493,20260918,42.59,52.39,35.52,45778.0
2494,20260918,73.06,81.48,14.99,10286.0
2495,20260918,45.94,50.97,36.74,38208.0
2496,20260918,35.02,49.57,33.01,4233.0
2497,20260918,57.65,65.5,23.67,11948.0
2498,20260918,33.45,39.14,44.44,163905.0
2499,20260918,37.98,44.19,33.2,47823.0
2501,20260918,72.46,77.16,13.89,44244.0
2504,20260918,69.97,75.09,14.52,89939.0
2505,20260918,75.62,80.02,11.9,23760.0
2506,20260918,72.37,77.06,13.84,65349.0
2509,20260918,63.89,69.65,17.66,16383.0
2511,20260918,75.47,80.74,9.02,45958.0
2512,20260918,25.06,34.23,35.07,43909.0
2514,20260918,85.09,88.1,6.24,17693.0
2515,20260918,53.56,60.84,22.99,142011.0
2516,20260918,65.6,73.15,14.81,49027.0
2520,20260918,71.01,74.97,16.19,76589.0
2521,20260918,25.85,35.27,38.17,25293.0
2523,20260918,36.04,44.79,28.67,14033.0
2524,20260918,91.59,93.21,4.07,7572.0
2525,20260918,20.38,31.82,37.93,52522.0
2527,20260918,76.26,80.97,9.84,7585.0
2528,20260918,79.06,84.38,7.4,8319.0
2530,20260918,82.08,85.89,5.8,30920.0
2533,20260918,26.11,38.32,37.56,14042.0
2534,20260918,66.24,72.68,14.81,63125.0
2535,20260918,54.87,60.97,25.49,63408.0
2536,20260918,69.9,78.36,9.06,8341.0
2537,20260918,53.35,61.31,23.36,43284.0
2538,20260918,65.86,73.72,12.11,28679.0
2539,20260918,84.29,86.87,6.93,20473.0
2540,20260918,89.21,91.12,5.13,17376.0
2542,20260918,62.69,65.96,22.12,104507.0
2543,20260918,67.48,71.44,18.71,32142.0
2545,20260918,73.91,76.75,15.36,16418.0
2546,20260918,59.26,63.27,23.86,53817.0
2547,20260918,63.93,70.51,15.07,74458.0
2548,20260918,38.95,49.39,33.65,40751.0
2553,20260918,11.16,18.92,60.58,19287.0
2566,20260918,0.0,0.0,62.13,325.0
2569,20260918,74.73,83.38,5.97,61.0
2572,20260918,57.57,83.39,4.57,14.0
2591,20260918,0.0,0.0,66.79,80.0
2592,20260918,82.1,90.43,3.09,57.0
2596,20260918,61.73,72.24,12.85,3238.0
2597,20260918,78.08,81.38,10.18,12922.0
2599,20260918,51.78,66.04,8.6,1377.0
2601,20260918,26.55,32.08,46.48,107854.0
2603,20260918,70.35,75.44,17.57,270028.0
2605,20260918,49.18,55.44,31.79,105784.0
2606,20260918,75.36,78.89,14.81,45568.0
2607,20260918,71.58,78.13,13.33,38922.0
2608,20260918,71.3,76.55,16.61,51913.0
2609,20260918,60.59,63.59,30.2,353197.0
2610,20260918,70.15,73.04,18.2,243591.0
2611,20260918,44.1,48.03,38.99,50604.0
2612,20260918,71.73,76.42,16.18,36588.0
2613,20260918,49.59,56.34,32.36,40086.0
2614,20260918,41.22,46.09,38.44,100812.0
2615,20260918,86.89,89.72,6.97,91546.0
2616,20260918,41.0,45.06,43.44,213603.0
2617,20260918,59.7,65.58,23.36,27678.0
2618,20260918,79.4,82.6,11.54,195586.0
2622,20260918,0.0,0.0,29.0,11.0
2626,20260918,0.0,0.0,78.3,296.0
2630,20260918,61.7,63.97,29.1,23421.0
2633,20260918,85.24,86.99,8.62,104280.0
2634,20260918,46.38,48.71,38.27,116677.0
2636,20260918,37.76,44.55,43.05,55318.0
2637,20260918,78.5,84.06,8.22,23392.0
2639,20260918,99.01,99.01,0.74,1106.0
2640,20260918,58.2,73.71,11.1,3451.0
2641,20260918,22.66,28.75,50.82,80127.0
2642,20260918,60.38,60.38,35.63,19566.0
2643,20260918,58.78,63.96,27.89,4282.0
2644,20260918,74.84,80.03,9.3,2502.0
2645,20260918,78.21,80.91,13.54,31067.0
2646,20260918,63.6,65.32,26.83,241580.0
2701,20260918,84.55,86.34,7.16,14734.0
2702,20260918,72.55,73.71,17.71,12349.0
2704,20260918,83.74,88.72,5.19,30485.0
2705,20260918,60.56,66.68,22.3,83218.0
2706,20260918,81.57,85.41,6.91,16068.0
2707,20260918,54.75,60.9,29.35,18059.0
2712,20260918,86.86,90.79,5.22,2017.0
2714,20260918,0.0,0.0,99.97,3935.0
2717,20260918,0.0,0.0,1.88,8.0
2718,20260918,88.24,88.24,6.44,2632.0
2719,20260918,89.18,90.67,8.03,3285.0
2720,20260918,48.9,61.03,14.08,2751.0
2722,20260918,82.09,87.26,8.41,4911.0
2723,20260918,61.82,69.94,17.48,8954.0
2724,20260918,81.32,84.77,5.58,1024.0
2726,20260918,49.92,65.06,18.75,2437.0
2727,20260918,17.19,39.17,37.5,148854.0
2729,20260918,59.29,67.84,24.87,6239.0
2730,20260918,86.67,86.67,4.7,2322.0
2731,20260918,33.76,43.59,43.29,30592.0
2732,20260918,54.13,59.08,33.32,6057.0
2733,20260918,75.36,77.51,11.96,683.0
2734,20260918,31.34,38.98,44.63,28698.0
2735,20260918,0.0,0.0,99.99,21.0
2736,20260918,46.33,55.95,26.43,6296.0
2738,20260918,94.86,97.88,0.17,57.0
2739,20260918,69.15,73.84,17.45,5363.0
2740,20260918,72.53,72.53,7.02,2928.0
2741,20260918,48.86,64.85,21.32,1725.0
2743,20260918,50.27,52.86,37.57,6742.0
2745,20260918,51.28,51.28,38.5,5255.0
2748,20260918,59.44,61.46,27.74,9570.0
2749,20260918,33.27,75.15,6.11,248.0
2750,20260918,88.06,98.53,0.2,180.0
2751,20260918,60.32,60.32,21.73,1562.0
2752,20260918,40.59,63.58,16.22,2577.0
2753,20260918,43.81,54.93,27.65,11892.0
2754,20260918,66.51,73.13,18.37,4355.0
2755,20260918,58.35,66.35,17.57,3855.0
2756,20260918,53.58,71.14,14.91,1611.0
2758,20260918,46.27,73.57,13.4,7436.0
2759,20260918,100.0,100.0,0.0,1.0
2760,20260918,84.47,89.22,2.72,169.0
2761,20260918,46.07,57.63,14.62,668.0
2762,20260918,80.89,85.48,8.53,6153.0
2801,20260918,74.11,77.8,10.94,279530.0
2807,20260918,0.0,0.0,92.69,7182.0
2811,20260918,26.43,34.55,38.88,52223.0
2812,20260918,54.24,59.38,21.07,248102.0
2816,20260918,75.68,81.02,8.77,10454.0
2820,20260918,62.33,66.14,19.64,73454.0
2825,20260918,0.0,5.7,87.03,9438.0
2827,20260918,29.7,36.75,38.39,30310.0
2831,20260918,57.23,62.09,19.43,42056.0
2832,20260918,63.34,69.4,16.53,19611.0
2834,20260918,55.38,61.0,20.04,393426.0
2836,20260918,82.72,85.63,7.73,35388.0
2838,20260918,88.8,90.49,5.39,50682.0
2841,20260918,50.11,57.39,20.66,60338.0
2845,20260918,71.36,75.87,11.72,99300.0
2849,20260918,97.98,98.44,0.84,9876.0
2850,20260918,57.79,67.93,18.69,17918.0
2851,20260918,66.72,71.46,16.35,27596.0
2852,20260918,54.07,66.68,16.95,21704.0
2855,20260918,72.23,77.23,11.86,57998.0
2880,20260918,79.74,82.15,10.04,471361.0
2881,20260918,84.58,86.78,8.61,377527.0
2882,20260918,83.53,85.93,9.15,399393.0
2883,20260918,65.55,69.29,18.1,720136.0
2884,20260918,70.43,74.54,14.98,622271.0
2885,20260918,80.26,82.93,11.06,452210.0
2886,20260918,81.93,83.47,11.58,456185.0
2887,20260918,71.7,75.71,13.09,711640.0
2889,20260918,69.61,72.28,18.64,220975.0
2890,20260918,78.13,81.27,11.11,451611.0
2891,20260918,79.14,81.98,11.16,577419.0
2892,20260918,68.44,72.34,15.23,435704.0
2897,20260918,82.54,86.64,6.4,27336.0
2901,20260918,71.6,79.14,11.09,13615.0
2902,20260918,36.81,47.86,29.67,11477.0
2903,20260918,76.78,79.9,12.38,58549.0
2904,20260918,50.17,54.26,32.78,16824.0
2905,20260918,81.23,84.42,8.03,26993.0
2906,20260918,59.24,65.1,21.54,17599.0
2908,20260918,90.12,92.32,4.58,10793.0
2910,20260918,92.95,96.61,0.88,1368.0
2911,20260918,40.99,45.98,40.93,39678.0
2912,20260918,79.62,84.06,10.79,73948.0
2913,20260918,50.15,57.4,26.29,113176.0
2915,20260918,64.03,69.63,16.85,58223.0
2916,20260918,51.07,58.93,24.96,4635.0
2920,20260918,35.79,35.79,46.63,974.0
2923,20260918,99.36,99.53,0.26,5129.0
2924,20260918,84.08,89.51,2.89,462.0
2926,20260918,65.19,74.63,11.83,2131.0
2929,20260918,24.94,32.22,41.92,50388.0
2936,20260918,98.55,99.52,0.22,154.0
2937,20260918,71.58,84.56,3.95,943.0
2938,20260918,67.54,69.37,23.43,1582.0
2939,20260918,53.88,76.14,9.4,7046.0
2940,20260918,16.94,58.12,3.26,237.0
2941,20260918,20.62,66.47,12.38,3070.0
2942,20260918,88.06,90.71,5.13,1646.0
2945,20260918,83.48,83.48,11.64,3098.0
2947,20260918,54.68,62.81,12.96,11681.0
2948,20260918,69.09,80.37,10.47,1077.0
2949,20260918,62.46,81.77,6.6,2807.0
3001,20260918,10.82,19.56,50.63,6675.0
3002,20260918,59.19,65.36,23.8,9026.0
3003,20260918,52.54,59.96,28.34,15903.0
3004,20260918,45.84,58.28,23.96,18349.0
3005,20260918,68.51,73.55,17.1,48860.0
3006,20260918,47.03,56.7,29.87,67333.0
3008,20260918,38.75,55.61,21.65,121564.0
3010,20260918,51.67,62.65,22.69,50049.0
3011,20260918,27.18,35.77,41.0,48844.0
3013,20260918,39.71,44.59,45.85,48366.0
3014,20260918,20.83,32.02,48.55,54195.0
3015,20260918,54.47,63.74,24.73,17045.0
3016,20260918,66.35,69.9,23.95,41886.0
3017,20260918,55.03,67.72,13.49,101175.0
3018,20260918,62.19,64.28,28.03,36623.0
3019,20260918,33.05,39.57,49.63,96150.0
3020,20260918,99.45,99.45,0.52,1634.0
3021,20260918,65.36,70.62,20.87,8562.0
3022,20260918,59.69,65.49,23.37,17384.0
3023,20260918,56.27,69.57,13.06,51462.0
3024,20260918,38.47,51.79,27.78,57070.0
3025,20260918,12.38,23.47,55.87,41515.0
3026,20260918,38.95,57.33,28.67,70323.0
3027,20260918,33.48,42.51,40.72,47689.0
3028,20260918,38.47,43.11,43.72,55026.0
3029,20260918,35.27,41.67,43.49,65096.0
3030,20260918,50.96,57.42,28.67,35961.0
3031,20260918,58.01,61.06,30.97,17019.0
3032,20260918,44.3,52.0,30.95,33159.0
3033,20260918,32.9,39.53,42.18,96952.0
3034,20260918,60.45,71.73,14.39,90503.0
3035,20260918,23.03,28.79,58.23,114069.0
3036,20260918,78.47,83.18,10.39,86906.0
3037,20260918,70.19,77.83,12.89,308575.0
3038,20260918,33.31,41.3,41.79,49819.0
3039,20260918,17.71,33.29,31.87,5428.0
3040,20260918,64.84,68.42,21.79,23137.0
3041,20260918,22.09,26.0,58.23,69906.0
3042,20260918,47.29,53.94,34.01,93364.0
3043,20260918,14.4,19.69,53.83,54724.0
3044,20260918,69.01,79.67,9.1,36030.0
3045,20260918,90.36,92.96,4.38,59409.0
3046,20260918,46.74,55.03,32.96,19939.0
3047,20260918,15.07,20.29,62.35,67588.0
3048,20260918,41.8,48.16,41.18,80893.0
3049,20260918,43.36,46.9,39.03,118569.0
3050,20260918,42.21,51.79,32.92,42099.0
3051,20260918,25.55,33.52,44.48,66737.0
3052,20260918,48.01,57.81,22.26,48952.0
3053,20260918,27.94,54.35,24.71,1490.0
3054,20260918,85.16,88.4,6.38,3394.0
3055,20260918,56.05,64.46,24.55,28106.0
3056,20260918,27.36,33.58,43.41,71625.0
3057,20260918,32.89,34.49,46.32,37319.0
3058,20260918,15.15,21.78,54.0,49847.0
3059,20260918,19.19,23.38,59.87,95746.0
3060,20260918,12.43,19.89,54.39,70106.0
3062,20260918,15.87,23.86,58.04,72197.0
3064,20260918,60.15,63.47,20.34,2938.0
3065,20260918,78.86,83.62,7.37,1471.0
3066,20260918,68.99,72.06,15.3,4947.0
3067,20260918,63.62,71.33,9.61,756.0
3069,20260918,35.56,35.56,45.77,1424.0
3070,20260918,18.25,51.25,14.26,172.0
3071,20260918,56.15,58.14,31.8,11187.0
3072,20260918,0.0,0.0,49.25,58.0
3073,20260918,37.94,57.71,24.52,4159.0
3075,20260918,70.68,70.68,20.9,431.0
3076,20260918,53.02,53.02,8.59,31.0
3077,20260918,0.0,0.0,64.41,90.0
3078,20260918,28.88,37.29,48.07,59195.0
3079,20260918,19.24,32.06,42.22,4366.0
3081,20260918,29.87,46.55,27.64,75673.0
3082,20260918,0.0,0.0,58.5,66.0
3083,20260918,53.1,56.61,33.94,8803.0
3084,20260918,0.0,0.0,56.17,225.0
3085,20260918,87.92,89.64,4.76,2913.0
3086,20260918,83.02,85.25,9.16,7986.0
3087,20260918,97.95,97.95,1.85,443.0
3088,20260918,38.23,48.48,34.56,16840.0
3090,20260918,54.48,60.78,31.81,72113.0
3091,20260918,0.0,0.0,99.97,95.0
3092,20260918,30.3,37.53,41.37,32043.0
3093,20260918,71.63,76.46,17.43,7823.0
3094,20260918,14.98,22.92,57.32,41688.0
3095,20260918,41.42,54.41,27.53,25359.0
3096,20260918,38.62,50.21,23.93,666.0
3097,20260918,81.35,86.88,4.49,635.0
3098,20260918,0.0,0.0,50.06,76.0
3099,20260918,23.21,37.62,30.59,13803.0
3105,20260918,48.25,53.97,35.31,132331.0
3114,20260918,41.34,52.64,31.66,7872.0
3115,20260918,85.38,86.25,5.48,17844.0
3116,20260918,83.52,83.52,9.77,18.0
3117,20260918,42.7,56.12,22.35,1512.0
3118,20260918,18.48,37.74,34.05,41910.0
3122,20260918,15.84,26.58,52.41,46114.0
3126,20260918,31.84,44.06,20.16,2745.0
3128,20260918,23.78,31.24,48.84,49108.0
3130,20260918,49.3,55.76,32.76,7384.0
3131,20260918,31.8,48.3,23.38,30696.0
3133,20260918,46.91,63.27,13.81,492.0
3135,20260918,42.41,48.25,40.6,20246.0
3137,20260918,0.0,0.0,27.46,80.0
3138,20260918,18.98,27.5,57.52,31731.0
3141,20260918,16.79,28.74,52.2,31748.0
3142,20260918,38.74,51.28,18.25,5169.0
3146,20260918,0.0,0.0,4.79,16.0
3147,20260918,47.6,55.04,27.64,7410.0
3149,20260918,19.37,26.34,55.02,67405.0
3150,20260918,46.28,53.97,21.05,5741.0
3151,20260918,26.17,36.97,37.42,656.0
3152,20260918,28.23,43.75,34.82,8806.0
3158,20260918,23.41,36.05,22.43,1753.0
3159,20260918,20.39,28.6,35.37,483.0
3161,20260918,82.62,95.15,2.9,179.0
3162,20260918,55.83,60.47,25.96,14853.0
3163,20260918,17.59,27.84,56.51,99424.0
3164,20260918,40.03,55.29,27.61,22729.0
3166,20260918,94.66,96.38,1.63,98.0
3167,20260918,41.67,55.54,23.51,27458.0
3168,20260918,66.9,75.46,11.66,2527.0
3169,20260918,30.16,36.54,41.17,27631.0
3171,20260918,71.98,76.93,14.61,2271.0
3176,20260918,30.45,37.3,39.73,45617.0
3177,20260918,60.86,75.32,16.75,205.0
3178,20260918,61.31,65.78,23.03,4318.0
3179,20260918,16.07,30.35,9.78,110.0
3184,20260918,47.66,55.91,27.2,3631.0
3185,20260918,0.0,0.0,19.16,32.0
3186,20260918,77.49,77.49,17.64,2283.0
3188,20260918,68.44,75.89,12.34,7343.0
3189,20260918,65.38,71.99,19.95,145670.0
3190,20260918,71.03,74.69,2.31,59.0
3191,20260918,47.59,54.39,27.15,18247.0
3192,20260918,0.0,0.0,20.84,7.0
3193,20260918,0.0,0.0,99.98,13.0
3194,20260918,54.0,73.46,7.57,157.0
3196,20260918,0.0,0.0,100.0,2.0
3202,20260918,19.46,24.59,52.83,37700.0
3205,20260918,61.71,66.31,19.17,31237.0
3206,20260918,42.69,55.24,29.06,23275.0
3207,20260918,22.48,37.53,32.81,21300.0
3208,20260918,46.49,46.49,22.7,107.0
3209,20260918,34.05,42.29,40.11,56749.0
3211,20260918,39.18,47.92,41.95,83299.0
3212,20260918,0.0,0.0,25.0,13.0
3213,20260918,16.7,27.17,48.55,46874.0
3216,20260918,0.0,0.0,99.99,5.0
3217,20260918,31.08,41.92,42.91,15896.0
3218,20260918,49.12,55.87,33.38,18128.0
3219,20260918,76.33,80.83,10.97,3630.0
3221,20260918,9.12,24.97,59.09,48827.0
3222,20260918,0.0,0.0,99.99,11.0
3223,20260918,0.0,0.0,3.92,31.0
3224,20260918,63.53,71.94,15.21,16498.0
3226,20260918,71.01,87.55,3.5,1245.0
3227,20260918,25.47,38.96,44.35,56995.0
3228,20260918,19.58,24.32,55.54,34371.0
3229,20260918,67.46,70.72,20.06,10760.0
3230,20260918,46.5,53.57,30.41,19551.0
3231,20260918,66.76,70.93,21.75,338794.0
3232,20260918,43.96,58.4,22.32,14687.0
3233,20260918,0.0,0.0,77.67,38.0
3234,20260918,27.45,34.92,45.98,42807.0
3236,20260918,26.46,30.02,56.83,64518.0
3237,20260918,0.0,0.0,63.84,104.0
3239,20260918,0.0,94.47,5.52,9.0
3240,20260918,99.94,99.94,0.04,3.0
3252,20260918,66.99,79.34,12.23,2635.0
3257,20260918,37.1,43.69,41.08,28721.0
3258,20260918,7.58,10.19,70.79,91908.0
3259,20260918,62.66,71.01,15.18,3835.0
3260,20260918,30.28,35.9,50.96,139728.0
3264,20260918,66.8,73.28,16.87,70755.0
3265,20260918,59.57,66.73,23.92,16932.0
3266,20260918,89.14,90.47,4.17,3680.0
3267,20260918,26.87,29.55,26.26,533.0
3268,20260918,28.67,34.77,41.86,42768.0
3272,20260918,45.52,50.3,37.23,9131.0
3274,20260918,0.0,74.43,5.2,34.0
3276,20260918,53.88,58.74,24.03,47207.0
3278,20260918,0.0,0.0,99.98,18.0
3279,20260918,0.0,0.0,54.47,113.0
3280,20260918,100.0,100.0,0.0,1.0
3283,20260918,15.12,49.63,18.25,147.0
3284,20260918,66.73,70.1,18.73,21813.0
3285,20260918,51.72,65.21,14.85,9814.0
3286,20260918,0.0,0.0,99.98,45.0
3287,20260918,48.76,59.55,26.33,3794.0
3288,20260918,36.75,48.2,28.52,11409.0
3289,20260918,13.07,26.66,56.02,58996.0
3290,20260918,42.37,54.5,25.09,26077.0
3293,20260918,45.68,55.52,31.63,109491.0
3294,20260918,46.87,51.91,36.95,16399.0
3295,20260918,0.0,0.0,47.65,18.0
3296,20260918,70.59,76.64,12.4,7072.0
3297,20260918,36.6,50.46,38.63,9839.0
3301,20260918,70.3,79.23,7.01,996.0
3302,20260918,0.0,0.0,1.84,3.0
3303,20260918,36.23,47.9,31.6,14219.0
3304,20260918,9.88,33.55,23.66,424.0
3305,20260918,35.71,42.01,45.93,61101.0
3306,20260918,43.14,48.6,40.46,29807.0
3308,20260918,59.03,61.79,28.34,10367.0
3309,20260918,53.91,77.1,5.02,24.0
3310,20260918,70.43,82.29,6.78,1718.0
3311,20260918,50.59,57.29,29.66,39411.0
3312,20260918,42.47,44.36,45.19,68818.0
3313,20260918,74.35,76.27,15.85,34170.0
3317,20260918,25.46,31.66,56.99,61729.0
3318,20260918,41.84,56.8,11.49,925.0
3320,20260918,0.0,0.0,6.08,5.0
3321,20260918,37.66,47.53,30.98,28362.0
3322,20260918,29.38,34.5,39.55,65018.0
3323,20260918,15.57,21.08,65.74,69251.0
3324,20260918,37.22,59.78,25.7,59645.0
3325,20260918,14.78,30.43,43.55,61173.0
3328,20260918,0.0,74.85,25.13,42.0
3330,20260918,0.0,0.0,100.0,4.0
3332,20260918,77.98,87.0,5.93,1710.0
3333,20260918,0.0,0.0,99.99,4.0
3334,20260918,89.35,91.54,3.09,127.0
3338,20260918,22.59,30.32,53.5,62155.0
3339,20260918,15.42,27.14,51.4,30847.0
3342,20260918,33.08,53.13,15.71,762.0
3343,20260918,39.29,44.66,17.6,869.0
3344,20260918,0.0,32.65,4.94,40.0
3345,20260918,93.93,95.55,1.32,101.0
3346,20260918,20.5,26.25,53.67,39354.0
3348,20260918,0.0,19.86,29.17,46.0
3349,20260918,26.9,49.9,17.59,1678.0
3350,20260918,0.0,14.05,37.46,924.0
3353,20260918,0.0,0.0,100.0,1.0
3354,20260918,70.56,71.7,23.08,6839.0
3355,20260918,0.0,0.0,99.99,8.0
3356,20260918,100.0,100.0,0.0,1.0
3357,20260918,41.62,57.49,26.85,21199.0
3360,20260918,16.99,22.56,54.17,46886.0
3361,20260918,68.18,81.55,6.04,389.0
3362,20260918,49.06,58.71,31.41,32226.0
3363,20260918,29.21,37.86,39.98,70500.0
3364,20260918,0.0,0.0,40.5,216.0
3366,20260918,0.0,0.0,100.0,2.0
3369,20260918,54.42,56.22,27.65,4636.0
3370,20260918,0.0,0.0,70.1,47.0
3371,20260918,78.3,78.3,6.66,26.0
3372,20260918,50.98,54.0,33.38,57233.0
3373,20260918,24.95,26.33,57.63,35527.0
3374,20260918,64.67,67.84,24.26,48429.0
3376,20260918,27.08,40.16,43.52,57821.0
3377,20260918,35.71,64.25,8.51,241.0
3379,20260918,24.78,27.4,55.97,29830.0
3380,20260918,63.37,65.51,23.78,42618.0
3381,20260918,0.0,0.0,15.94,7.0
3383,20260918,38.5,48.48,32.05,11620.0
3386,20260918,100.0,100.0,0.0,1.0
3388,20260918,29.65,37.92,44.46,15213.0
3390,20260918,17.95,31.14,42.39,56248.0
3391,20260918,52.44,66.0,10.57,928.0
3394,20260918,0.0,0.0,59.0,162.0
3397,20260918,0.0,0.0,87.48,1814.0
3401,20260918,0.0,0.0,42.01,9.0
3402,20260918,24.52,30.01,53.21,38621.0
3404,20260918,0.0,0.0,50.2,50.0
3406,20260918,40.43,61.84,17.26,32064.0
3408,20260918,0.0,0.0,99.99,10.0
3412,20260918,84.95,84.95,10.3,261.0
3413,20260918,41.65,46.51,38.78,28154.0
3414,20260918,0.0,0.0,78.73,252.0
3416,20260918,51.66,56.75,27.12,9455.0
3419,20260918,24.96,31.58,46.05,30584.0
3430,20260918,33.47,33.47,48.23,33322.0
3431,20260918,46.69,51.35,32.5,12537.0
3432,20260918,58.48,66.5,21.32,3475.0
3434,20260918,33.02,47.1,34.5,9317.0
3437,20260918,20.73,26.03,57.64,46582.0
3438,20260918,43.53,45.12,45.53,28325.0
3441,20260918,11.49,24.75,58.03,35208.0
3443,20260918,51.95,64.51,15.99,46559.0
3444,20260918,38.58,49.36,33.35,5008.0
3447,20260918,51.2,59.49,26.18,5774.0
3450,20260918,31.69,43.77,42.07,77361.0
3455,20260918,11.28,31.1,46.46,44526.0
3462,20260918,100.0,100.0,0.0,1.0
3463,20260918,100.0,100.0,0.0,1.0
3465,20260918,58.2,67.98,14.66,4575.0
3466,20260918,33.77,45.8,32.53,28964.0
3467,20260918,55.59,62.58,19.87,2501.0
3469,20260918,42.15,63.92,5.88,191.0
3471,20260918,25.6,45.04,22.44,503.0
3472,20260918,43.84,58.36,15.28,1709.0
3473,20260918,68.03,76.15,6.05,271.0
3475,20260918,0.0,0.0,84.28,1777.0
3479,20260918,30.26,39.83,44.55,37648.0
3481,20260918,32.44,37.06,45.96,1002711.0
3482,20260918,16.87,44.4,40.68,527.0
3483,20260918,12.04,21.89,61.93,52475.0
3484,20260918,24.24,32.18,42.18,47117.0
3485,20260918,33.54,51.37,28.64,7327.0
3489,20260918,79.83,81.58,10.24,2720.0
3490,20260918,16.27,24.22,55.8,34400.0
3491,20260918,21.91,35.72,36.97,66366.0
3492,20260918,41.95,47.29,31.02,2834.0
3494,20260918,56.77,61.82,22.3,18003.0
3496,20260918,70.66,79.91,7.09,205.0
3497,20260918,23.86,33.29,24.09,112.0
3498,20260918,48.02,54.96,30.24,54545.0
3499,20260918,41.84,44.33,42.05,41471.0
3501,20260918,42.49,47.38,35.24,12230.0
3502,20260918,12.4,34.17,29.02,283.0
3504,20260918,61.82,66.75,25.91,13036.0
3505,20260918,87.89,87.89,10.82,160.0
3506,20260918,0.0,19.83,47.43,606.0
3507,20260918,75.26,87.08,7.83,278.0
3508,20260918,37.44,47.64,39.85,67491.0
3511,20260918,51.13,53.75,36.63,9416.0
3512,20260918,64.4,71.83,16.6,4821.0
3513,20260918,51.88,97.03,0.2,25.0
3515,20260918,61.8,69.65,19.02,13650.0
3516,20260918,67.72,77.92,10.93,3166.0
3517,20260918,0.0,13.89,50.59,663.0
3518,20260918,26.15,35.9,34.8,29977.0
3519,20260918,46.45,50.83,34.49,65061.0
3520,20260918,28.63,41.51,34.76,48060.0
3521,20260918,78.97,81.8,8.63,39667.0
3522,20260918,50.3,56.85,22.16,28112.0
3523,20260918,78.36,83.39,8.77,7779.0
3524,20260918,39.39,66.46,9.53,301.0
3526,20260918,29.5,43.81,28.37,20936.0
3527,20260918,20.06,26.68,45.42,25048.0
3528,20260918,62.56,69.41,20.94,5596.0
3529,20260918,32.77,54.6,17.7,28115.0
3530,20260918,53.68,57.36,33.61,15949.0
3531,20260918,60.81,80.37,9.44,1821.0
3532,20260918,88.16,90.53,6.47,24310.0
3533,20260918,43.79,61.23,18.68,37159.0
3535,20260918,24.19,27.34,56.94,43254.0
3536,20260918,65.12,67.9,20.69,6379.0
3537,20260918,23.54,29.45,56.86,45045.0
3540,20260918,21.9,23.56,60.16,59703.0
3541,20260918,24.83,35.92,36.32,17901.0
3542,20260918,0.0,0.0,14.22,34.0
3543,20260918,33.28,49.97,24.22,24820.0
3544,20260918,0.0,0.0,79.92,578.0
3545,20260918,19.05,25.08,59.87,81821.0
3546,20260918,23.07,34.59,46.71,34520.0
3548,20260918,24.26,32.8,50.28,40616.0
3549,20260918,0.0,0.0,61.7,239.0
3550,20260918,31.08,43.52,41.8,51613.0
3551,20260918,34.23,50.32,37.1,13215.0
3552,20260918,32.42,38.18,49.59,55119.0
3554,20260918,87.29,87.29,5.43,135.0
3555,20260918,77.74,80.49,10.69,4312.0
3556,20260918,13.67,16.52,68.16,64387.0
3557,20260918,53.32,61.03,25.03,20114.0
3558,20260918,47.07,51.04,41.31,12108.0
3560,20260918,59.92,74.02,8.64,194.0
3563,20260918,39.46,50.37,34.75,37154.0
3564,20260918,59.07,60.47,29.58,6518.0
3566,20260918,60.69,73.96,6.44,10580.0
3567,20260918,7.93,18.59,57.26,33626.0
3568,20260918,46.7,72.35,13.47,187.0
3570,20260918,45.25,54.02,34.66,2921.0
3571,20260918,0.0,0.0,80.92,416.0
3572,20260918,29.87,44.74,14.07,330.0
3574,20260918,0.0,67.92,12.39,15.0
3576,20260918,34.28,39.02,43.99,213496.0
3577,20260918,50.22,66.57,17.1,4710.0
3579,20260918,65.76,74.14,18.67,6150.0
3580,20260918,7.21,12.46,57.18,41529.0
3581,20260918,48.53,58.28,29.34,7255.0
3583,20260918,49.15,59.72,27.44,31672.0
3584,20260918,18.42,25.45,50.22,21933.0
3585,20260918,34.96,39.64,44.48,14743.0
3586,20260918,0.0,51.29,18.04,88.0
3587,20260918,21.81,31.52,52.03,29849.0
3588,20260918,20.2,27.57,54.75,49332.0
3591,20260918,100.0,100.0,0.0,1.0
3592,20260918,24.87,36.07,45.64,36912.0
3593,20260918,50.01,64.2,18.63,24765.0
3594,20260918,42.15,53.47,28.42,20350.0
3595,20260918,28.89,31.72,44.94,24227.0
3596,20260918,59.94,70.37,19.16,25021.0
3597,20260918,56.92,64.47,17.55,2187.0
3601,20260918,40.76,52.62,14.14,688.0
3603,20260918,64.91,71.13,10.49,683.0
3604,20260918,0.0,0.0,38.94,14.0
3605,20260918,59.98,67.48,23.67,42578.0
3606,20260918,43.23,77.4,3.7,98.0
3607,20260918,21.5,32.26,38.29,47083.0
3609,20260918,34.43,53.77,22.21,7500.0
3610,20260918,76.71,78.87,13.42,1499.0
3611,20260918,46.89,58.29,24.46,4799.0
3613,20260918,50.87,66.67,12.97,1140.0
3615,20260918,24.61,31.9,57.06,43002.0
3616,20260918,25.84,42.8,20.99,3453.0
3617,20260918,52.68,66.85,16.2,7199.0
3619,20260918,15.73,27.79,17.83,164.0
3622,20260918,55.31,58.59,28.5,25111.0
3623,20260918,48.24,52.09,36.19,8283.0
3624,20260918,45.92,53.26,36.97,43363.0
3625,20260918,37.64,48.69,34.61,43109.0
3627,20260918,50.03,56.06,26.78,14080.0
3628,20260918,56.02,59.15,25.11,7430.0
3629,20260918,84.01,86.89,6.2,1740.0
3630,20260918,51.09,54.12,33.61,27953.0
3631,20260918,74.44,80.24,7.97,1697.0
3632,20260918,15.58,17.2,72.28,33410.0
3633,20260918,46.15,60.69,21.77,1863.0
3634,20260918,72.48,82.97,4.21,218.0
3635,20260918,0.0,0.0,48.21,397.0
3636,20260918,87.18,87.18,6.19,502.0
3637,20260918,71.3,77.46,10.92,824.0
3642,20260918,49.5,63.39,19.52,18060.0
3643,20260918,97.95,97.95,1.78,403.0
3644,20260918,69.45,77.29,8.37,2210.0
3645,20260918,27.86,37.93,47.1,65429.0
3646,20260918,19.97,48.88,18.4,36468.0
3647,20260918,0.0,0.0,69.56,2940.0
3649,20260918,0.0,36.51,20.34,275.0
3651,20260918,89.61,95.9,0.72,69.0
3652,20260918,67.94,72.29,14.6,3513.0
3653,20260918,64.05,70.58,10.87,36121.0
3656,20260918,75.19,77.46,14.13,3282.0
3657,20260918,86.89,97.29,2.69,47.0
3659,20260918,78.79,86.43,6.71,640.0
3661,20260918,10.7,33.46,39.08,107626.0
3662,20260918,48.89,53.41,30.92,22515.0
3663,20260918,61.98,64.92,28.43,24047.0
3664,20260918,66.69,68.46,17.19,5809.0
3665,20260918,44.37,61.77,15.87,56633.0
3666,20260918,80.24,83.32,10.74,28579.0
3669,20260918,54.68,58.59,29.66,8156.0
3671,20260918,72.48,87.86,0.93,53.0
3672,20260918,40.16,55.92,17.39,20994.0
3673,20260918,36.19,41.98,43.21,83430.0
3674,20260918,65.86,71.06,14.21,405.0
3675,20260918,55.16,56.94,30.32,14109.0
3678,20260918,35.94,52.54,16.7,1024.0
3679,20260918,54.01,65.87,19.38,5093.0
3680,20260918,43.98,57.15,28.01,29846.0
3681,20260918,94.39,95.08,2.05,341.0
3683,20260918,100.0,100.0,0.0,1.0
3684,20260918,52.87,62.35,22.75,6129.0
3685,20260918,44.65,61.14,16.95,13377.0
3686,20260918,16.77,21.81,55.77,62483.0
3687,20260918,32.52,37.33,50.35,36371.0
3689,20260918,14.21,25.6,54.82,34272.0
3690,20260918,83.95,89.17,4.93,1356.0
3691,20260918,53.99,59.27,29.59,13190.0
3693,20260918,41.57,52.24,32.01,23151.0
3694,20260918,53.61,57.87,29.4,14313.0
3701,20260918,71.06,72.8,21.87,48969.0
3702,20260918,77.86,82.99,10.31,97012.0
3703,20260918,68.19,72.3,16.78,34609.0
3704,20260918,58.68,64.77,23.91,43087.0
3705,20260918,62.34,69.3,18.15,26188.0
3706,20260918,52.71,55.7,35.77,195009.0
3707,20260918,42.37,45.2,46.38,90838.0
3708,20260918,38.01,49.44,36.48,46387.0
3709,20260918,66.31,71.67,18.02,8583.0
3710,20260918,100.0,100.0,0.0,1.0
3711,20260918,81.04,86.41,8.29,361302.0
3712,20260918,54.68,58.03,30.78,36078.0
3713,20260918,44.06,56.55,19.57,4180.0
3714,20260918,38.46,43.9,39.79,155227.0
3715,20260918,20.25,28.74,59.0,97965.0
3716,20260918,44.79,52.9,34.38,53629.0
3717,20260918,27.95,37.55,41.34,49504.0
3718,20260918,35.66,41.49,48.27,103345.0
4102,20260918,33.74,46.49,27.57,37611.0
4104,20260918,40.06,45.28,41.87,44294.0
4105,20260918,38.96,48.13,31.52,52181.0
4106,20260918,46.17,50.99,33.78,16132.0
4107,20260918,51.88,61.71,22.91,13538.0
4108,20260918,23.57,28.87,45.44,54696.0
4109,20260918,36.18,43.93,34.31,43654.0
4111,20260918,33.15,42.71,31.62,46421.0
4113,20260918,63.78,74.47,11.7,20098.0
4114,20260918,37.42,44.29,33.42,74451.0
4115,20260918,69.74,75.96,9.12,995.0
4116,20260918,54.95,54.95,30.54,4368.0
4117,20260918,37.83,55.44,28.1,6141.0
4118,20260918,90.11,90.11,3.18,202.0
4119,20260918,45.06,47.67,33.64,26705.0
4120,20260918,63.89,71.55,15.35,7445.0
4121,20260918,44.46,49.77,38.22,51564.0
4123,20260918,52.66,59.19,24.96,47918.0
4125,20260918,0.0,0.0,70.69,218.0
4126,20260918,54.99,63.01,25.06,22504.0
4127,20260918,65.41,73.44,14.03,26515.0
4128,20260918,39.34,43.66,35.8,101211.0
4129,20260918,48.65,59.94,22.64,34078.0
4131,20260918,72.24,77.3,9.72,3499.0
4132,20260918,38.33,46.63,29.13,42834.0
4133,20260918,18.53,23.57,59.0,54150.0
4135,20260918,44.13,65.43,11.57,511.0
4136,20260918,97.87,99.3,0.5,95.0
4137,20260918,44.41,51.19,31.13,7487.0
4138,20260918,51.42,51.42,39.35,21120.0
4139,20260918,47.88,68.67,8.25,1143.0
4140,20260918,0.0,0.0,67.61,473.0
4142,20260918,33.42,40.47,39.52,84013.0
4147,20260918,43.11,52.05,27.49,47459.0
4148,20260918,77.76,79.17,12.78,2283.0
4150,20260918,34.31,48.54,22.9,28445.0
4151,20260918,71.12,78.35,8.24,642.0
4153,20260918,72.11,76.68,14.78,5173.0
4154,20260918,67.1,76.61,8.45,881.0
4155,20260918,32.53,43.36,33.38,33068.0
4156,20260918,67.52,71.88,12.84,894.0
4157,20260918,52.55,59.41,20.57,31716.0
4160,20260918,25.36,29.63,47.79,34607.0
4161,20260918,26.96,44.55,25.06,5133.0
4162,20260918,38.96,45.05,36.96,47039.0
4163,20260918,58.66,70.08,13.99,24896.0
4164,20260918,39.89,50.5,31.64,19006.0
4166,20260918,79.18,82.81,7.18,3764.0
4167,20260918,34.34,42.28,32.47,56403.0
4168,20260918,20.05,27.38,45.77,50042.0
4169,20260918,47.47,54.16,22.66,4403.0
4170,20260918,45.21,58.5,20.58,6422.0
4171,20260918,27.66,32.72,48.58,38250.0
4172,20260918,30.08,39.01,28.95,24451.0
4173,20260918,40.0,43.05,38.05,30505.0
4174,20260918,34.47,41.14,41.69,42952.0
4175,20260918,54.98,56.05,30.39,11394.0
4177,20260918,48.19,59.03,20.03,2160.0
4178,20260918,72.41,77.78,9.27,4219.0
4181,20260918,0.0,0.0,82.16,1737.0
4183,20260918,43.25,62.62,17.31,1183.0
4184,20260918,92.03,92.03,4.47,644.0
4186,20260918,26.01,45.87,25.92,4676.0
4188,20260918,47.92,54.31,26.29,5030.0
4190,20260918,62.94,66.66,22.87,16546.0
4191,20260918,48.78,63.05,14.77,2532.0
4192,20260918,66.6,68.35,22.27,4618.0
4193,20260918,33.69,49.22,15.87,5426.0
4194,20260918,73.12,76.72,12.72,3283.0
4195,20260918,28.67,38.76,35.47,28524.0
4197,20260918,40.26,65.38,13.73,2357.0
4198,20260918,78.06,82.12,10.26,2599.0
4205,20260918,58.94,66.37,20.71,11014.0
4207,20260918,64.03,73.13,12.2,8497.0
4303,20260918,12.45,18.93,62.91,36537.0
4304,20260918,74.64,80.96,8.96,3670.0
4305,20260918,74.81,84.73,7.21,1691.0
4306,20260918,52.2,57.97,24.66,89845.0
4401,20260918,47.0,62.33,20.81,12628.0
4402,20260918,60.92,66.02,17.87,41585.0
4404,20260918,26.98,35.81,36.97,7868.0
4406,20260918,61.99,77.41,7.04,1526.0
4408,20260918,30.4,35.77,33.98,4011.0
4413,20260918,52.61,69.31,11.47,1652.0
4414,20260918,57.36,64.06,20.02,22685.0
4415,20260918,76.68,85.04,10.72,4358.0
4416,20260918,53.6,67.46,17.21,2750.0
4417,20260918,38.36,46.02,33.23,8271.0
4419,20260918,95.07,96.83,1.44,5191.0
4420,20260918,54.11,60.03,32.44,8102.0
4424,20260918,62.32,66.59,15.62,2550.0
4426,20260918,54.21,61.9,23.44,9531.0
4427,20260918,78.71,87.52,3.49,966.0
4430,20260918,53.29,64.1,25.23,8643.0
4431,20260918,64.16,70.86,20.43,2060.0
4432,20260918,45.45,55.43,26.42,4914.0
4433,20260918,52.24,56.25,29.36,10235.0
4438,20260918,50.12,65.78,15.79,4665.0
4439,20260918,69.43,78.29,11.25,1323.0
4440,20260918,28.87,57.01,25.59,3858.0
4441,20260918,56.91,70.39,10.75,2471.0
4442,20260918,49.6,74.91,9.63,961.0
4502,20260918,55.45,70.7,12.11,3845.0
4503,20260918,59.8,62.8,25.6,7613.0
4506,20260918,74.07,80.68,12.19,11123.0
4510,20260918,29.65,35.3,53.11,61203.0
4513,20260918,53.25,57.87,28.77,44199.0
4522,20260918,100.0,100.0,0.0,1.0
4523,20260918,52.02,59.94,25.44,35964.0
4526,20260918,40.53,47.29,41.48,62282.0
4527,20260918,61.92,67.5,17.58,4374.0
4528,20260918,58.69,62.32,29.91,13427.0
4529,20260918,53.99,58.79,24.58,8806.0
4530,20260918,64.46,72.61,14.0,7318.0
4532,20260918,65.12,70.08,17.04,19980.0
4533,20260918,33.09,36.99,49.79,68169.0
4534,20260918,29.58,40.5,39.55,18663.0
4535,20260918,69.7,77.42,9.55,7113.0
4536,20260918,38.54,56.28,21.68,7061.0
4537,20260918,77.0,82.02,9.94,2355.0
4538,20260918,71.86,80.7,8.26,1648.0
4540,20260918,25.53,29.88,58.38,42298.0
4541,20260918,27.11,38.09,44.47,43450.0
4542,20260918,20.72,48.8,32.29,6865.0
4543,20260918,42.0,46.95,39.52,22237.0
4544,20260918,49.87,67.51,7.43,1564.0
4545,20260918,69.05,72.44,16.62,22242.0
4546,20260918,60.44,70.58,12.03,968.0
4547,20260918,72.34,84.76,6.94,302.0
4548,20260918,100.0,100.0,0.0,1.0
4549,20260918,58.74,62.53,26.34,7235.0
4550,20260918,49.24,56.24,25.08,3165.0
4551,20260918,70.84,79.02,11.64,6835.0
4552,20260918,44.28,49.94,27.09,28647.0
4553,20260918,77.22,87.11,6.05,457.0
4554,20260918,50.62,52.18,27.99,2359.0
4555,20260918,65.67,70.48,16.87,4084.0
4556,20260918,70.8,75.16,17.17,3478.0
4557,20260918,27.21,43.27,25.66,27719.0
4558,20260918,52.1,72.83,12.23,1604.0
4559,20260918,79.9,87.85,5.13,665.0
4560,20260918,84.16,86.07,6.99,2518.0
4561,20260918,52.18,58.36,34.47,8837.0
4562,20260918,49.92,52.2,39.81,11828.0
4563,20260918,49.6,54.26,33.15,17733.0
4564,20260918,33.14,39.81,39.45,48729.0
4565,20260918,66.01,79.88,6.3,1439.0
4566,20260918,49.09,53.47,37.03,25831.0
4568,20260918,61.98,68.41,16.26,1602.0
4569,20260918,52.36,64.24,13.25,2003.0
4570,20260918,87.82,95.07,2.4,205.0
4571,20260918,55.7,66.05,23.97,6687.0
4572,20260918,61.89,64.18,17.17,3453.0
4573,20260918,28.7,41.89,33.82,10341.0
4575,20260918,53.88,69.19,8.5,743.0
4576,20260918,60.39,67.05,22.44,24226.0
4577,20260918,55.74,61.84,31.4,7176.0
4578,20260918,92.28,97.0,2.66,691.0
4580,20260918,37.67,49.25,32.97,5131.0
4581,20260918,46.15,62.81,19.45,1649.0
4582,20260918,43.96,55.06,19.04,2619.0
4583,20260918,82.18,86.0,7.1,7420.0
4584,20260918,69.25,80.08,9.86,1075.0
4585,20260918,75.3,76.68,19.97,19079.0
4587,20260918,88.23,88.23,6.85,949.0
4588,20260918,37.41,50.28,32.83,5167.0
4589,20260918,46.9,69.79,10.0,624.0
4590,20260918,35.3,50.29,31.16,10052.0
4609,20260918,64.61,76.26,8.85,1742.0
4702,20260918,46.49,51.02,35.21,14097.0
4703,20260918,22.65,26.2,54.25,9141.0
4706,20260918,77.56,82.94,6.12,2147.0
4707,20260918,65.27,70.74,17.98,28634.0
4711,20260918,53.42,60.0,25.21,7426.0
4712,20260918,43.69,45.99,34.48,3611.0
4714,20260918,21.71,29.1,46.66,53130.0
4716,20260918,25.27,33.45,41.91,44187.0
4717,20260918,0.0,0.0,99.99,999.0
4720,20260918,33.29,37.84,42.75,13395.0
4721,20260918,29.5,33.49,52.56,57370.0
4722,20260918,43.4,58.42,21.83,14806.0
4724,20260918,46.4,59.5,17.67,3038.0
4726,20260918,50.32,58.02,25.16,12695.0
4727,20260918,0.0,18.79,18.11,349.0
4728,20260918,65.91,84.47,4.74,16664.0
4729,20260918,44.7,49.93,32.22,7328.0
4730,20260918,57.91,69.86,11.91,1062.0
4732,20260918,47.04,67.05,13.86,1548.0
4734,20260918,0.0,14.95,29.7,371.0
4735,20260918,42.94,53.37,34.17,37623.0
4736,20260918,44.46,51.28,34.18,13646.0
4737,20260918,49.06,63.19,14.1,10914.0
4738,20260918,54.05,58.71,25.78,3396.0
4739,20260918,31.32,38.41,44.78,56764.0
4741,20260918,40.07,49.4,27.14,13043.0
4743,20260918,40.86,45.47,35.82,80424.0
4744,20260918,35.78,51.89,24.18,33405.0
4745,20260918,53.06,61.87,18.25,3144.0
4746,20260918,30.64,40.8,39.55,44226.0
4747,20260918,65.49,75.74,9.31,2195.0
4749,20260918,23.84,33.96,46.31,61636.0
4752,20260918,87.17,89.77,6.92,1062.0
4754,20260918,28.46,36.69,41.71,23002.0
4755,20260918,64.95,69.1,18.96,8712.0
4758,20260918,84.81,92.15,4.88,395.0
4760,20260918,34.68,36.4,36.94,11227.0
4762,20260918,97.29,99.67,0.3,139.0
4763,20260918,56.09,60.33,24.87,55162.0
4764,20260918,66.32,73.85,15.82,9884.0
4765,20260918,39.21,55.31,17.72,905.0
4766,20260918,63.05,69.98,15.76,10845.0
4767,20260918,46.86,62.75,9.39,884.0
4768,20260918,19.49,35.04,42.86,15768.0
4769,20260918,100.0,100.0,0.0,1.0
4770,20260918,59.7,64.54,20.08,8735.0
4771,20260918,44.58,59.74,16.9,3922.0
4772,20260918,42.03,48.74,36.42,33367.0
4773,20260918,92.29,94.99,0.73,228.0
4801,20260918,97.82,98.7,0.71,783.0
4802,20260918,85.36,87.92,6.15,296.0
4803,20260918,55.13,57.43,29.8,5710.0
4804,20260918,54.88,62.0,19.88,30105.0
4805,20260918,0.0,0.0,99.98,24.0
4806,20260918,85.88,89.1,4.36,14130.0
4807,20260918,63.32,68.24,14.79,14442.0
4903,20260918,37.88,42.77,45.61,46236.0
4904,20260918,91.01,93.56,3.83,85487.0
4905,20260918,63.8,81.7,9.12,1996.0
4906,20260918,20.4,27.26,52.58,92411.0
4907,20260918,83.76,85.8,7.06,2778.0
4908,20260918,44.24,56.2,33.47,34547.0
4909,20260918,22.65,25.14,60.94,63556.0
4911,20260918,48.05,58.15,19.94,3506.0
4912,20260918,38.73,51.27,27.4,25697.0
4913,20260918,0.0,25.75,33.82,475.0
4914,20260918,61.66,77.04,12.77,225.0
4915,20260918,51.32,59.98,26.48,34324.0
4916,20260918,22.36,27.14,61.68,74892.0
4917,20260918,93.2,97.57,0.42,16.0
4919,20260918,59.48,62.94,30.59,70779.0
4920,20260918,86.74,93.69,1.1,107.0
4922,20260918,11.8,25.44,47.93,4556.0
4923,20260918,23.32,39.27,35.6,30551.0
4924,20260918,55.94,71.02,13.25,1442.0
4925,20260918,31.68,49.5,25.76,5234.0
4927,20260918,17.76,27.81,49.28,58918.0
4929,20260918,0.0,0.0,57.99,384.0
4930,20260918,58.55,63.64,25.74,33605.0
4931,20260918,11.7,25.78,58.88,62477.0
4932,20260918,0.0,0.0,86.79,309.0
4933,20260918,59.88,63.48,21.51,5638.0
4934,20260918,29.43,34.73,45.73,70493.0
4935,20260918,57.74,62.52,23.18,7832.0
4938,20260918,75.07,79.56,14.44,144758.0
4939,20260918,27.18,35.99,49.92,65367.0
4942,20260918,54.54,62.2,20.71,6623.0
4943,20260918,53.5,64.19,24.83,21875.0
4946,20260918,42.58,42.58,45.35,8245.0
4949,20260918,41.15,52.29,31.61,11198.0
4950,20260918,68.13,73.05,15.16,6677.0
4951,20260918,4.48,19.61,51.83,11142.0
4952,20260918,47.79,52.34,36.71,14689.0
4953,20260918,37.89,45.63,35.37,34659.0
4956,20260918,34.03,39.48,48.11,42369.0
4958,20260918,65.72,71.33,20.63,220951.0
4960,20260918,57.69,62.92,26.46,89398.0
4961,20260918,36.73,48.38,36.09,40280.0
4962,20260918,99.89,99.89,0.09,16.0
4963,20260918,82.03,83.64,5.86,445.0
4965,20260918,100.0,100.0,0.0,1.0
4966,20260918,17.58,30.77,42.55,32359.0
4967,20260918,11.58,21.58,63.73,67109.0
4968,20260918,8.85,15.63,67.83,56482.0
4969,20260918,44.91,55.64,21.61,11530.0
4971,20260918,22.03,44.39,39.39,38444.0
4972,20260918,36.87,50.03,35.49,15389.0
4973,20260918,14.4,22.96,61.7,50207.0
4974,20260918,39.73,42.2,45.58,42907.0
4975,20260918,95.92,96.31,2.21,1023.0
4976,20260918,25.82,30.2,54.04,44841.0
4977,20260918,8.43,16.93,65.38,49873.0
4978,20260918,82.32,82.32,8.78,67.0
4979,20260918,26.77,43.87,41.94,85637.0
4980,20260918,50.4,58.12,21.29,2367.0
4985,20260918,100.0,100.0,0.0,1.0
4989,20260918,11.69,17.0,70.69,51485.0
4990,20260918,43.97,53.41,20.86,3279.0
4991,20260918,37.64,47.11,38.42,62801.0
4992,20260918,76.9,82.09,4.75,1033.0
4994,20260918,80.57,86.25,5.77,2155.0
4995,20260918,52.59,67.88,16.05,4965.0
4996,20260918,65.91,77.8,4.73,784.0
4997,20260918,17.41,42.96,14.56,271.0
4999,20260918,27.29,41.28,43.68,46545.0
5006,20260918,8.25,10.67,58.21,14005.0
5007,20260918,84.24,87.56,4.3,4896.0
5009,20260918,43.42,49.27,33.84,80900.0
5011,20260918,39.56,48.43,29.42,33735.0
5013,20260918,81.84,87.47,5.19,9017.0
5014,20260918,26.84,37.97,39.51,52388.0
5015,20260918,42.22,52.09,34.39,26573.0
5016,20260918,59.94,65.96,17.26,2625.0
5017,20260918,0.0,0.0,99.99,6850.0
5201,20260918,37.24,57.25,20.04,13506.0
5202,20260918,48.62,52.87,31.02,44017.0
5203,20260918,33.11,42.97,35.56,31878.0
5204,20260918,18.86,18.86,42.23,1372.0
5205,20260918,71.26,74.44,13.5,1722.0
5206,20260918,80.83,85.35,6.5,4621.0
5207,20260918,14.82,38.6,23.7,2907.0
5209,20260918,50.88,52.81,31.18,4236.0
5210,20260918,39.83,48.3,26.57,39204.0
5211,20260918,40.88,47.96,36.46,7577.0
5212,20260918,66.95,78.41,10.98,9979.0
5213,20260918,85.01,86.96,8.24,21118.0
5215,20260918,42.71,53.37,29.48,5366.0
5216,20260918,57.64,82.4,8.11,401.0
5220,20260918,19.65,44.69,32.67,7613.0
5221,20260918,0.0,11.31,53.6,346.0
5222,20260918,24.17,32.87,44.26,33799.0
5223,20260918,54.18,62.23,24.82,2739.0
5225,20260918,37.93,44.67,36.84,8409.0
5226,20260918,31.51,52.74,17.83,400.0
5227,20260918,18.08,27.49,49.19,58855.0
5228,20260918,44.94,55.68,28.22,3564.0
5229,20260918,89.3,96.51,1.02,129.0
5230,20260918,10.27,25.31,50.42,29826.0
5232,20260918,99.99,99.99,0.0,5.0
5233,20260918,82.42,85.35,6.98,2998.0
5234,20260918,58.52,64.8,17.61,11948.0
5236,20260918,60.89,62.47,26.24,6878.0
5238,20260918,78.62,83.48,6.54,691.0
5239,20260918,16.98,30.08,22.36,601.0
5240,20260918,30.32,55.39,7.02,521.0
5242,20260918,58.6,72.3,7.35,1115.0
5243,20260918,49.66,56.55,30.96,30245.0
5244,20260918,28.6,48.17,30.99,9519.0
5245,20260918,41.79,58.57,26.36,3879.0
5246,20260918,21.0,33.61,47.12,8703.0
5247,20260918,68.74,75.94,5.66,510.0
5248,20260918,56.84,59.24,26.98,1882.0
5250,20260918,97.08,97.08,2.48,209.0
5251,20260918,29.21,33.49,53.02,35446.0
5253,20260918,58.2,81.05,2.96,224.0
5254,20260918,70.32,75.67,11.87,670.0
5256,20260918,61.23,69.01,13.79,1875.0
5257,20260918,73.71,79.64,5.43,809.0
5258,20260918,39.31,50.52,29.93,25563.0
5259,20260918,74.45,82.07,10.04,2363.0
5262,20260918,31.97,55.99,16.19,8072.0
5263,20260918,42.64,55.17,24.38,26872.0
5265,20260918,0.0,0.0,56.09,123.0
5267,20260918,46.59,62.14,17.52,1353.0
5269,20260918,54.74,60.33,27.87,33384.0
5271,20260918,100.0,100.0,0.0,1.0
5272,20260918,10.26,23.91,59.69,45751.0
5274,20260918,21.71,34.54,32.36,36184.0
5275,20260918,0.0,30.86,11.94,144.0
5276,20260918,85.29,88.33,7.06,933.0
5278,20260918,77.89,82.93,6.93,4252.0
5279,20260918,91.86,94.52,0.04,20.0
5282,20260918,59.25,85.81,2.79,278.0
5283,20260918,52.32,60.98,31.34,27593.0
5284,20260918,49.63,57.08,27.37,9119.0
5285,20260918,53.59,64.17,25.14,12007.0
5286,20260918,69.95,79.97,9.66,910.0
5287,20260918,45.75,57.93,32.03,10018.0
5288,20260918,59.24,69.5,14.52,2885.0
5289,20260918,18.69,30.01,48.65,79900.0
5291,20260918,18.68,44.67,31.85,5282.0
5292,20260918,43.55,57.41,23.87,7122.0
5294,20260918,0.0,0.0,99.98,60.0
5295,20260918,70.39,85.65,4.12,157.0
5296,20260918,27.26,35.94,20.8,468.0
5297,20260918,10.26,18.74,58.31,8888.0
5299,20260918,44.69,50.97,40.21,16947.0
5301,20260918,74.03,80.1,9.77,3941.0
5302,20260918,45.86,50.75,32.73,12899.0
5304,20260918,86.33,88.1,9.01,32305.0
5306,20260918,64.41,69.79,20.47,11953.0
5307,20260918,32.2,41.19,35.48,35110.0
5309,20260918,27.33,33.97,51.29,70735.0
5310,20260918,36.18,57.01,13.09,7106.0
5312,20260918,50.64,55.75,24.38,5834.0
5314,20260918,40.03,44.44,34.53,77598.0
5315,20260918,21.21,30.35,42.66,51077.0
5321,20260918,45.89,60.31,18.21,7589.0
5324,20260918,75.22,81.31,9.84,20918.0
5325,20260918,27.55,33.49,58.91,20368.0
5328,20260918,35.46,39.48,53.17,77048.0
5336,20260918,0.0,0.0,89.56,2955.0
5340,20260918,52.32,59.19,31.51,29101.0
5344,20260918,73.54,75.59,18.44,6696.0
5345,20260918,78.88,78.88,10.59,6301.0
5346,20260918,28.35,37.69,36.76,263388.0
5347,20260918,81.07,84.4,11.13,114984.0
5348,20260918,40.79,53.12,21.28,1812.0
5351,20260918,30.98,38.19,45.68,115250.0
5353,20260918,37.82,55.4,23.63,6352.0
5355,20260918,63.76,70.74,16.11,30848.0
5356,20260918,39.55,44.01,38.22,53278.0
5364,20260918,61.31,70.3,13.31,7282.0
5372,20260918,12.51,23.67,50.81,5386.0
5376,20260918,28.33,33.74,38.41,3801.0
5381,20260918,48.86,55.96,30.74,27798.0
5385,20260918,18.19,23.89,59.24,8304.0
5386,20260918,32.37,36.76,51.71,30414.0
5387,20260918,90.18,91.32,7.9,141606.0
5388,20260918,34.87,44.47,38.42,37919.0
5392,20260918,32.12,35.64,50.91,65937.0
5395,20260918,0.0,0.0,65.56,2238.0
5398,20260918,44.19,58.21,18.47,41734.0
5403,20260918,31.25,47.11,34.09,9489.0
5410,20260918,26.98,33.65,49.55,56869.0
5414,20260918,48.11,59.72,21.83,5071.0
5425,20260918,28.29,35.18,53.81,106226.0
5426,20260918,52.77,55.67,33.52,35411.0
5432,20260918,51.4,54.1,40.29,5461.0
5434,20260918,38.97,55.38,25.7,32366.0
5438,20260918,74.38,75.2,16.6,37814.0
5439,20260918,22.93,36.19,44.19,35518.0
5442,20260918,14.62,20.66,40.25,4827.0
5443,20260918,33.61,39.33,48.91,66055.0
5450,20260918,79.37,81.3,11.34,11614.0
5452,20260918,38.51,42.72,45.15,68989.0
5455,20260918,89.0,93.99,2.8,3412.0
5457,20260918,46.26,51.95,32.51,17166.0
5460,20260918,38.44,57.07,28.14,31500.0
5464,20260918,58.83,72.49,14.23,4628.0
5465,20260918,68.79,72.27,19.84,7746.0
5467,20260918,82.8,86.4,6.62,1832.0
5468,20260918,60.76,65.69,23.06,6016.0
5469,20260918,68.18,72.85,19.07,36431.0
5471,20260918,18.53,26.53,56.45,68662.0
5473,20260918,0.0,0.0,99.96,2482.0
5474,20260918,48.5,56.66,35.32,7889.0
5475,20260918,17.93,23.65,63.79,61639.0
5478,20260918,72.96,79.21,13.99,41306.0
5481,20260918,56.07,65.12,15.39,42054.0
5483,20260918,52.96,59.62,31.74,151156.0
5484,20260918,33.97,37.96,52.97,33856.0
5487,20260918,47.88,71.31,13.98,7097.0
5488,20260918,34.18,46.39,30.71,41157.0
5489,20260918,82.62,85.4,7.64,3141.0
5490,20260918,25.61,33.72,41.19,69654.0
5492,20260918,98.66,98.66,1.31,1371.0
5493,20260918,25.01,44.92,33.35,5543.0
5497,20260918,15.67,26.29,39.58,4829.0
5498,20260918,29.96,34.76,54.21,69480.0
5501,20260918,24.3,28.1,39.39,6087.0
5505,20260918,50.79,65.5,15.74,5918.0
5506,20260918,58.45,66.77,14.37,7574.0
5508,20260918,65.86,69.0,22.95,18206.0
5511,20260918,59.92,68.54,14.9,6006.0
5512,20260918,54.74,61.68,22.25,78088.0
5514,20260918,87.59,92.31,3.27,10316.0
5515,20260918,63.26,71.3,15.19,11393.0
5516,20260918,60.51,70.82,10.79,1767.0
5519,20260918,51.16,57.22,28.46,18222.0
5520,20260918,73.58,83.79,4.81,1223.0
5521,20260918,52.84,59.63,23.04,62892.0
5522,20260918,85.9,88.23,7.36,17969.0
5523,20260918,89.24,92.5,3.09,2555.0
5524,20260918,11.6,30.78,35.33,3909.0
5525,20260918,84.14,88.41,5.23,4810.0
5529,20260918,68.05,73.79,10.85,11368.0
5530,20260918,79.43,83.14,8.86,11639.0
5531,20260918,83.46,86.0,7.43,14778.0
5532,20260918,5.88,31.03,21.35,820.0
5533,20260918,71.24,80.93,8.14,5548.0
5534,20260918,58.86,68.36,21.54,23019.0
5536,20260918,35.82,56.45,22.08,32759.0
5538,20260918,92.45,93.94,2.29,1300.0
5541,20260918,76.05,82.05,0.67,86.0
5543,20260918,50.34,73.31,7.4,1055.0
5546,20260918,76.1,84.09,5.68,1321.0
5547,20260918,58.82,67.46,12.1,1427.0
5548,20260918,58.19,64.99,16.51,2439.0
5601,20260918,47.23,79.68,4.94,866.0
5603,20260918,49.79,53.98,31.96,30045.0
5604,20260918,52.82,67.18,13.91,10906.0
5607,20260918,70.48,76.95,12.71,17008.0
5608,20260918,24.73,29.86,53.14,91389.0
5609,20260918,46.28,52.65,35.35,37843.0
5701,20260918,49.24,54.16,28.71,51585.0
5702,20260918,0.0,0.0,79.38,1936.0
5703,20260918,83.83,88.29,6.09,1937.0
5704,20260918,79.45,83.95,11.94,3375.0
5706,20260918,34.27,38.66,49.1,28277.0
5810,20260918,69.02,72.91,16.33,48611.0
5848,20260918,100.0,100.0,0.0,1.0
5859,20260918,96.13,96.81,1.23,3567.0
5863,20260918,77.08,81.46,9.83,27079.0
5864,20260918,60.77,68.46,15.05,15108.0
5867,20260918,100.0,100.0,0.0,1.0
5871,20260918,64.84,70.56,19.1,114497.0
5876,20260918,83.38,88.75,3.12,49990.0
5878,20260918,54.25,72.75,20.27,1789.0
5880,20260918,71.46,75.36,12.44,409528.0
5901,20260918,77.87,77.87,12.38,5001.0
5902,20260918,81.34,85.21,7.18,2583.0
5903,20260918,88.19,91.42,6.57,17316.0
5904,20260918,75.44,79.78,15.47,98740.0
5905,20260918,40.56,45.99,33.7,45784.0
5906,20260918,82.47,86.26,3.67,958.0
5907,20260918,64.12,69.01,15.57,5470.0
6005,20260918,66.88,70.4,18.22,118736.0
6015,20260918,44.28,51.28,27.68,73037.0
6016,20260918,45.04,51.34,26.51,79103.0
6020,20260918,96.26,96.91,1.66,1898.0
6021,20260918,86.97,91.14,3.69,4018.0
6023,20260918,80.96,84.23,9.43,18472.0
6024,20260918,65.6,69.66,20.12,17306.0
6026,20260918,41.56,51.13,26.92,43739.0
6027,20260918,93.72,95.65,1.47,830.0
6028,20260918,50.64,64.68,15.16,1568.0
6030,20260918,100.0,100.0,0.0,1.0
6031,20260918,100.0,100.0,0.0,1.0
6035,20260918,83.85,93.89,3.41,2285.0
6038,20260918,100.0,100.0,0.0,1.0
6039,20260918,100.0,100.0,0.0,1.0
6040,20260918,100.0,100.0,0.0,1.0
6101,20260918,78.64,88.12,6.98,3354.0
6103,20260918,83.83,90.69,7.52,3148.0
6104,20260918,12.26,19.35,61.74,56034.0
6107,20260918,34.7,40.96,34.1,5291.0
6108,20260918,49.33,56.28,25.0,51867.0
6109,20260918,36.59,49.45,26.0,34349.0
6110,20260918,7.19,18.44,36.48,2628.0
6111,20260918,40.57,45.69,40.91,45754.0
6112,20260918,55.63,58.75,32.67,34125.0
6113,20260918,52.17,53.24,33.66,8232.0
6114,20260918,65.48,72.79,16.53,5395.0
6115,20260918,56.05,60.23,28.14,14268.0
6116,20260918,40.49,43.08,44.67,364227.0
6117,20260918,49.94,55.35,34.41,13966.0
6118,20260918,51.7,56.69,31.79,8899.0
6120,20260918,55.29,59.31,25.48,59802.0
6121,20260918,48.33,66.44,17.1,19709.0
6122,20260918,23.04,32.93,47.18,35163.0
6123,20260918,33.34,43.87,37.72,10365.0
6124,20260918,92.35,93.76,5.78,8929.0
6125,20260918,30.62,35.11,53.65,91585.0
6126,20260918,32.47,36.93,47.78,70381.0
6127,20260918,16.65,21.12,66.91,74202.0
6128,20260918,54.75,60.54,23.0,7497.0
6129,20260918,12.85,16.42,65.69,32912.0
6130,20260918,48.99,65.25,17.41,29468.0
6131,20260918,29.63,41.19,32.66,5934.0
6132,20260918,15.68,35.5,34.91,4749.0
6133,20260918,42.96,50.85,35.41,22374.0
6134,20260918,48.45,55.1,31.58,17708.0
6135,20260918,34.27,38.45,34.96,7554.0
6136,20260918,34.69,47.03,35.97,44986.0
6137,20260918,26.71,38.83,34.49,11232.0
6138,20260918,33.96,46.6,36.14,31333.0
6139,20260918,51.72,62.26,24.82,55276.0
6140,20260918,34.47,45.4,43.98,9837.0
6141,20260918,38.46,50.38,33.03,18330.0
6142,20260918,51.55,58.69,23.13,46573.0
6143,20260918,17.65,26.1,61.05,55661.0
6144,20260918,89.54,89.54,8.54,1463.0
6146,20260918,41.82,54.25,25.8,20986.0
6147,20260918,60.64,65.38,27.81,154489.0
6148,20260918,33.68,35.2,48.44,28281.0
6149,20260918,35.09,39.03,37.75,3069.0
6150,20260918,12.01,16.22,68.96,39938.0
6151,20260918,22.5,35.61,39.44,19129.0
6152,20260918,16.52,24.29,50.72,40756.0
6153,20260918,40.76,46.62,35.61,80503.0
6154,20260918,54.44,63.35,25.17,10648.0
6155,20260918,48.65,52.57,37.5,15864.0
6156,20260918,32.83,39.54,38.66,38087.0
6158,20260918,32.85,42.07,37.17,36315.0
6160,20260918,29.99,38.76,44.19,48868.0
6161,20260918,35.28,40.82,41.93,23048.0
6162,20260918,43.9,52.0,26.39,3799.0
6163,20260918,35.21,43.87,40.49,46592.0
6164,20260918,14.76,22.56,52.06,46397.0
6165,20260918,38.38,50.95,25.54,41361.0
6166,20260918,65.94,74.09,15.42,16009.0
6167,20260918,36.49,43.69,34.53,25491.0
6168,20260918,49.12,52.2,36.48,32711.0
6169,20260918,26.44,31.09,51.39,40783.0
6170,20260918,54.92,57.86,29.99,33232.0
6171,20260918,78.37,87.48,6.38,2332.0
6172,20260918,85.37,91.42,7.05,1899.0
6173,20260918,58.98,65.19,28.67,54389.0
6174,20260918,56.73,62.92,28.08,9454.0
6175,20260918,57.4,61.14,32.06,22189.0
6176,20260918,34.02,43.21,40.79,61614.0
6177,20260918,67.61,75.94,12.44,20052.0
6179,20260918,40.35,50.22,30.11,48376.0
6180,20260918,46.53,50.85,40.54,57088.0
6181,20260918,7.17,12.14,49.34,3938.0
6182,20260918,22.9,26.66,63.19,240462.0
6183,20260918,71.05,77.44,10.82,37055.0
6184,20260918,67.84,72.17,16.34,7731.0
6185,20260918,37.53,49.95,29.08,46759.0
6186,20260918,48.62,53.37,29.06,61489.0
6187,20260918,30.64,52.6,24.25,52535.0
6188,20260918,36.84,42.49,45.2,68040.0
6189,20260918,24.45,35.2,49.72,63741.0
6190,20260918,26.9,35.73,51.74,60840.0
6191,20260918,53.4,58.11,32.56,80424.0
6192,20260918,45.52,55.73,23.1,8295.0
6193,20260918,56.69,61.39,25.44,8867.0
6194,20260918,39.23,57.41,23.89,4818.0
6195,20260918,52.4,54.09,36.96,11103.0
6196,20260918,65.84,70.28,17.26,33815.0
6197,20260918,35.79,44.47,44.28,51954.0
6198,20260918,93.58,94.58,3.1,6480.0
6199,20260918,79.08,83.76,7.44,1858.0
6201,20260918,61.43,69.11,21.34,5938.0
6202,20260918,34.46,41.27,45.49,56904.0
6203,20260918,52.21,59.22,33.79,10036.0
6204,20260918,25.64,29.71,63.85,22644.0
6205,20260918,39.45,45.21,39.87,12559.0
6206,20260918,45.46,54.87,29.57,16076.0
6207,20260918,7.86,15.65,72.48,68586.0
6208,20260918,52.09,65.45,25.61,12125.0
6209,20260918,30.01,37.85,51.14,62635.0
6210,20260918,36.44,54.11,29.23,3065.0
6212,20260918,86.12,91.83,2.5,964.0
6213,20260918,55.69,63.83,24.8,77758.0
6214,20260918,60.27,66.83,22.52,47789.0
6215,20260918,26.4,32.78,56.82,56140.0
6216,20260918,29.96,38.83,45.56,32397.0
6217,20260918,16.07,24.12,64.22,85490.0
6218,20260918,42.17,53.38,31.08,27770.0
6219,20260918,67.28,69.73,16.79,5797.0
6220,20260918,53.65,63.79,19.17,34517.0
6221,20260918,72.35,74.8,15.6,32316.0
6222,20260918,84.51,90.07,4.7,1838.0
6223,20260918,38.82,50.53,21.74,70560.0
6224,20260918,28.93,43.12,37.76,42001.0
6225,20260918,62.15,71.28,16.31,5571.0
6226,20260918,24.98,32.59,51.36,51912.0
6227,20260918,67.6,73.81,19.14,7093.0
6228,20260918,75.5,80.44,12.83,1852.0
6229,20260918,32.8,35.09,42.37,30475.0
6230,20260918,87.81,87.81,10.22,7502.0
6231,20260918,25.31,32.6,48.67,25627.0
6232,20260918,13.45,18.77,51.15,36850.0
6233,20260918,18.73,28.37,55.6,62027.0
6234,20260918,50.22,53.95,35.66,30728.0
6235,20260918,35.47,40.89,46.02,61076.0
6236,20260918,87.98,92.72,3.92,912.0
6237,20260918,12.7,18.81,65.47,72288.0
6239,20260918,56.13,61.77,29.7,187494.0
6240,20260918,70.93,85.27,7.54,1043.0
6241,20260918,52.92,56.69,26.22,5760.0
6242,20260918,55.47,63.71,22.84,3105.0
6243,20260918,17.67,20.77,67.44,59455.0
6244,20260918,26.23,32.25,50.39,94216.0
6245,20260918,41.6,45.1,35.86,19577.0
6246,20260918,53.99,62.99,23.98,32785.0
6248,20260918,43.62,48.91,34.15,32375.0
6249,20260918,0.0,14.82,45.61,207.0
6250,20260918,67.95,70.88,16.66,1161.0
6252,20260918,0.0,40.34,23.41,30.0
6253,20260918,0.0,0.0,56.41,452.0
6254,20260918,36.43,49.51,12.66,518.0
6256,20260918,0.0,0.0,81.68,456.0
6257,20260918,37.89,47.41,38.11,118281.0
6258,20260918,0.0,0.0,99.98,33.0
6259,20260918,41.09,42.78,40.24,9674.0
6261,20260918,30.67,39.99,46.44,54912.0
6262,20260918,16.81,28.67,42.86,1343.0
6263,20260918,40.96,44.11,40.45,11046.0
6264,20260918,67.49,71.82,12.71,4127.0
6265,20260918,37.61,44.05,41.31,37161.0
6266,20260918,31.6,38.84,39.9,45760.0
6267,20260918,0.0,0.0,99.98,11.0
6268,20260918,0.0,0.0,100.0,3.0
6269,20260918,25.29,32.02,51.27,82622.0
6270,20260918,36.56,40.98,44.21,33788.0
6271,20260918,40.38,48.94,38.22,65281.0
6272,20260918,34.8,50.64,29.01,5281.0
6274,20260918,53.87,63.31,24.49,123028.0
6275,20260918,23.41,29.64,53.28,36767.0
6276,20260918,48.78,50.92,41.42,29888.0
6277,20260918,43.65,57.83,29.22,9899.0
6278,20260918,52.11,62.62,26.87,43305.0
6279,20260918,38.66,47.35,36.53,19888.0
6280,20260918,99.95,99.95,0.04,172.0
6281,20260918,43.58,55.86,30.33,10323.0
6282,20260918,36.9,40.84,47.89,162261.0
6283,20260918,57.4,63.25,24.59,15194.0
6284,20260918,45.62,49.02,40.52,53747.0
6285,20260918,56.23,63.03,27.21,91094.0
6287,20260918,93.08,94.0,4.0,4209.0
6289,20260918,0.0,0.0,67.62,10246.0
6290,20260918,28.95,39.76,47.9,58765.0
6291,20260918,62.85,62.85,21.4,10955.0
6292,20260918,39.72,46.92,38.68,6882.0
6293,20260918,0.0,0.0,99.99,12.0
6294,20260918,33.46,37.3,49.99,12154.0
6295,20260918,0.0,22.33,48.42,348.0
6296,20260918,0.0,0.0,41.67,13.0
6297,20260918,99.9,99.9,0.08,21.0
6299,20260918,98.35,98.35,1.26,123.0
6402,20260918,48.9,64.01,13.77,2012.0
6403,20260918,41.54,41.54,31.16,2578.0
6404,20260918,63.48,67.09,20.2,9031.0
6405,20260918,37.41,52.2,28.79,6577.0
6406,20260918,53.35,58.18,18.91,1072.0
6407,20260918,30.16,37.38,36.61,5802.0
6409,20260918,53.3,67.11,16.03,18224.0
6411,20260918,21.8,34.57,45.99,56145.0
6412,20260918,74.21,78.01,15.63,23875.0
6414,20260918,48.28,62.42,20.25,20570.0
6415,20260918,65.12,79.42,8.13,27400.0
6416,20260918,37.88,48.16,31.29,22555.0
6417,20260918,54.18,68.53,10.3,1586.0
6418,20260918,52.61,57.38,23.71,2353.0
6419,20260918,32.17,39.98,40.95,27117.0
6423,20260918,23.04,40.79,32.31,3289.0
6425,20260918,34.27,43.29,44.76,9440.0
6426,20260918,38.79,50.27,27.44,17474.0
6427,20260918,100.0,100.0,0.0,1.0
6428,20260918,89.36,91.64,5.16,977.0
6429,20260918,11.88,38.13,26.5,268.0
6431,20260918,65.33,70.77,12.13,17633.0
6432,20260918,16.62,31.05,55.92,36173.0
6434,20260918,83.97,85.2,10.26,9034.0
6435,20260918,48.37,52.73,36.7,10391.0
6436,20260918,98.56,98.56,0.71,17.0
6437,20260918,40.87,65.0,13.12,403.0
6438,20260918,21.78,33.84,48.67,46105.0
6441,20260918,41.86,45.19,41.26,35100.0
6442,20260918,37.99,54.35,28.13,68594.0
6443,20260918,13.27,16.32,71.49,157637.0
6446,20260918,42.44,56.95,22.58,71575.0
6449,20260918,62.0,71.18,19.58,32710.0
6451,20260918,59.72,64.25,27.59,33897.0
6452,20260918,30.51,39.23,42.62,11638.0
6453,20260918,0.0,0.0,73.36,621.0
6455,20260918,51.48,68.48,11.11,563.0
6456,20260918,45.79,50.07,36.42,35651.0
6458,20260918,63.74,65.25,17.03,2714.0
6461,20260918,52.73,60.43,21.26,8398.0
6462,20260918,20.62,31.11,53.58,46650.0
6464,20260918,79.66,86.17,4.43,2164.0
6465,20260918,55.17,63.41,18.32,3253.0
6467,20260918,21.86,30.09,40.25,5910.0
6468,20260918,98.55,98.55,1.42,162.0
6469,20260918,40.8,47.69,39.06,29660.0
6470,20260918,40.01,41.81,48.21,27256.0
6471,20260918,0.0,0.0,93.15,359.0
6472,20260918,45.53,56.16,32.73,31192.0
6473,20260918,64.55,77.28,7.82,9752.0
6474,20260918,44.6,67.25,12.17,1618.0
6475,20260918,56.66,73.13,13.53,928.0
6477,20260918,37.23,40.63,45.85,30237.0
6479,20260918,79.32,86.79,5.23,876.0
6481,20260918,91.6,96.01,1.46,107.0
6482,20260918,65.78,67.6,23.37,2052.0
6483,20260918,18.76,43.7,18.05,17119.0
6484,20260918,100.0,100.0,0.0,1.0
6485,20260918,19.1,25.86,53.59,40973.0
6486,20260918,40.5,43.16,41.35,30406.0
6488,20260918,69.14,76.51,14.03,117277.0
6489,20260918,36.92,62.98,9.38,278.0
6490,20260918,64.16,70.62,9.29,425.0
6491,20260918,52.2,64.59,19.35,9219.0
6492,20260918,34.02,38.8,38.1,47279.0
6493,20260918,80.37,80.37,10.71,1069.0
6494,20260918,5.22,16.88,55.72,38293.0
6495,20260918,43.12,52.59,22.38,12152.0
6496,20260918,62.53,65.96,25.73,10154.0
6497,20260918,96.46,97.19,2.38,1556.0
6498,20260918,54.69,67.44,20.13,6791.0
6499,20260918,36.27,41.73,32.23,7738.0
6502,20260918,90.96,90.96,1.33,134.0
6503,20260918,80.41,80.41,5.64,77.0
6504,20260918,64.54,70.73,19.46,5119.0
6505,20260918,95.45,95.96,2.86,89833.0
6506,20260918,44.06,61.47,18.84,4256.0
6508,20260918,59.77,61.98,31.37,15055.0
6509,20260918,28.52,36.87,44.77,55823.0
6510,20260918,43.97,56.01,20.14,17070.0
6511,20260918,57.36,72.03,10.0,642.0
6512,20260918,17.69,36.02,27.22,6623.0
6515,20260918,36.3,49.47,22.41,47392.0
6516,20260918,43.18,53.4,24.91,3710.0
6517,20260918,17.96,19.69,57.81,22270.0
6518,20260918,74.1,84.49,7.22,516.0
6523,20260918,61.69,63.08,29.86,6145.0
6525,20260918,59.06,67.84,20.94,13383.0
6526,20260918,76.25,78.72,13.3,20794.0
6527,20260918,34.29,45.17,21.12,2126.0
6529,20260918,41.45,71.81,11.28,399.0
6530,20260918,8.93,15.35,62.98,35971.0
6531,20260918,51.81,64.81,18.01,44831.0
6532,20260918,18.46,35.27,42.93,29542.0
6533,20260918,15.87,19.69,61.32,35143.0
6534,20260918,76.76,84.22,7.94,1918.0
6535,20260918,55.97,64.09,19.25,10894.0
6538,20260918,23.61,52.32,23.54,36755.0
6539,20260918,75.51,85.23,6.52,1012.0
6540,20260918,98.57,99.05,0.41,131.0
6541,20260918,65.58,70.91,16.65,11984.0
6542,20260918,77.61,84.71,7.44,885.0
6543,20260918,49.8,66.39,6.22,12315.0
6545,20260918,37.79,44.15,35.93,1238.0
6546,20260918,29.91,41.21,42.45,12452.0
6547,20260918,28.74,35.8,36.68,50051.0
6548,20260918,85.04,87.57,8.74,29654.0
6549,20260918,16.14,31.44,31.83,25459.0
6550,20260918,73.07,76.61,13.84,25370.0
6551,20260918,79.32,83.69,8.96,1188.0
6552,20260918,55.76,58.37,30.68,7645.0
6555,20260918,64.58,69.52,17.98,4533.0
6556,20260918,63.65,77.44,13.0,1412.0
6558,20260918,38.61,41.7,47.49,46853.0
6559,20260918,31.62,52.92,32.04,1894.0
6560,20260918,32.29,40.51,33.99,3355.0
6561,20260918,70.07,72.86,16.14,7159.0
6562,20260918,50.33,52.76,30.17,11455.0
6563,20260918,10.33,31.47,23.6,1137.0
6564,20260918,59.59,65.05,22.74,3664.0
6565,20260918,28.73,39.95,21.17,1184.0
6566,20260918,79.36,84.51,7.61,663.0
6567,20260918,80.22,88.54,4.29,630.0
6568,20260918,29.94,41.91,36.26,24752.0
6569,20260918,60.79,68.08,21.17,4159.0
6570,20260918,29.84,44.65,36.21,7987.0
6572,20260918,64.99,68.78,18.9,4296.0
6573,20260918,59.23,64.22,27.06,5922.0
6574,20260918,75.44,79.53,13.0,2906.0
6575,20260918,51.06,54.4,22.85,6887.0
6576,20260918,60.81,67.82,16.49,30177.0
6577,20260918,68.34,74.0,17.3,3750.0
6578,20260918,57.44,64.36,20.47,18694.0
6579,20260918,82.48,84.43,10.45,7858.0
6580,20260918,44.53,57.79,19.58,3859.0
6581,20260918,86.88,90.0,5.02,2296.0
6582,20260918,71.21,74.26,17.68,9162.0
6583,20260918,53.46,82.44,6.95,313.0
6584,20260918,62.72,74.55,17.98,14615.0
6585,20260918,72.39,75.86,15.71,4415.0
6586,20260918,56.11,62.3,20.31,29257.0
6587,20260918,100.0,100.0,0.0,1.0
6588,20260918,18.13,24.08,52.13,41087.0
6589,20260918,50.25,57.85,26.82,22779.0
6590,20260918,28.77,56.87,23.35,2330.0
6591,20260918,20.08,25.61,55.19,44575.0
6592,20260918,75.7,79.81,13.44,25164.0
6593,20260918,29.85,45.96,43.31,34810.0
6595,20260918,57.3,80.57,4.78,8939.0
6596,20260918,22.73,26.8,58.45,17200.0
6597,20260918,72.45,81.19,8.46,928.0
6598,20260918,37.26,53.67,23.7,37012.0
6599,20260918,71.03,76.44,7.15,297.0
6601,20260918,84.46,86.87,4.94,361.0
6602,20260918,0.0,0.0,95.63,404.0
6603,20260918,39.04,54.51,27.65,24205.0
6604,20260918,78.45,84.21,7.99,996.0
6605,20260918,58.37,67.26,20.36,15750.0
6606,20260918,61.06,70.65,12.59,9541.0
6607,20260918,76.22,81.0,7.14,68.0
6608,20260918,93.72,96.78,2.6,313.0
6609,20260918,55.77,58.78,31.53,9455.0
6610,20260918,79.01,81.22,9.67,3676.0
6611,20260918,91.68,91.68,8.3,459.0
6612,20260918,44.56,64.92,18.13,2747.0
6613,20260918,55.52,59.44,28.93,10916.0
6614,20260918,73.63,74.21,17.0,3967.0
6615,20260918,35.88,51.51,36.1,5217.0
6616,20260918,53.92,62.11,19.96,1551.0
6617,20260918,59.79,67.6,18.55,7126.0
6618,20260918,17.46,27.91,37.46,35540.0
6620,20260918,50.19,63.76,19.01,19332.0
6621,20260918,23.52,36.84,35.79,32182.0
6622,20260918,53.34,65.39,10.85,923.0
6624,20260918,59.54,74.14,11.43,857.0
6625,20260918,44.07,49.61,34.22,10468.0
6626,20260918,59.56,77.35,10.84,424.0
6627,20260918,65.81,77.55,4.79,267.0
6629,20260918,79.95,84.02,6.49,945.0
6633,20260918,95.66,95.66,4.32,1367.0
6634,20260918,51.25,66.18,16.69,2237.0
6635,20260918,100.0,100.0,0.0,1.0
6637,20260918,53.8,59.22,32.01,3344.0
6638,20260918,56.74,70.5,15.97,1137.0
6639,20260918,59.55,71.49,9.45,913.0
6640,20260918,63.77,65.67,22.18,13343.0
6641,20260918,49.83,60.24,19.34,1982.0
6642,20260918,46.24,58.8,20.99,3236.0
6643,20260918,33.41,37.21,48.49,22811.0
6645,20260918,26.16,43.81,29.03,6613.0
6648,20260918,54.02,68.03,16.18,9199.0
6649,20260918,35.26,53.52,19.48,18407.0
6650,20260918,61.87,80.17,5.89,481.0
6651,20260918,32.44,51.82,22.54,3443.0
6652,20260918,69.5,79.07,6.97,1689.0
6653,20260918,95.45,95.45,1.16,282.0
6654,20260918,71.17,78.39,8.05,3381.0
6655,20260918,76.44,86.12,3.98,978.0
6656,20260918,82.4,90.33,1.71,66.0
6657,20260918,21.76,35.43,33.92,15835.0
6658,20260918,31.49,43.26,35.85,10944.0
6659,20260918,70.62,80.63,7.23,1122.0
6660,20260918,100.0,100.0,0.0,1.0
6661,20260918,61.9,66.09,17.12,1286.0
6662,20260918,40.18,47.67,18.14,4668.0
6664,20260918,36.54,54.89,32.21,17235.0
6665,20260918,59.37,65.83,18.9,1826.0
6666,20260918,77.96,78.82,12.99,2183.0
6667,20260918,50.43,54.9,36.25,13156.0
6668,20260918,52.32,54.36,32.23,14438.0
6669,20260918,53.3,63.05,20.31,177902.0
6670,20260918,65.51,78.43,8.8,5990.0
6671,20260918,56.6,75.15,10.01,1385.0
6672,20260918,17.61,32.53,55.11,55432.0
6673,20260918,25.42,30.57,51.97,3107.0
6674,20260918,81.38,84.27,9.92,1778.0
6676,20260918,55.07,61.5,16.7,4356.0
6677,20260918,57.04,63.98,17.39,1933.0
6679,20260918,43.83,53.02,25.61,7129.0
6680,20260918,63.64,71.58,10.68,928.0
6681,20260918,0.0,0.0,100.0,7.0
6682,20260918,47.7,53.09,30.18,11158.0
6683,20260918,11.24,22.06,42.07,30044.0
6684,20260918,31.51,36.65,50.66,23854.0
6688,20260918,49.8,73.88,6.1,197.0
6689,20260918,33.95,49.07,38.59,10300.0
6690,20260918,59.73,59.73,30.93,5563.0
6691,20260918,54.27,67.79,18.21,18075.0
6692,20260918,61.91,71.75,13.27,2112.0
6693,20260918,31.39,40.57,30.75,6851.0
6695,20260918,45.07,49.52,34.29,22676.0
6696,20260918,52.27,63.39,14.71,29720.0
6697,20260918,61.11,66.75,24.74,2194.0
6698,20260918,31.08,38.34,40.39,35852.0
6699,20260918,75.24,85.49,4.23,762.0
6701,20260918,97.98,97.98,1.33,758.0
6702,20260918,75.46,79.73,8.7,11477.0
6703,20260918,38.72,51.31,36.71,23340.0
6704,20260918,32.39,44.77,22.78,3567.0
6705,20260918,54.99,73.6,9.63,656.0
6706,20260918,15.35,24.54,55.24,50048.0
6707,20260918,71.73,80.07,10.15,1495.0
6708,20260918,42.81,53.49,27.24,2279.0
6709,20260918,53.12,64.28,15.14,1949.0
6712,20260918,31.11,40.15,38.14,29002.0
6713,20260918,37.76,60.25,16.73,885.0
6715,20260918,65.47,75.11,11.29,6120.0
6716,20260918,22.24,34.82,27.05,3211.0
6717,20260918,56.28,75.04,9.57,427.0
6719,20260918,43.05,48.93,38.86,26707.0
6720,20260918,25.49,58.13,14.98,1362.0
6721,20260918,37.77,50.55,19.81,1641.0
6722,20260918,74.1,76.79,11.77,2556.0
6723,20260918,42.18,58.68,19.77,1230.0
6724,20260918,62.32,62.32,19.72,1841.0
6725,20260918,58.66,64.52,23.89,6397.0
6726,20260918,100.0,100.0,0.0,1.0
6727,20260918,4.8,25.87,38.91,40455.0
6728,20260918,59.01,63.32,23.32,2898.0
6729,20260918,31.19,47.9,22.26,1500.0
6730,20260918,60.56,74.31,9.41,994.0
6731,20260918,99.44,99.44,0.54,186.0
6732,20260918,46.31,49.43,39.58,9478.0
6733,20260918,40.25,48.7,28.48,7302.0
6734,20260918,46.05,59.48,20.82,2204.0
6735,20260918,35.59,48.6,28.31,5214.0
6736,20260918,93.39,93.39,3.5,850.0
6737,20260918,76.41,80.84,10.39,1365.0
6738,20260918,45.89,66.63,8.55,535.0
6739,20260918,48.11,57.36,28.13,11079.0
6741,20260918,58.33,70.09,17.66,6760.0
6742,20260918,25.94,35.04,42.86,41114.0
6743,20260918,58.02,64.02,22.49,8976.0
6744,20260918,52.96,65.84,10.71,418.0
6746,20260918,97.59,99.59,0.4,6.0
6748,20260918,26.77,35.2,35.96,6909.0
6749,20260918,100.0,100.0,0.0,1.0
6750,20260918,40.28,59.14,19.17,1843.0
6751,20260918,56.93,64.69,26.37,2414.0
6752,20260918,21.07,47.77,21.75,3707.0
6753,20260918,51.34,58.74,28.69,17112.0
6754,20260918,81.35,83.1,11.85,2192.0
6755,20260918,40.99,53.73,15.18,1238.0
6756,20260918,58.12,62.46,27.27,8283.0
6757,20260918,72.94,75.01,19.95,134836.0
6758,20260918,74.89,81.83,5.72,250.0
6760,20260918,100.0,100.0,0.0,1.0
6761,20260918,29.93,39.02,41.67,12952.0
6762,20260918,61.86,77.6,8.95,911.0
6763,20260918,57.3,61.53,30.7,18067.0
6764,20260918,98.27,98.27,1.38,255.0
6767,20260918,51.86,59.3,18.85,1465.0
6768,20260918,76.18,81.88,11.07,7066.0
6770,20260918,42.6,47.18,40.0,669631.0
6771,20260918,18.13,43.2,27.8,1766.0
6772,20260918,96.66,98.74,0.2,9.0
6775,20260918,56.44,62.65,17.13,4191.0
6776,20260918,61.35,66.67,23.99,7465.0
6778,20260918,100.0,100.0,0.0,1.0
6779,20260918,100.0,100.0,0.0,1.0
6780,20260918,53.37,83.42,4.65,237.0
6781,20260918,67.69,70.04,21.1,28463.0
6782,20260918,35.54,51.63,18.5,6282.0
6784,20260918,30.34,51.19,21.61,895.0
6785,20260918,54.52,60.95,19.98,4453.0
6786,20260918,0.0,9.05,59.17,17433.0
6787,20260918,9.83,24.58,43.79,19693.0
6788,20260918,14.22,21.84,56.79,27976.0
6789,20260918,69.2,72.3,20.18,54278.0
6790,20260918,75.33,78.57,13.76,11106.0
6791,20260918,56.02,74.26,17.55,1962.0
6792,20260918,48.08,53.89,28.62,3987.0
6793,20260918,22.4,39.08,30.06,23749.0
6794,20260918,67.21,78.61,7.37,1148.0
6796,20260918,33.96,47.42,27.64,3016.0
6797,20260918,29.99,48.8,36.8,26743.0
6798,20260918,55.68,73.35,5.42,5881.0
6799,20260918,21.07,32.31,49.66,30264.0
6803,20260918,54.28,56.34,36.84,14712.0
6804,20260918,47.17,64.22,16.7,2182.0
6805,20260918,51.27,63.53,14.48,18357.0
6806,20260918,58.45,60.24,30.77,30964.0
6807,20260918,73.55,81.42,7.41,970.0
6808,20260918,44.16,54.25,17.22,2201.0
6810,20260918,21.39,35.37,28.08,25163.0
6811,20260918,61.94,66.41,21.77,5353.0
6812,20260918,26.29,40.99,33.05,7335.0
6813,20260918,48.86,62.5,17.21,633.0
6814,20260918,73.55,82.81,7.17,728.0
6815,20260918,49.84,67.2,13.89,8314.0
6816,20260918,61.98,70.99,13.99,434.0
6817,20260918,54.89,54.89,26.12,1097.0
6818,20260918,55.91,66.5,19.59,1383.0
6819,20260918,41.13,56.28,18.1,1287.0
6820,20260918,71.9,71.9,14.97,1613.0
6821,20260918,39.67,51.96,31.07,3921.0
6822,20260918,100.0,100.0,0.0,1.0
6823,20260918,50.99,55.26,25.1,2491.0
6824,20260918,100.0,100.0,0.0,1.0
6825,20260918,61.71,73.37,8.69,586.0
6826,20260918,68.07,74.68,15.03,7054.0
6827,20260918,49.26,62.27,12.35,1502.0
6829,20260918,63.0,66.11,23.25,11013.0
6830,20260918,17.64,31.03,46.79,26051.0
6831,20260918,37.85,57.79,18.3,11652.0
6832,20260918,82.84,86.1,8.0,3574.0
6833,20260918,79.3,85.79,7.92,903.0
6834,20260918,47.8,60.84,26.91,11749.0
6835,20260918,68.85,78.78,11.11,2111.0
6837,20260918,41.11,59.15,16.33,1001.0
6838,20260918,54.11,61.45,19.96,6731.0
6839,20260918,74.27,80.58,4.91,902.0
6840,20260918,37.6,53.41,22.25,1964.0
6841,20260918,37.03,47.6,36.8,11958.0
6842,20260918,27.41,39.35,33.83,2152.0
6843,20260918,55.9,76.75,14.49,1214.0
6844,20260918,55.96,63.45,16.96,3345.0
6846,20260918,64.19,66.78,17.83,1470.0
6847,20260918,19.67,55.89,21.26,638.0
6848,20260918,29.84,52.95,17.35,525.0
6849,20260918,37.37,48.23,31.04,6117.0
6850,20260918,41.06,60.65,13.12,926.0
6851,20260918,100.0,100.0,0.0,1.0
6854,20260918,54.65,64.98,19.11,6114.0
6855,20260918,41.79,61.33,12.59,1987.0
6856,20260918,74.28,83.6,8.76,938.0
6857,20260918,94.62,94.62,2.7,417.0
6858,20260918,82.2,89.89,5.25,336.0
6859,20260918,55.88,64.46,16.9,2525.0
6861,20260918,48.55,48.55,34.28,13442.0
6862,20260918,68.91,69.86,22.31,6327.0
6863,20260918,72.27,75.57,15.39,4473.0
6864,20260918,12.23,37.11,24.44,4230.0
6865,20260918,36.26,50.68,26.79,1401.0
6866,20260918,99.73,99.73,0.0,2.0
6867,20260918,78.62,86.42,7.53,811.0
6868,20260918,27.27,55.37,9.68,491.0
6869,20260918,45.88,55.03,33.22,20706.0
6870,20260918,60.15,73.76,11.62,2446.0
6872,20260918,42.9,57.56,21.34,2915.0
6873,20260918,53.86,62.14,23.99,11606.0
6874,20260918,39.58,53.6,29.27,2886.0
6875,20260918,52.59,61.35,19.15,4751.0
6876,20260918,16.73,31.69,25.78,20199.0
6877,20260918,58.97,74.5,13.24,3225.0
6878,20260918,84.69,88.93,5.67,1112.0
6879,20260918,80.25,89.17,3.42,350.0
6881,20260918,49.96,57.92,12.02,952.0
6882,20260918,31.49,59.1,18.41,818.0
6883,20260918,80.38,87.72,4.25,689.0
6884,20260918,69.21,73.01,16.3,1312.0
6885,20260918,22.46,36.85,34.18,22439.0
6886,20260918,84.94,90.03,4.06,14392.0
6887,20260918,82.02,91.81,3.78,858.0
6890,20260918,91.97,92.24,5.4,7466.0
6891,20260918,73.74,77.01,13.31,5739.0
6892,20260918,36.89,56.8,15.58,2588.0
6894,20260918,55.07,60.99,17.42,2781.0
6895,20260918,50.99,61.05,21.81,2866.0
6897,20260918,100.0,100.0,0.0,1.0
6898,20260918,45.84,59.19,18.06,1565.0
6899,20260918,61.26,80.06,12.0,1979.0
6901,20260918,80.53,82.61,10.81,23692.0
6902,20260918,58.93,70.35,11.1,6816.0
6903,20260918,65.51,68.08,22.6,9782.0
6904,20260918,64.36,79.9,5.29,599.0
6905,20260918,100.0,100.0,0.0,2.0
6906,20260918,47.8,57.9,27.31,3391.0
6907,20260918,62.26,65.22,23.9,7347.0
6908,20260918,86.39,86.39,7.98,1186.0
6909,20260918,20.73,37.83,37.52,12820.0
6910,20260918,49.55,57.05,20.77,1587.0
6911,20260918,44.33,61.89,15.23,939.0
6912,20260918,69.43,77.04,8.67,2014.0
6913,20260918,42.24,53.96,19.34,4253.0
6914,20260918,67.03,72.14,16.15,4555.0
6915,20260918,84.8,88.44,9.01,1126.0
6916,20260918,72.7,78.98,10.86,2071.0
6917,20260918,28.68,43.12,25.87,2555.0
6918,20260918,27.66,48.97,22.45,2008.0
6919,20260918,66.99,73.19,14.79,66259.0
6920,20260918,57.0,62.89,22.25,12269.0
6921,20260918,75.17,78.02,12.08,876.0
6922,20260918,56.68,62.9,19.36,3088.0
6923,20260918,55.25,69.7,13.74,3478.0
6924,20260918,73.08,82.21,8.15,599.0
6925,20260918,41.69,60.42,30.65,3029.0
6926,20260918,60.92,80.75,5.85,688.0
6927,20260918,52.75,67.91,14.98,1294.0
6928,20260918,76.07,79.69,14.34,4327.0
6929,20260918,86.91,89.57,7.86,1539.0
6930,20260918,100.0,100.0,0.0,1.0
6931,20260918,49.75,70.05,13.6,3340.0
6932,20260918,74.55,80.46,8.61,5269.0
6933,20260918,60.09,66.73,18.1,4496.0
6934,20260918,57.46,65.87,15.71,1576.0
6935,20260918,72.81,82.34,6.62,579.0
6936,20260918,64.77,76.19,14.42,3781.0
6937,20260918,54.42,63.81,21.84,8453.0
6938,20260918,54.14,67.01,11.23,666.0
6939,20260918,56.07,63.07,11.29,662.0
6940,20260918,39.84,54.41,18.43,9252.0
6942,20260918,100.0,100.0,0.0,1.0
6943,20260918,100.0,100.0,0.0,1.0
6944,20260918,36.28,55.28,20.59,17379.0
6945,20260918,52.32,62.99,20.28,5565.0
6946,20260918,90.82,93.89,2.7,1890.0
6947,20260918,60.13,70.28,16.72,5655.0
6949,20260918,89.42,93.14,2.5,8269.0
6950,20260918,89.71,95.79,1.38,435.0
6951,20260918,63.9,66.23,19.6,4542.0
6952,20260918,79.94,86.87,8.47,2413.0
6953,20260918,56.2,63.56,19.54,3114.0
6954,20260918,100.0,100.0,0.0,1.0
6955,20260918,49.64,60.3,7.78,513.0
6957,20260918,54.12,72.13,8.8,1872.0
6958,20260918,93.04,94.17,3.22,3393.0
6959,20260918,33.17,40.77,29.69,4016.0
6961,20260918,33.34,44.48,30.32,3764.0
6962,20260918,46.53,52.71,29.24,32778.0
6963,20260918,85.35,87.95,3.34,207.0
6965,20260918,91.01,92.49,3.93,2336.0
6967,20260918,39.25,65.44,19.06,1738.0
6968,20260918,44.13,58.77,21.62,3511.0
6969,20260918,40.67,53.73,18.95,1741.0
6971,20260918,61.37,73.78,16.55,1621.0
6972,20260918,63.73,83.82,5.06,355.0
6973,20260918,41.45,67.8,10.52,882.0
6976,20260918,73.74,80.55,8.15,5978.0
6977,20260918,15.91,39.13,29.91,1818.0
6978,20260918,98.31,98.31,1.31,35.0
6979,20260918,39.6,59.53,10.55,432.0
6980,20260918,72.41,77.37,16.23,2341.0
6982,20260918,53.53,65.02,21.69,2747.0
6983,20260918,16.01,43.49,26.31,3340.0
6984,20260918,27.71,56.57,9.28,343.0
6985,20260918,100.0,100.0,0.0,1.0
6986,20260918,36.71,49.34,16.98,1942.0
6987,20260918,86.94,90.56,3.07,1146.0
6988,20260918,64.86,78.58,6.18,456.0
6990,20260918,76.26,82.27,14.64,5577.0
6991,20260918,100.0,100.0,0.0,1.0
6992,20260918,43.34,72.86,6.13,464.0
6993,20260918,100.0,100.0,0.0,1.0
6994,20260918,36.98,44.99,35.83,6872.0
6995,20260918,28.93,45.64,18.01,3715.0
6996,20260918,55.68,61.16,17.58,2460.0
6997,20260918,77.74,82.26,9.23,747.0
6999,20260918,57.3,77.34,4.81,257.0
7402,20260918,26.96,34.35,46.51,21153.0
7415,20260918,33.05,61.7,11.6,2527.0
7418,20260918,85.31,96.14,0.57,260.0
7419,20260918,39.37,49.48,33.97,4706.0
7421,20260918,0.0,0.0,69.71,537.0
7422,20260918,78.47,82.47,7.87,241.0
7426,20260918,100.0,100.0,0.0,1.0
7427,20260918,19.64,31.03,42.74,5171.0
7443,20260918,73.22,82.47,6.25,348.0
7452,20260918,87.89,87.89,9.29,109.0
7455,20260918,73.87,82.75,5.51,267.0
7507,20260918,70.21,78.25,6.56,1115.0
7516,20260918,14.79,36.61,40.66,24233.0
7530,20260918,45.99,54.7,29.47,3392.0
7547,20260918,66.12,73.11,18.04,2011.0
7551,20260918,42.93,56.65,13.71,441.0
7555,20260918,86.14,87.67,5.7,417.0
7556,20260918,54.58,64.38,20.12,2695.0
7558,20260918,22.51,52.37,17.52,813.0
7561,20260918,55.15,60.63,10.67,735.0
7562,20260918,63.04,76.4,7.04,279.0
7566,20260918,55.01,66.92,12.45,7897.0
7570,20260918,100.0,100.0,0.0,1.0
7575,20260918,32.69,52.1,12.02,559.0
7578,20260918,44.44,64.56,15.15,1757.0
7583,20260918,72.97,88.29,7.11,457.0
7584,20260918,51.83,71.29,17.04,970.0
7590,20260918,77.3,82.05,10.09,2525.0
7595,20260918,45.91,72.12,8.66,824.0
7607,20260918,62.37,71.95,7.79,675.0
7610,20260918,39.66,50.04,33.75,21976.0
7631,20260918,52.83,71.78,15.55,1243.0
7642,20260918,78.35,80.03,14.75,2052.0
7660,20260918,100.0,100.0,0.0,1.0
7669,20260918,4.94,32.84,26.83,3670.0
7686,20260918,85.86,87.82,5.03,1841.0
7689,20260918,81.71,84.52,11.31,7706.0
7702,20260918,87.96,92.71,2.17,354.0
7703,20260918,46.66,59.08,26.2,4314.0
7704,20260918,42.11,59.63,16.53,1609.0
7705,20260918,61.81,68.85,20.62,13787.0
7706,20260918,91.29,91.29,4.77,241.0
7707,20260918,39.85,46.48,23.02,3288.0
7708,20260918,61.96,63.59,21.87,3002.0
7709,20260918,77.39,79.43,14.22,2655.0
7710,20260918,97.54,99.02,0.8,309.0
7711,20260918,52.68,61.18,21.31,9622.0
7712,20260918,35.55,53.63,24.74,4433.0
7713,20260918,78.28,84.76,4.91,764.0
7714,20260918,47.95,66.63,23.61,2779.0
7715,20260918,39.76,56.05,23.41,2106.0
7716,20260918,66.12,82.58,8.06,547.0
7717,20260918,35.38,51.39,30.32,9697.0
7718,20260918,65.72,78.27,9.2,1027.0
7719,20260918,11.31,20.73,53.07,16140.0
7720,20260918,100.0,100.0,0.0,1.0
7721,20260918,52.76,60.8,19.03,3480.0
7722,20260918,83.64,84.98,13.25,20613.0
7723,20260918,47.21,56.43,26.91,4402.0
7724,20260918,70.85,84.3,4.59,298.0
7725,20260918,79.54,84.13,3.85,299.0
7726,20260918,80.37,87.24,3.94,181.0
7728,20260918,45.73,57.12,27.46,3373.0
7729,20260918,45.32,56.48,20.29,17159.0
7730,20260918,60.72,69.92,11.46,1209.0
7731,20260918,67.42,71.96,13.07,9024.0
7732,20260918,84.44,88.91,4.89,875.0
7734,20260918,67.31,71.73,16.08,14138.0
7735,20260918,87.5,92.97,3.52,2774.0
7736,20260918,76.73,84.69,7.62,1564.0
7737,20260918,56.78,77.83,6.75,372.0
7738,20260918,32.17,57.71,14.32,1663.0
7740,20260918,54.1,64.57,17.81,2834.0
7742,20260918,65.0,68.98,24.63,7319.0
7743,20260918,57.39,74.67,8.94,926.0
7744,20260918,61.78,75.52,10.88,2480.0
7745,20260918,56.71,71.13,16.38,546.0
7746,20260918,92.41,95.51,1.11,27.0
7747,20260918,76.63,79.92,5.1,953.0
7748,20260918,50.07,68.37,5.49,212.0
7749,20260918,28.99,46.73,26.38,7963.0
7750,20260918,61.59,75.29,10.27,11126.0
7751,20260918,36.95,46.66,20.56,10641.0
7752,20260918,81.66,86.11,5.3,2205.0
7753,20260918,65.34,74.15,15.43,2360.0
7754,20260918,56.35,70.26,10.36,1795.0
7756,20260918,59.42,70.83,3.5,263.0
7757,20260918,40.98,59.28,20.46,2627.0
7758,20260918,80.09,83.4,5.56,377.0
7759,20260918,73.5,80.94,7.46,1022.0
7760,20260918,49.88,65.12,8.91,1494.0
7761,20260918,34.23,49.32,19.32,1435.0
7762,20260918,39.54,55.34,13.73,1432.0
7763,20260918,76.51,82.08,9.36,2901.0
7764,20260918,68.92,81.51,8.22,777.0
7765,20260918,56.68,60.46,22.56,6158.0
7767,20260918,55.7,71.61,13.19,1091.0
7768,20260918,55.54,64.19,17.11,6529.0
7769,20260918,56.92,67.23,12.7,59892.0
7770,20260918,62.44,74.26,10.45,1090.0
7771,20260918,75.7,82.1,6.7,516.0
7772,20260918,52.82,56.09,31.64,5265.0
7773,20260918,42.81,57.6,15.28,986.0
7775,20260918,100.0,100.0,0.0,1.0
7776,20260918,63.72,74.56,11.52,1081.0
7777,20260918,59.53,64.46,26.1,19114.0
7779,20260918,56.73,66.95,7.01,369.0
7780,20260918,73.52,75.57,18.44,43370.0
7781,20260918,69.03,73.14,14.24,17570.0
7782,20260918,65.8,76.05,13.69,1111.0
7783,20260918,89.51,91.8,3.58,1166.0
7784,20260918,82.12,87.43,5.34,1452.0
7785,20260918,72.06,85.54,3.23,221.0
7786,20260918,77.76,82.46,11.47,6395.0
7788,20260918,55.71,69.26,13.8,8443.0
7789,20260918,42.62,71.34,2.63,177.0
7790,20260918,32.02,70.29,8.97,397.0
7791,20260918,70.07,80.08,12.3,4655.0
7792,20260918,62.01,69.38,16.92,3954.0
7793,20260918,100.0,100.0,0.0,1.0
7794,20260918,71.58,81.49,12.19,1247.0
7795,20260918,64.73,70.35,15.17,16857.0
7796,20260918,45.59,57.25,28.52,2343.0
7797,20260918,62.68,79.3,10.92,694.0
7798,20260918,88.66,94.74,1.36,782.0
7799,20260918,70.56,79.57,12.2,11548.0
7801,20260918,67.37,70.43,20.37,1279.0
7803,20260918,70.37,79.32,11.68,2092.0
7805,20260918,68.65,70.43,18.67,4531.0
7806,20260918,58.33,77.28,5.54,347.0
7808,20260918,76.94,77.96,10.79,1073.0
7810,20260918,36.34,46.8,28.1,3189.0
7811,20260918,65.17,73.26,9.91,1246.0
7812,20260918,53.06,61.16,19.94,2779.0
7813,20260918,27.41,42.72,27.68,1806.0
7814,20260918,71.66,77.68,13.43,1572.0
7815,20260918,50.32,60.48,22.23,4109.0
7816,20260918,71.83,79.4,12.09,1131.0
7817,20260918,100.0,100.0,0.0,1.0
7818,20260918,89.0,90.13,6.01,3902.0
7819,20260918,55.4,59.14,29.03,2657.0
7820,20260918,66.01,76.92,12.86,1928.0
7821,20260918,74.53,80.93,12.47,9811.0
7822,20260918,63.73,68.19,23.7,17064.0
7823,20260918,62.35,72.62,9.99,989.0
7824,20260918,67.2,79.88,4.46,380.0
7825,20260918,24.81,40.28,39.61,4192.0
7826,20260918,60.74,84.38,3.56,126.0
7827,20260918,73.96,79.33,9.55,2760.0
7828,20260918,53.54,65.92,21.26,14105.0
7829,20260918,70.79,82.86,6.01,1066.0
7830,20260918,100.0,100.0,0.0,1.0
7831,20260918,56.06,74.55,1.51,72.0
7832,20260918,87.67,92.75,2.76,2208.0
7833,20260918,57.31,73.67,5.51,541.0
7834,20260918,61.04,75.03,7.35,259.0
7835,20260918,55.34,69.82,6.05,573.0
7836,20260918,61.53,71.07,5.67,582.0
7837,20260918,67.76,74.89,7.05,333.0
7839,20260918,55.95,72.5,8.81,485.0
7840,20260918,76.24,89.55,2.19,229.0
7841,20260918,66.53,77.81,5.93,358.0
7842,20260918,62.3,69.18,18.56,1613.0
7843,20260918,61.47,67.65,10.71,1067.0
7844,20260918,100.0,100.0,0.0,1.0
7846,20260918,75.12,84.06,5.88,469.0
7847,20260918,43.49,63.09,10.12,543.0
7848,20260918,51.35,73.08,9.59,1315.0
7849,20260918,95.78,95.78,1.8,171.0
7850,20260918,54.14,70.54,9.78,1523.0
7851,20260918,74.31,83.6,5.06,535.0
7853,20260918,19.13,27.9,53.06,15180.0
7854,20260918,79.77,89.32,6.8,829.0
7855,20260918,73.39,76.24,16.56,14043.0
7856,20260918,61.08,68.18,18.34,8143.0
7857,20260918,75.92,83.51,4.85,621.0
7858,20260918,30.41,48.44,25.16,4057.0
7859,20260918,100.0,100.0,0.0,1.0
7860,20260918,89.34,94.61,3.07,147.0
7861,20260918,66.9,77.25,9.01,3999.0
7862,20260918,84.22,87.05,4.41,601.0
7863,20260918,96.02,98.43,0.58,118.0
7864,20260918,100.0,100.0,0.0,3.0
7865,20260918,35.32,61.93,13.94,869.0
7866,20260918,45.73,61.29,19.47,4789.0
7867,20260918,83.91,95.13,2.35,695.0
7868,20260918,40.21,57.39,19.53,1076.0
7869,20260918,86.5,88.87,3.09,452.0
7870,20260918,49.14,76.15,5.32,2420.0
7871,20260918,48.34,54.82,23.56,6333.0
7872,20260918,61.32,65.06,14.53,1211.0
7873,20260918,76.1,85.53,5.89,2875.0
7875,20260918,96.46,96.46,2.24,338.0
7876,20260918,74.78,84.1,7.03,1445.0
7877,20260918,57.48,70.8,5.44,383.0
7878,20260918,27.55,47.9,17.6,3123.0
7879,20260918,49.58,62.02,17.49,3202.0
7880,20260918,35.84,66.43,14.85,1436.0
7881,20260918,82.39,84.26,6.38,405.0
7882,20260918,78.01,83.5,5.89,2181.0
7883,20260918,58.49,71.25,8.94,2072.0
7884,20260918,100.0,100.0,0.0,1.0
7885,20260918,57.39,76.54,7.28,460.0
7886,20260918,43.22,65.36,14.53,1569.0
7887,20260918,28.88,43.4,33.61,13958.0
7888,20260918,62.01,81.19,3.24,542.0
7889,20260918,45.61,83.84,4.29,194.0
7890,20260918,65.96,86.06,5.89,418.0
7891,20260918,53.57,56.46,8.34,190.0
7892,20260918,63.38,75.5,12.58,5899.0
7893,20260918,80.01,86.16,7.88,1366.0
7894,20260918,38.97,54.3,9.07,862.0
7895,20260918,65.58,74.13,7.01,13083.0
7896,20260918,80.82,86.62,3.41,600.0
7897,20260918,98.36,98.36,0.31,204.0
7898,20260918,64.02,69.25,13.28,3175.0
7899,20260918,11.82,42.24,34.76,8495.0
7901,20260918,75.09,84.24,7.67,2239.0
7902,20260918,85.66,89.32,4.89,1736.0
7904,20260918,85.92,92.43,3.33,99.0
7906,20260918,100.0,100.0,0.0,1.0
7907,20260918,65.16,75.25,5.74,2135.0
7909,20260918,76.12,83.15,7.81,4811.0
7911,20260918,49.09,64.7,14.6,1818.0
7912,20260918,72.33,79.36,8.78,2243.0
7913,20260918,86.43,90.42,5.48,1186.0
7914,20260918,93.8,94.88,0.78,81.0
7915,20260918,70.84,86.14,3.51,1688.0
7916,20260918,100.0,100.0,0.0,1.0
7917,20260918,70.07,80.05,8.38,2106.0
7918,20260918,77.07,79.72,12.63,14867.0
7919,20260918,42.07,50.06,18.67,602.0
7920,20260918,79.41,88.82,4.21,3570.0
7921,20260918,75.71,83.77,5.42,834.0
7922,20260918,94.07,95.55,1.71,520.0
7924,20260918,74.77,81.7,6.58,1746.0
7925,20260918,72.32,89.65,2.93,361.0
7926,20260918,59.45,73.49,13.2,1524.0
7927,20260918,41.79,70.17,5.0,553.0
7928,20260918,58.54,72.56,8.65,2441.0
7929,20260918,61.86,81.74,8.24,969.0
7930,20260918,58.77,67.72,13.25,2030.0
7931,20260918,84.9,96.2,0.7,160.0
7932,20260918,40.07,59.98,12.54,2490.0
7933,20260918,72.02,86.76,1.39,114.0
7934,20260918,31.55,56.2,16.05,1272.0
7935,20260918,63.8,83.01,2.68,207.0
7936,20260918,64.14,67.86,11.89,671.0
7939,20260918,71.08,74.62,11.21,453.0
7942,20260918,77.4,82.52,8.17,2544.0
7943,20260918,57.24,73.6,6.71,555.0
7944,20260918,72.44,85.76,3.4,233.0
7945,20260918,58.2,71.75,10.66,331.0
7947,20260918,74.67,81.7,5.75,1148.0
7949,20260918,97.49,98.99,0.0,5.0
7952,20260918,100.0,100.0,0.0,1.0
8002,20260918,0.0,0.0,78.09,250.0
8009,20260918,0.0,0.0,58.64,627.0
8010,20260918,20.25,46.01,21.77,385.0
8011,20260918,25.0,31.17,51.28,60652.0
8012,20260918,93.02,93.02,5.54,478.0
8014,20260918,37.88,37.88,29.79,591.0
8015,20260918,0.0,29.54,21.55,111.0
8016,20260918,29.44,44.48,30.29,35918.0
8018,20260918,0.0,21.62,15.78,75.0
8019,20260918,90.33,93.81,2.21,98.0
8020,20260918,32.36,59.32,8.31,109.0
8021,20260918,37.25,48.21,39.91,84632.0
8022,20260918,70.18,70.18,6.36,57.0
8023,20260918,0.0,0.0,54.15,35.0
8024,20260918,18.86,29.89,46.44,22517.0
8026,20260918,0.0,0.0,99.98,61.0
8027,20260918,14.72,26.96,55.37,65869.0
8028,20260918,36.8,47.96,38.95,70410.0
8029,20260918,62.69,75.2,6.97,648.0
8030,20260918,0.0,0.0,99.99,16.0
8031,20260918,25.57,25.57,26.61,121.0
8032,20260918,74.21,75.96,18.52,23277.0
8033,20260918,17.81,25.95,58.75,79486.0
8034,20260918,8.72,17.89,53.16,21999.0
8035,20260918,17.91,44.2,26.63,213.0
8036,20260918,20.62,20.62,33.25,532.0
8037,20260918,0.0,0.0,22.11,23.0
8038,20260918,15.03,21.23,61.84,40145.0
8039,20260918,49.39,57.4,31.54,86627.0
8040,20260918,44.68,49.8,34.25,31802.0
8042,20260918,57.24,64.08,30.59,44314.0
8043,20260918,37.54,40.03,53.61,37743.0
8044,20260918,56.96,61.16,25.41,27407.0
8045,20260918,55.76,66.04,16.2,4300.0
8046,20260918,79.63,84.2,9.48,114800.0
8047,20260918,74.65,82.47,8.14,1274.0
8048,20260918,28.28,39.77,40.25,34918.0
8049,20260918,27.21,33.37,50.65,39307.0
8050,20260918,36.19,43.08,42.91,56805.0
8051,20260918,0.0,0.0,100.0,1.0
8052,20260918,0.0,0.0,99.98,11.0
8053,20260918,80.37,85.44,5.98,3692.0
8054,20260918,28.94,34.78,48.8,52117.0
8055,20260918,0.0,0.0,37.74,44.0
8056,20260918,53.98,60.65,18.08,11794.0
8057,20260918,67.07,67.07,11.11,84.0
8058,20260918,50.33,67.46,14.38,2570.0
8059,20260918,100.0,100.0,0.0,1.0
8060,20260918,34.07,49.68,27.58,272.0
8061,20260918,0.0,25.89,27.95,42.0
8062,20260918,0.0,0.0,99.99,11.0
8064,20260918,39.65,47.78,42.79,80326.0
8065,20260918,0.0,37.58,30.69,928.0
8066,20260918,20.04,38.06,47.65,38090.0
8067,20260918,56.73,81.35,12.84,6995.0
8068,20260918,58.72,62.05,27.72,8233.0
8069,20260918,66.53,74.72,15.23,105310.0
8070,20260918,69.93,73.81,18.7,36506.0
8071,20260918,22.86,32.94,50.98,35058.0
8072,20260918,57.87,60.18,30.94,12934.0
8073,20260918,0.0,0.0,99.99,10.0
8074,20260918,29.42,38.62,46.95,45681.0
8076,20260918,25.54,34.12,44.08,89285.0
8077,20260918,76.8,82.07,6.66,1063.0
8080,20260918,82.53,84.74,9.63,14344.0
8081,20260918,23.72,37.24,37.92,21662.0
8082,20260918,62.9,71.71,11.74,4212.0
8083,20260918,44.08,56.52,20.48,2721.0
8084,20260918,48.59,60.52,18.84,3481.0
8085,20260918,30.13,41.45,37.11,35915.0
8086,20260918,37.67,44.54,45.07,77547.0
8087,20260918,43.7,57.49,21.27,9848.0
8088,20260918,16.71,17.43,72.29,54204.0
8089,20260918,37.95,40.91,41.05,27212.0
8091,20260918,32.0,46.78,32.63,18733.0
8092,20260918,41.11,61.1,24.89,20416.0
8093,20260918,64.0,67.55,17.18,3233.0
8094,20260918,11.96,43.02,13.06,337.0
8095,20260918,18.1,51.29,15.89,123.0
8096,20260918,35.47,41.46,46.25,84997.0
8097,20260918,59.71,72.42,14.26,13334.0
8098,20260918,33.15,57.26,19.76,1443.0
8099,20260918,76.7,81.8,11.14,29247.0
8101,20260918,80.45,81.4,11.89,18408.0
8102,20260918,24.43,38.9,16.68,1160.0
8103,20260918,33.79,50.75,32.2,18384.0
8104,20260918,30.38,34.2,50.03,45181.0
8105,20260918,60.24,63.75,25.36,35798.0
8106,20260918,27.88,60.82,11.91,68.0
8107,20260918,44.42,53.92,30.97,31800.0
8108,20260918,0.0,0.0,99.99,13.0
8109,20260918,34.87,54.03,26.42,7097.0
8110,20260918,46.65,49.89,42.92,80094.0
8111,20260918,26.69,36.67,47.82,60051.0
8112,20260918,32.82,37.02,47.98,116665.0
8114,20260918,32.49,46.2,30.14,11702.0
8115,20260918,78.23,86.41,6.08,842.0
8119,20260918,27.54,46.71,26.18,33068.0
8121,20260918,54.34,61.14,25.64,30636.0
8122,20260918,92.23,93.1,2.45,1616.0
8127,20260918,0.0,7.67,41.26,242.0
8130,20260918,59.07,70.92,5.61,297.0
8131,20260918,68.07,70.73,22.07,33334.0
8143,20260918,0.0,0.0,35.49,24.0
8147,20260918,32.52,45.42,27.91,5010.0
8150,20260918,53.66,60.22,32.52,146497.0
8152,20260918,100.0,100.0,0.0,1.0
8155,20260918,35.6,44.9,39.26,16802.0
8157,20260918,100.0,100.0,0.0,1.0
8162,20260918,61.84,74.83,13.51,2580.0
8163,20260918,39.8,44.92,40.98,74770.0
8171,20260918,52.35,61.2,25.12,44643.0
8172,20260918,0.0,0.0,69.94,258.0
8176,20260918,22.18,33.9,40.68,36493.0
8182,20260918,63.78,67.13,26.44,11046.0
8183,20260918,42.44,48.43,36.59,37769.0
8197,20260918,83.38,84.91,6.29,637.0
8201,20260918,45.88,58.2,30.21,12057.0
8204,20260918,0.0,0.0,99.99,4.0
8210,20260918,58.11,65.99,24.46,42382.0
8213,20260918,39.33,50.65,32.09,68580.0
8215,20260918,50.26,53.0,34.89,67677.0
8218,20260918,0.0,0.0,41.62,105.0
8219,20260918,0.0,0.0,99.99,3.0
8221,20260918,0.0,0.0,99.99,2.0
8222,20260918,31.52,36.19,49.56,39654.0
8225,20260918,73.02,79.65,9.09,380.0
8227,20260918,21.08,38.6,43.74,28011.0
8234,20260918,46.67,55.05,32.46,16605.0
8240,20260918,48.06,54.02,32.31,37422.0
8249,20260918,53.5,57.41,33.73,35616.0
8255,20260918,46.76,51.12,35.62,25297.0
8259,20260918,0.0,0.0,71.94,17.0
8261,20260918,38.27,41.94,48.46,76046.0
8264,20260918,0.0,0.0,72.08,496.0
8271,20260918,35.6,41.87,46.28,66373.0
8272,20260918,25.15,38.04,19.25,1654.0
8276,20260918,33.84,48.36,27.35,125.0
8277,20260918,100.0,100.0,0.0,1.0
8279,20260918,52.51,60.22,18.67,2131.0
8281,20260918,34.88,44.49,8.43,415.0
8284,20260918,48.12,64.4,13.3,2293.0
8286,20260918,0.0,0.0,99.98,157.0
8287,20260918,70.24,70.24,25.73,11819.0
8289,20260918,33.61,43.88,37.41,30396.0
8291,20260918,71.89,71.89,20.28,1867.0
8297,20260918,92.95,92.95,3.99,174.0
8298,20260918,81.42,81.42,5.44,385.0
8299,20260918,27.43,38.08,44.84,211581.0
8307,20260918,97.93,99.42,0.23,37.0
8325,20260918,0.0,0.0,87.48,204.0
8329,20260918,87.4,91.01,5.1,3155.0
8341,20260918,46.58,48.64,37.88,18723.0
8342,20260918,66.29,72.31,10.67,1091.0
8345,20260918,73.22,83.48,4.37,796.0
8349,20260918,67.26,71.3,15.44,7652.0
8351,20260918,70.91,72.54,12.0,1048.0
8354,20260918,49.42,65.43,17.4,14474.0
8358,20260918,25.83,34.21,53.59,165545.0
8359,20260918,79.49,83.34,9.65,6005.0
8361,20260918,0.0,0.0,99.98,5.0
8367,20260918,61.38,70.66,14.36,3498.0
8374,20260918,68.36,71.38,22.68,13194.0
8375,20260918,40.34,77.08,10.76,114.0
8380,20260918,0.0,19.39,53.59,881.0
8382,20260918,56.95,66.04,16.24,10346.0
8383,20260918,43.74,51.9,37.19,57098.0
8390,20260918,39.95,46.06,31.53,31433.0
8391,20260918,100.0,100.0,0.0,1.0
8401,20260918,54.53,63.2,20.46,11914.0
8403,20260918,32.26,38.33,40.95,36618.0
8404,20260918,73.47,78.94,10.43,15712.0
8409,20260918,38.72,48.75,27.89,25705.0
8410,20260918,50.7,56.94,24.05,2054.0
8411,20260918,79.51,82.07,9.52,10755.0
8415,20260918,89.38,93.14,3.05,8766.0
8416,20260918,77.13,77.13,14.76,2069.0
8419,20260918,40.55,53.22,32.7,1376.0
8421,20260918,58.74,64.8,21.37,6769.0
8422,20260918,34.46,38.32,47.53,149676.0
8423,20260918,54.6,63.67,19.66,6297.0
8424,20260918,50.7,60.57,27.17,3009.0
8426,20260918,70.26,74.92,15.41,2672.0
8427,20260918,0.0,0.0,99.97,14.0
8429,20260918,38.12,42.25,37.79,45099.0
8431,20260918,16.1,34.0,46.93,44372.0
8432,20260918,56.47,61.5,23.97,3162.0
8433,20260918,60.43,67.53,17.68,3128.0
8435,20260918,20.64,41.14,43.71,22334.0
8436,20260918,25.78,35.16,45.83,46051.0
8437,20260918,28.08,41.89,29.14,32489.0
8438,20260918,65.15,78.35,10.12,2749.0
8440,20260918,29.05,32.67,56.81,55744.0
8442,20260918,61.43,71.68,11.63,1995.0
8443,20260918,60.37,69.55,21.95,46566.0
8444,20260918,77.61,85.93,5.35,1682.0
8446,20260918,42.94,51.3,38.26,7710.0
8450,20260918,56.66,58.33,31.37,10238.0
8452,20260918,100.0,100.0,0.0,1.0
8454,20260918,79.33,81.52,13.81,37951.0
8455,20260918,87.77,89.9,6.22,725.0
8458,20260918,48.85,73.63,6.72,550.0
8462,20260918,58.99,65.64,18.1,6146.0
8463,20260918,76.8,82.47,9.98,3553.0
8464,20260918,77.77,86.54,2.63,3789.0
8465,20260918,41.56,58.22,10.66,232.0
8466,20260918,67.48,77.08,11.73,2134.0
8467,20260918,73.86,81.99,7.62,1676.0
8472,20260918,55.75,63.04,12.64,1020.0
8473,20260918,63.03,65.96,22.39,15080.0
8475,20260918,100.0,100.0,0.0,1.0
8476,20260918,62.18,71.67,14.69,6328.0
8477,20260918,81.6,83.51,9.93,10908.0
8478,20260918,75.66,75.66,18.04,10876.0
8479,20260918,41.51,62.09,10.55,375.0
8481,20260918,53.63,66.51,13.05,2511.0
8482,20260918,90.26,95.14,2.31,1039.0
8485,20260918,0.0,96.18,3.8,61.0
8487,20260918,46.05,55.94,19.62,19468.0
8488,20260918,80.29,86.97,5.42,911.0
8489,20260918,46.06,57.12,24.75,29854.0
8490,20260918,29.07,45.75,15.43,1099.0
8491,20260918,0.0,0.0,70.08,1286.0
8492,20260918,88.34,92.97,3.99,250.0
8495,20260918,91.06,92.59,4.43,855.0
8496,20260918,84.71,87.43,4.35,292.0
8499,20260918,72.65,79.88,11.5,2163.0
8707,20260918,0.0,0.0,59.7,6312.0
8708,20260918,36.7,43.76,36.31,20443.0
8710,20260918,18.25,29.02,37.89,6838.0
8712,20260918,63.8,76.16,5.61,6932.0
8718,20260918,28.34,35.41,44.24,18051.0
8719,20260918,79.45,86.77,5.02,6763.0
8720,20260918,47.39,56.97,27.11,8587.0
8721,20260918,0.0,0.0,61.37,2240.0
8722,20260918,56.92,62.76,23.38,5791.0
8723,20260918,41.3,50.71,31.42,23379.0
8724,20260918,33.65,40.7,48.32,8388.0
8725,20260918,25.28,32.36,43.11,12490.0
8905,20260918,89.63,92.63,3.79,21540.0
8906,20260918,49.92,56.39,23.53,2893.0
8908,20260918,85.98,89.14,6.05,15437.0
8916,20260918,59.75,66.46,19.8,41410.0
8917,20260918,66.25,82.64,3.14,1715.0
8921,20260918,63.01,85.56,4.39,1153.0
8923,20260918,74.55,82.32,6.79,5124.0
8924,20260918,29.73,38.85,46.33,16940.0
8925,20260918,27.53,41.31,26.82,19591.0
8926,20260918,51.74,57.12,27.94,62442.0
8927,20260918,74.84,83.6,7.53,25652.0
8928,20260918,35.67,49.19,30.08,4332.0
8929,20260918,39.18,45.67,38.98,11686.0
8930,20260918,56.81,69.01,18.96,5283.0
8931,20260918,78.36,82.06,8.34,18981.0
8932,20260918,73.8,78.81,9.9,10280.0
8933,20260918,47.69,52.96,30.51,42736.0
8934,20260918,94.77,94.77,1.67,504.0
8935,20260918,42.46,50.88,24.95,38031.0
8936,20260918,23.3,31.29,50.23,75531.0
8937,20260918,88.11,90.89,3.75,3270.0
8938,20260918,46.09,57.68,24.8,12270.0
8940,20260918,62.42,70.7,21.3,9321.0
8941,20260918,43.32,66.68,11.31,2205.0
8942,20260918,41.5,51.34,29.05,13112.0
8945,20260918,0.0,0.0,100.0,2.0
8977,20260918,94.48,96.97,0.0,25.0
8996,20260918,25.13,50.12,21.14,38635.0
8999,20260918,18.91,63.92,5.05,393.0
9103,20260918,4.06,11.73,57.78,21238.0
910322,20260918,27.13,29.32,52.46,7318.0
9105,20260918,16.46,26.54,42.55,115233.0
910861,20260918,23.04,38.63,34.11,2735.0
9110,20260918,21.54,43.75,20.51,1743.0
911608,20260918,13.04,31.12,33.85,2163.0
911611,20260918,28.83,41.32,26.79,3110.0
911613,20260918,0.0,5.99,58.77,1401.0
911622,20260918,42.16,52.38,29.35,1510.0
911868,20260918,26.33,36.58,29.85,6160.0
912000,20260918,23.01,34.38,30.16,6848.0
9136,20260918,60.82,67.52,18.21,4553.0
916665,20260918,0.0,0.0,90.16,366.0
9801,20260918,66.07,69.34,24.25,83354.0
9802,20260918,54.78,63.86,21.31,12171.0
9902,20260918,51.31,57.23,28.32,45131.0
9904,20260918,62.69,67.91,18.33,106799.0
9905,20260918,71.92,74.34,17.1,17139.0
9906,20260918,74.98,78.76,14.94,8168.0
9907,20260918,70.56,74.65,14.69,55361.0
9908,20260918,74.71,80.5,10.62,16389.0
9910,20260918,86.78,88.78,7.28,24172.0
9911,20260918,61.12,67.42,22.91,31202.0
9912,20260918,54.91,62.74,23.08,61766.0
9914,20260918,53.77,64.94,23.2,66914.0
9917,20260918,70.48,76.86,14.57,56487.0
9918,20260918,77.2,85.06,4.83,25128.0
9919,20260918,42.41,45.36,43.89,63463.0
9921,20260918,59.13,68.59,18.73,28572.0
9922,20260918,59.04,69.34,15.94,10416.0
9924,20260918,52.66,61.09,27.21,13044.0
9925,20260918,61.47,68.33,19.66,19390.0
9926,20260918,73.65,83.81,5.06,4224.0
9927,20260918,52.67,58.89,29.66,13990.0
9928,20260918,67.16,75.18,14.66,7125.0
9929,20260918,83.92,88.07,4.91,3746.0
9930,20260918,76.43,77.69,15.2,12242.0
9931,20260918,73.39,78.03,7.97,7811.0
9933,20260918,56.83,62.91,20.61,50414.0
9934,20260918,59.1,66.75,17.13,13510.0
9935,20260918,50.02,61.97,17.18,57720.0
9936,20260918,20.09,29.08,42.66,11626.0
9937,20260918,82.15,89.18,3.83,15741.0
9938,20260918,45.13,52.93,30.03,49994.0
9939,20260918,53.78,62.81,24.26,27826.0
9940,20260918,77.92,81.69,10.32,17051.0
9941,20260918,66.83,70.61,22.69,43485.0
9942,20260918,39.13,52.33,30.33,9619.0
9943,20260918,69.48,71.1,24.6,15961.0
9944,20260918,66.16,78.82,12.22,10404.0
9945,20260918,62.09,66.26,19.62,101722.0
9946,20260918,78.44,81.6,10.63,13974.0
9947,20260918,0.0,0.0,0.0,1.0
9948,20260918,0.0,0.0,99.97,73.0
9949,20260918,54.92,72.9,15.71,11034.0
9950,20260918,80.99,83.87,9.87,3611.0
9951,20260918,39.25,46.5,39.04,24283.0
9952,20260918,0.0,0.0,43.32,36.0
9953,20260918,0.0,0.0,57.28,518.0
9955,20260918,55.34,61.96,29.91,15103.0
9956,20260918,0.0,0.0,69.31,43.0
9957,20260918,95.5,96.06,2.2,12709.0
9958,20260918,41.23,48.74,38.74,60167.0
9959,20260918,0.0,0.0,76.32,23.0
9960,20260918,56.82,76.55,9.67,9521.0
9961,20260918,89.73,93.39,2.19,321.0
9962,20260918,40.04,46.68,36.24,28888.0
9963,20260918,100.0,100.0,0.0,1.0
9964,20260918,100.0,100.0,0.0,1.0
9965,20260918,0.0,0.0,89.04,68.0
