code,date,big1000,big400,retail,people
000218,20261008,100.0,100.0,0.0,1.0
000560,20261008,100.0,100.0,0.0,1.0
000708,20261008,100.0,100.0,0.0,1.0
000779,20261008,100.0,100.0,0.0,1.0
000815,20261008,100.0,100.0,0.0,1.0
000856,20261008,100.0,100.0,0.0,1.0
00400A,20261008,9.66,15.02,49.96,133775.0
00401A,20261008,20.89,23.91,48.05,18220.0
00402A,20261008,18.27,24.17,50.98,38434.0
00403A,20261008,12.35,17.42,49.73,780724.0
00404A,20261008,16.12,19.88,54.42,27457.0
00405A,20261008,15.66,22.03,43.43,124591.0
00406A,20261008,12.76,23.81,34.28,235679.0
00407A,20261008,22.12,28.4,41.15,111282.0
00408A,20261008,21.29,31.24,41.19,7989.0
00409A,20261008,25.06,38.28,30.37,45940.0
00410A,20261008,28.49,34.48,38.69,9619.0
00411A,20261008,22.23,29.72,40.97,20346.0
00412A,20261008,100.0,100.0,0.0,1.0
0050,20261008,24.28,25.92,55.99,3565195.0
0051,20261008,0.0,14.19,76.05,12449.0
0052,20261008,18.2,20.36,64.86,453974.0
0053,20261008,43.29,52.57,38.53,7274.0
0055,20261008,29.56,36.94,48.0,19247.0
0056,20261008,9.1,11.43,63.03,1683664.0
0057,20261008,0.0,0.0,55.83,3064.0
0061,20261008,22.57,33.01,36.97,5965.0
006201,20261008,37.49,49.13,45.63,4861.0
006203,20261008,51.8,74.55,13.63,3199.0
006204,20261008,0.0,0.0,58.56,1138.0
006205,20261008,37.0,46.21,34.95,8807.0
006206,20261008,30.17,32.88,48.11,3066.0
006207,20261008,4.83,16.46,39.38,1612.0
006208,20261008,9.54,10.11,81.39,712143.0
00625K,20261008,0.0,0.0,40.21,12.0
00631L,20261008,20.39,30.53,29.81,276971.0
00632R,20261008,30.05,43.89,19.17,66656.0
00633L,20261008,23.16,37.82,23.4,3816.0
00634R,20261008,43.98,55.31,15.08,744.0
00635U,20261008,14.75,18.47,61.42,58943.0
00636,20261008,19.24,26.29,46.12,8150.0
00636K,20261008,0.0,0.0,99.98,8.0
00637L,20261008,42.27,57.26,13.95,12584.0
00638R,20261008,39.17,54.87,16.6,481.0
00639,20261008,18.56,28.15,38.13,5688.0
00640L,20261008,20.37,27.61,46.73,1190.0
00641R,20261008,45.13,58.55,14.02,1277.0
00642U,20261008,34.38,43.97,40.4,7106.0
00643,20261008,36.37,48.9,27.61,3166.0
00643K,20261008,0.0,0.0,18.77,5.0
00645,20261008,18.26,30.23,54.73,9612.0
00646,20261008,40.78,44.6,43.09,115081.0
00647L,20261008,31.05,31.05,46.91,1488.0
00648R,20261008,39.1,48.03,16.46,2322.0
00650L,20261008,37.59,49.91,18.57,2316.0
00651R,20261008,54.42,71.03,9.51,366.0
00652,20261008,25.11,30.94,53.2,9304.0
00653L,20261008,0.0,6.13,52.07,1288.0
00654R,20261008,41.2,58.48,14.91,355.0
00655L,20261008,22.38,32.65,30.14,2273.0
00656R,20261008,58.99,76.3,10.14,310.0
00657,20261008,16.46,24.71,57.97,1607.0
00657K,20261008,0.0,0.0,99.99,4.0
00660,20261008,0.0,16.16,36.12,1019.0
00661,20261008,9.91,19.99,63.2,7083.0
00662,20261008,31.97,35.88,36.69,113564.0
00663L,20261008,23.15,29.0,46.67,12344.0
00664R,20261008,40.69,59.07,9.79,9911.0
00665L,20261008,43.48,57.82,11.98,5124.0
00666R,20261008,74.91,85.34,6.58,116.0
00668,20261008,30.21,37.33,52.5,2103.0
00668K,20261008,0.0,0.0,99.99,4.0
00669R,20261008,32.97,45.05,15.47,2996.0
00670L,20261008,6.89,13.14,65.42,12102.0
00671R,20261008,52.09,68.97,6.72,3458.0
00673R,20261008,39.97,52.83,13.54,15874.0
00674R,20261008,42.69,48.1,35.81,1223.0
00675L,20261008,20.77,25.81,58.62,17908.0
00676R,20261008,30.58,46.67,17.78,4352.0
00678,20261008,0.0,22.65,45.56,1907.0
00679B,20261008,37.52,42.82,29.7,232740.0
00680L,20261008,38.54,53.58,13.65,19261.0
00681R,20261008,37.92,88.75,2.66,104.0
00682U,20261008,53.07,78.21,6.3,254.0
00683L,20261008,62.97,70.98,14.01,295.0
00684R,20261008,63.65,81.21,7.78,167.0
00685L,20261008,21.39,33.78,26.6,168103.0
00686R,20261008,51.05,67.71,6.91,2050.0
00687B,20261008,37.71,43.56,28.28,151783.0
00687C,20261008,91.49,91.49,4.45,17.0
00688L,20261008,34.24,48.64,15.41,9155.0
00689R,20261008,73.52,86.94,0.54,53.0
00690,20261008,6.98,13.0,69.78,17641.0
00692,20261008,15.0,16.71,69.55,90515.0
00693U,20261008,38.5,44.74,29.14,2592.0
00694B,20261008,63.09,67.82,21.61,2007.0
00695B,20261008,68.77,73.81,18.81,2277.0
00696B,20261008,81.87,83.33,10.78,10984.0
00697B,20261008,19.69,20.99,53.34,6948.0
00700,20261008,6.34,11.62,47.79,2582.0
00701,20261008,5.48,6.7,83.32,37607.0
00702,20261008,30.2,54.19,38.65,1183.0
00703,20261008,0.0,26.47,47.17,1015.0
00706L,20261008,20.8,31.27,32.48,6003.0
00707R,20261008,77.06,94.26,0.21,22.0
00708L,20261008,17.52,23.43,51.14,19635.0
00709,20261008,7.44,34.9,43.84,2229.0
00710B,20261008,81.18,82.01,12.51,3706.0
00711B,20261008,99.18,99.34,0.37,797.0
00712,20261008,22.34,34.05,22.93,150218.0
00713,20261008,21.17,22.45,64.78,270943.0
00714,20261008,17.42,46.89,41.33,2374.0
00715L,20261008,48.09,58.21,21.96,3088.0
00717,20261008,19.12,27.06,44.7,7450.0
00719B,20261008,24.75,31.03,34.56,15144.0
00720B,20261008,62.6,65.93,16.6,77352.0
00722B,20261008,88.88,89.63,7.03,13458.0
00723B,20261008,99.65,99.72,0.1,476.0
00724B,20261008,97.51,97.64,1.49,6156.0
00725B,20261008,80.59,82.11,9.24,41088.0
00726B,20261008,97.65,97.99,1.13,1712.0
00727B,20261008,87.65,89.76,6.78,736.0
00728,20261008,0.0,3.34,81.16,12364.0
00730,20261008,14.25,16.68,73.16,12809.0
00731,20261008,0.0,15.56,73.99,8162.0
00733,20261008,10.66,13.51,77.74,20150.0
00734B,20261008,80.06,82.56,10.22,520.0
00735,20261008,17.16,23.14,60.75,31061.0
00736,20261008,46.28,77.05,17.99,479.0
00737,20261008,4.88,18.05,70.52,5414.0
00738U,20261008,13.67,20.84,53.02,32887.0
00739,20261008,26.85,45.39,35.32,1949.0
00740B,20261008,96.31,96.71,1.73,6046.0
00741B,20261008,37.85,48.98,34.35,1124.0
00746B,20261008,99.5,99.59,0.21,1307.0
00749B,20261008,99.75,99.75,0.05,193.0
00750B,20261008,99.32,99.72,0.08,76.0
00751B,20261008,72.56,75.35,11.42,67001.0
00752,20261008,26.76,30.83,42.06,17051.0
00753L,20261008,32.7,47.12,18.03,13336.0
00754B,20261008,99.71,99.74,0.16,472.0
00755B,20261008,97.72,97.72,1.5,1003.0
00756B,20261008,97.31,97.61,1.42,2319.0
00757,20261008,27.64,30.56,53.75,67390.0
00758B,20261008,90.49,90.49,2.83,121.0
00759B,20261008,98.89,98.89,0.32,118.0
00760B,20261008,99.19,99.19,0.57,619.0
00761B,20261008,98.44,98.52,0.79,3423.0
00762,20261008,14.59,18.55,70.44,22259.0
00763U,20261008,45.83,50.15,33.02,3812.0
00764B,20261008,93.71,94.21,3.58,8186.0
00768B,20261008,97.39,97.99,0.98,1797.0
00770,20261008,8.03,12.61,67.86,21876.0
00771,20261008,11.94,15.73,61.04,2064.0
00772B,20261008,78.65,80.41,9.98,40373.0
00773B,20261008,95.28,95.68,2.53,8821.0
00775B,20261008,99.23,99.66,0.08,182.0
00777B,20261008,99.89,99.93,0.0,221.0
00778B,20261008,99.92,99.94,0.01,183.0
00779B,20261008,99.5,99.57,0.25,641.0
00780B,20261008,96.93,97.44,2.08,1275.0
00781B,20261008,16.06,29.85,45.64,751.0
00782B,20261008,14.08,22.99,48.47,1288.0
00783,20261008,0.0,24.0,44.9,797.0
00785B,20261008,99.7,99.83,0.04,240.0
00786B,20261008,15.73,30.08,44.83,1250.0
00787B,20261008,17.68,38.81,45.89,1000.0
00788B,20261008,15.4,27.36,43.35,1438.0
00789B,20261008,99.07,99.38,0.29,355.0
00791B,20261008,99.68,99.68,0.08,100.0
00792B,20261008,99.81,99.87,0.05,454.0
00793B,20261008,0.0,0.0,58.37,260.0
00795B,20261008,52.38,56.4,20.84,37183.0
00799B,20261008,7.48,22.78,48.86,1653.0
00830,20261008,22.63,25.17,59.67,178073.0
00834B,20261008,94.36,94.36,1.54,133.0
00836B,20261008,99.36,99.6,0.23,433.0
00840B,20261008,99.27,99.27,0.22,91.0
00841B,20261008,98.66,99.46,0.36,123.0
00842B,20261008,30.97,43.03,29.71,1039.0
00844B,20261008,99.05,99.31,0.48,295.0
00845B,20261008,99.34,99.53,0.18,219.0
00846B,20261008,98.18,98.18,1.0,251.0
00847B,20261008,0.0,28.74,32.64,297.0
00848B,20261008,99.46,99.46,0.21,152.0
00849B,20261008,99.75,99.85,0.02,106.0
00850,20261008,15.2,17.71,71.25,80043.0
00851,20261008,27.87,27.87,54.43,2102.0
00852L,20261008,21.8,33.24,46.82,724.0
00853B,20261008,89.61,91.36,6.55,2341.0
00856B,20261008,44.16,64.13,19.55,409.0
00857B,20261008,55.38,59.82,22.14,15551.0
00858,20261008,14.05,18.46,57.88,18513.0
00859B,20261008,16.73,19.91,45.94,2170.0
00860B,20261008,0.0,0.0,68.66,371.0
00861,20261008,5.33,6.81,82.25,17512.0
00862B,20261008,98.4,98.44,1.02,1496.0
00863B,20261008,99.54,99.54,0.25,337.0
00864B,20261008,29.75,36.07,27.57,3905.0
00865B,20261008,26.69,33.06,27.54,10752.0
00867B,20261008,99.72,99.79,0.08,215.0
00870B,20261008,99.42,99.61,0.22,310.0
00875,20261008,0.0,18.56,67.49,7102.0
00876,20261008,25.54,28.52,60.96,20979.0
00877,20261008,13.15,18.92,50.45,13873.0
00878,20261008,8.67,10.79,58.97,1685601.0
00881,20261008,15.25,16.85,64.39,400097.0
00882,20261008,17.73,26.67,35.25,82618.0
00884B,20261008,98.79,98.79,0.59,214.0
00885,20261008,9.93,16.24,51.29,48173.0
00886,20261008,0.0,14.33,66.35,1170.0
00887,20261008,19.55,30.96,33.72,20428.0
00888,20261008,11.45,12.43,70.75,91015.0
00890B,20261008,71.45,76.15,17.35,694.0
00891,20261008,10.67,12.8,62.17,192975.0
00892,20261008,14.36,17.27,66.2,46189.0
00893,20261008,5.84,8.5,74.52,55575.0
00894,20261008,11.42,13.86,71.28,28087.0
00895,20261008,8.68,10.18,75.37,28473.0
00896,20261008,10.63,12.04,68.12,59958.0
00897,20261008,15.14,22.95,48.39,9669.0
00898,20261008,9.77,17.77,55.38,8374.0
00899,20261008,0.0,8.18,72.58,3531.0
00900,20261008,12.67,15.18,58.77,126857.0
00901,20261008,6.18,13.91,73.5,11369.0
00902,20261008,13.25,18.79,53.83,17840.0
00903,20261008,7.97,11.87,69.25,6941.0
00904,20261008,7.23,12.72,70.58,26509.0
00905,20261008,7.33,8.82,69.03,43776.0
00907,20261008,9.86,12.33,67.7,20228.0
00908,20261008,28.47,37.51,43.61,2711.0
00909,20261008,9.61,15.09,69.97,25695.0
00910,20261008,6.54,9.64,76.44,37271.0
00911,20261008,9.94,13.02,74.75,11704.0
00912,20261008,10.99,13.65,70.89,9539.0
00913,20261008,13.4,16.18,66.23,15552.0
00915,20261008,15.38,17.29,71.34,70720.0
00916,20261008,10.15,16.39,70.07,18736.0
00917,20261008,7.4,13.09,70.74,13453.0
00918,20261008,8.88,11.6,59.0,385775.0
00919,20261008,8.03,10.78,56.47,1491644.0
00920,20261008,13.74,26.45,64.01,6016.0
00921,20261008,5.79,8.25,78.23,10013.0
00922,20261008,30.57,32.57,49.18,190199.0
00923,20261008,14.4,15.92,67.77,120979.0
00924,20261008,19.38,21.78,60.69,54731.0
00926,20261008,52.74,56.71,36.68,9139.0
00927,20261008,6.61,9.07,66.56,167431.0
00928,20261008,24.13,32.3,53.91,6937.0
00929,20261008,8.19,10.06,60.0,461159.0
00930,20261008,6.55,8.2,76.25,23072.0
00931B,20261008,75.11,76.75,12.81,33517.0
00932,20261008,10.16,12.7,69.91,12812.0
00933B,20261008,73.87,77.11,9.91,77706.0
00934,20261008,8.49,9.82,70.57,51735.0
00935,20261008,20.88,22.42,59.14,125727.0
00936,20261008,9.18,10.53,69.83,21940.0
00937B,20261008,51.8,60.88,11.87,210846.0
00938,20261008,44.37,47.67,40.2,6491.0
00939,20261008,4.82,6.87,65.86,103060.0
00940,20261008,8.58,12.23,53.65,309759.0
00941,20261008,10.44,14.05,63.83,45862.0
00942B,20261008,89.27,90.21,4.44,9663.0
00943,20261008,13.73,16.97,65.33,5049.0
00944,20261008,5.04,8.83,72.08,7791.0
00945B,20261008,34.79,41.94,22.05,18582.0
00946,20261008,17.61,19.69,55.4,35356.0
00947,20261008,16.99,21.77,61.86,44060.0
00948B,20261008,79.16,82.35,6.2,26175.0
00949,20261008,14.33,19.95,58.1,17116.0
00950B,20261008,89.64,90.96,3.02,12048.0
00951,20261008,27.65,32.57,43.08,15105.0
00952,20261008,9.34,14.38,59.3,22512.0
00953B,20261008,38.52,52.91,11.83,53279.0
00954,20261008,19.36,25.33,51.13,10470.0
00955,20261008,27.03,31.71,43.92,35179.0
00956,20261008,12.92,15.98,56.9,3310.0
00957B,20261008,43.86,50.85,19.83,3889.0
00958B,20261008,13.67,20.39,37.3,4291.0
00959B,20261008,40.76,48.47,18.05,9120.0
00960,20261008,17.6,19.56,68.69,12829.0
00961,20261008,12.04,15.9,46.33,59305.0
00962,20261008,2.84,7.99,60.98,12864.0
00963,20261008,19.85,29.18,30.17,5472.0
00964,20261008,10.84,18.8,42.76,4966.0
00965,20261008,41.22,44.11,38.68,32863.0
00966B,20261008,32.86,37.21,33.32,3867.0
00967B,20261008,61.94,69.89,12.95,2692.0
00968B,20261008,63.53,68.68,11.96,8169.0
00969B,20261008,55.83,67.45,13.3,2108.0
00970B,20261008,53.24,60.45,16.85,5796.0
00971,20261008,11.88,17.23,63.5,6551.0
00972,20261008,33.13,36.06,47.03,1605.0
009800,20261008,25.41,30.5,41.98,19652.0
009801,20261008,12.35,22.48,53.22,8537.0
009802,20261008,13.1,17.31,56.07,40192.0
009803,20261008,9.44,13.19,60.35,31100.0
009804,20261008,9.23,13.12,62.07,17430.0
009805,20261008,16.54,21.24,53.0,53931.0
009806,20261008,19.96,45.48,36.98,1083.0
009807,20261008,34.31,58.16,33.82,1129.0
009808,20261008,8.71,14.0,62.56,4189.0
009809,20261008,35.02,39.57,42.73,2514.0
00980A,20261008,21.58,24.09,54.42,69580.0
00980B,20261008,41.25,49.27,26.31,1500.0
00980D,20261008,29.4,38.44,28.32,3367.0
00980T,20261008,50.93,54.98,27.29,3099.0
009810,20261008,24.97,35.5,43.45,1894.0
009811,20261008,11.31,18.0,56.12,22363.0
009812,20261008,27.72,38.11,39.97,5818.0
009813,20261008,17.76,23.76,50.18,22523.0
009814,20261008,16.23,21.45,52.33,13600.0
009815,20261008,15.85,21.79,51.33,28981.0
009816,20261008,13.46,19.33,48.98,935310.0
009817,20261008,14.45,25.14,39.4,9947.0
009818,20261008,8.2,10.17,63.28,4728.0
009819,20261008,8.93,12.51,62.32,50436.0
00981A,20261008,17.04,21.58,52.18,910714.0
00981B,20261008,36.69,52.83,10.69,16706.0
00981D,20261008,33.27,46.67,15.51,8399.0
00981T,20261008,22.65,36.08,27.42,8273.0
009820,20261008,29.9,39.17,31.2,32983.0
009821,20261008,8.35,11.89,64.49,55866.0
009822,20261008,6.85,13.24,60.05,4802.0
009823,20261008,11.87,16.35,60.49,33215.0
009824,20261008,8.78,15.01,59.7,43073.0
009825,20261008,3.51,11.61,45.05,4381.0
009826,20261008,17.87,26.34,42.42,61599.0
009827,20261008,8.07,14.02,52.7,15985.0
009828,20261008,16.19,20.23,53.73,64270.0
009829,20261008,38.22,46.67,27.76,13482.0
00982A,20261008,10.85,14.3,57.72,172284.0
00982B,20261008,54.15,59.69,17.43,758.0
00982D,20261008,30.27,36.93,30.02,2822.0
00982T,20261008,0.0,25.28,63.48,1856.0
00983A,20261008,15.4,22.09,58.23,8220.0
00983B,20261008,39.87,46.34,22.39,788.0
00983D,20261008,14.37,32.75,26.79,3895.0
00984A,20261008,11.66,14.44,63.21,62830.0
00984B,20261008,27.84,35.31,25.36,3390.0
00984D,20261008,26.85,43.08,14.07,15939.0
00985A,20261008,10.01,12.98,63.13,72390.0
00985B,20261008,54.67,66.02,10.52,9009.0
00985D,20261008,40.62,54.11,18.74,2486.0
00986A,20261008,13.18,19.72,60.02,4586.0
00986B,20261008,72.5,78.51,11.06,388.0
00986D,20261008,42.31,51.92,14.48,2316.0
00987A,20261008,10.83,15.65,65.44,15817.0
00987B,20261008,42.19,55.82,19.95,2150.0
00987D,20261008,68.99,71.53,16.04,1677.0
00988A,20261008,14.71,19.8,50.73,221304.0
00988B,20261008,19.1,30.54,32.22,5380.0
00989A,20261008,12.92,16.77,56.61,6364.0
00989B,20261008,19.28,35.25,25.99,2830.0
00990A,20261008,26.37,34.24,36.64,117305.0
00990B,20261008,28.47,38.41,29.34,3427.0
00991A,20261008,16.81,21.17,51.29,314177.0
00991B,20261008,98.05,98.59,0.72,427.0
00992A,20261008,11.27,15.96,55.52,176284.0
00992B,20261008,90.54,94.22,3.87,416.0
00993A,20261008,16.72,22.16,49.72,44242.0
00994A,20261008,21.23,26.3,52.15,25210.0
00995A,20261008,13.18,16.99,58.99,23099.0
00996A,20261008,4.3,9.98,61.52,24420.0
00997A,20261008,11.96,18.04,50.54,63543.0
00998A,20261008,20.42,23.64,50.37,28251.0
00999A,20261008,8.25,11.85,61.61,83502.0
1101,20261008,50.55,54.64,29.68,515487.0
1102,20261008,79.77,82.13,11.51,100267.0
1103,20261008,76.66,80.32,11.56,74248.0
1104,20261008,67.18,73.06,16.4,56197.0
1107,20261008,99.7,99.7,0.29,3432.0
1108,20261008,74.73,78.5,12.82,12943.0
1109,20261008,72.97,79.67,11.31,12048.0
1110,20261008,91.56,94.01,2.32,5196.0
1201,20261008,58.46,62.99,23.91,87757.0
1203,20261008,86.77,90.95,4.84,55108.0
1204,20261008,31.81,45.79,39.35,3511.0
1207,20261008,75.32,77.3,16.41,46612.0
1210,20261008,61.15,65.24,25.83,99931.0
1212,20261008,35.63,44.29,32.73,30346.0
1213,20261008,77.03,81.13,12.98,6530.0
1215,20261008,52.12,55.99,36.0,97912.0
1216,20261008,85.9,89.36,6.95,143320.0
1217,20261008,54.28,61.84,25.89,137307.0
1218,20261008,62.92,67.23,21.67,82357.0
1219,20261008,59.69,64.21,22.97,52790.0
1220,20261008,60.48,67.89,18.49,47341.0
1221,20261008,25.93,34.29,42.16,18631.0
1224,20261008,82.38,88.36,6.16,3609.0
1225,20261008,86.77,89.36,6.14,43916.0
1227,20261008,64.11,66.96,23.92,53219.0
1228,20261008,12.2,38.0,31.02,1578.0
1229,20261008,62.93,65.97,22.18,103012.0
1231,20261008,63.59,64.76,27.77,36287.0
1232,20261008,72.03,73.5,19.78,16680.0
1233,20261008,68.54,75.97,9.31,10239.0
1234,20261008,74.27,82.96,9.27,24047.0
1235,20261008,95.42,96.34,1.78,2988.0
1236,20261008,78.93,83.82,9.64,11550.0
1238,20261008,8.57,11.74,55.22,2037.0
1240,20261008,49.21,69.67,14.52,3016.0
1256,20261008,47.11,59.9,25.94,6244.0
1259,20261008,71.71,78.88,12.61,16079.0
1260,20261008,70.57,76.35,7.54,1330.0
1264,20261008,24.84,47.19,33.92,9265.0
1268,20261008,72.16,78.11,14.34,3493.0
1269,20261008,72.54,77.54,7.76,725.0
1271,20261008,64.43,74.84,12.5,2860.0
1293,20261008,42.39,74.32,7.78,394.0
1294,20261008,44.0,60.22,20.36,4518.0
1295,20261008,41.89,57.34,25.97,3222.0
1301,20261008,74.23,76.85,16.04,278077.0
1303,20261008,84.17,86.76,8.28,270790.0
1304,20261008,58.34,61.57,26.49,98540.0
1305,20261008,48.84,52.53,32.95,71811.0
1306,20261008,19.41,21.34,52.66,6126.0
1307,20261008,77.07,80.22,12.28,17872.0
1308,20261008,50.29,53.52,32.05,75392.0
1309,20261008,44.3,47.15,39.64,78128.0
1310,20261008,25.31,32.01,47.94,104404.0
1312,20261008,57.2,61.11,25.53,135858.0
1313,20261008,64.58,69.1,19.2,60312.0
1314,20261008,33.65,42.19,34.44,299337.0
1315,20261008,70.44,82.16,10.37,5729.0
1316,20261008,33.04,41.07,36.97,60978.0
1319,20261008,75.63,79.91,14.71,31801.0
1321,20261008,53.59,70.63,7.89,3958.0
1323,20261008,61.32,70.67,16.26,14684.0
1324,20261008,60.81,65.67,25.42,23389.0
1325,20261008,44.9,48.35,40.74,36251.0
1326,20261008,81.05,83.65,10.78,176042.0
1333,20261008,43.03,51.2,24.1,15924.0
1336,20261008,38.52,52.5,24.41,12372.0
1337,20261008,38.72,47.15,32.9,52255.0
1338,20261008,34.24,45.57,36.31,55986.0
1339,20261008,72.5,75.32,18.26,7304.0
1340,20261008,28.15,35.15,42.17,61507.0
1341,20261008,75.97,83.71,6.47,9691.0
1342,20261008,51.25,57.88,28.49,8897.0
1343,20261008,42.18,66.2,13.79,1200.0
1402,20261008,87.14,89.18,6.27,87604.0
1407,20261008,28.88,35.31,46.69,161947.0
1408,20261008,12.55,20.73,53.05,70638.0
1409,20261008,58.31,62.09,26.65,153250.0
1410,20261008,68.41,77.09,10.13,6622.0
1413,20261008,69.56,76.08,10.85,8431.0
1414,20261008,82.92,88.42,7.23,26902.0
1416,20261008,50.58,56.6,25.31,45261.0
1417,20261008,48.28,58.51,26.32,55426.0
1418,20261008,58.96,71.75,11.51,30538.0
1419,20261008,85.55,90.97,4.06,16793.0
1423,20261008,74.46,83.31,8.96,18121.0
1432,20261008,53.3,54.84,37.97,256803.0
1434,20261008,69.12,72.36,16.98,63479.0
1435,20261008,93.04,94.87,3.03,32990.0
1436,20261008,72.06,75.96,16.67,14328.0
1437,20261008,67.55,79.77,9.92,8459.0
1438,20261008,76.99,83.25,9.32,5044.0
1439,20261008,77.33,85.9,7.93,4320.0
1440,20261008,73.59,78.56,12.74,93171.0
1441,20261008,58.61,63.48,28.68,13278.0
1442,20261008,78.74,86.71,6.29,8805.0
1443,20261008,82.71,90.0,5.18,15677.0
1444,20261008,60.15,64.21,23.45,59885.0
1445,20261008,59.31,68.69,15.46,11782.0
1446,20261008,62.72,66.5,18.59,7975.0
1447,20261008,66.1,70.2,19.16,41463.0
1449,20261008,32.29,39.32,41.49,44863.0
1450,20261008,21.04,25.83,49.25,15108.0
1451,20261008,56.68,63.93,19.94,16618.0
1452,20261008,38.92,49.82,28.88,46978.0
1453,20261008,73.72,75.69,18.48,14037.0
1454,20261008,77.15,81.53,9.77,13733.0
1455,20261008,62.44,66.57,22.59,35191.0
1456,20261008,80.86,85.53,6.38,4572.0
1457,20261008,68.66,75.1,14.35,16472.0
1458,20261008,51.08,59.8,23.45,21128.0
1459,20261008,78.55,84.44,7.73,12343.0
1460,20261008,65.13,72.14,14.72,23614.0
1462,20261008,34.51,46.45,30.6,61032.0
1463,20261008,75.15,81.92,9.42,33344.0
1464,20261008,54.19,61.59,21.88,63508.0
1465,20261008,62.37,72.13,16.66,10163.0
1466,20261008,61.56,68.71,18.2,21655.0
1467,20261008,59.83,67.26,19.07,17816.0
1468,20261008,97.04,97.77,0.89,1322.0
1469,20261008,87.63,92.35,0.57,336.0
1470,20261008,70.28,86.23,2.27,1192.0
1471,20261008,17.03,22.01,56.29,56037.0
1472,20261008,69.43,82.58,6.41,3587.0
1473,20261008,69.05,71.87,17.08,12572.0
1474,20261008,53.79,59.18,24.52,16244.0
1475,20261008,68.98,76.27,8.88,2279.0
1476,20261008,69.95,77.47,13.68,23710.0
1477,20261008,49.71,59.63,25.42,30540.0
1480,20261008,94.48,98.13,0.49,377.0
1491,20261008,46.3,59.65,12.34,1716.0
1498,20261008,0.0,48.56,5.79,13.0
1503,20261008,70.9,73.43,19.69,79870.0
1504,20261008,68.05,70.68,22.32,199576.0
1506,20261008,71.35,77.17,10.45,21276.0
1507,20261008,100.0,100.0,0.0,1.0
1512,20261008,47.97,54.07,23.37,19937.0
1513,20261008,41.51,46.16,45.12,154360.0
1514,20261008,35.3,41.39,47.93,100771.0
1515,20261008,40.33,48.68,36.94,24389.0
1516,20261008,58.33,64.82,22.67,39681.0
1517,20261008,44.15,48.76,37.47,46061.0
1519,20261008,68.25,73.47,18.12,86682.0
1521,20261008,66.44,68.06,22.97,23425.0
1522,20261008,52.99,57.64,32.76,29827.0
1524,20261008,35.64,37.95,46.94,45141.0
1525,20261008,86.52,89.27,8.23,3170.0
1526,20261008,29.94,37.24,42.14,52357.0
1527,20261008,29.47,33.64,49.74,65194.0
1528,20261008,28.39,30.32,57.55,92765.0
1529,20261008,45.43,48.84,38.24,30556.0
1530,20261008,69.93,75.66,18.05,10968.0
1531,20261008,54.12,64.14,17.5,12756.0
1532,20261008,58.58,66.68,17.91,19245.0
1533,20261008,52.11,63.29,26.92,9927.0
1534,20261008,35.45,47.07,33.27,4099.0
1535,20261008,75.41,75.83,18.48,9754.0
1536,20261008,27.61,32.98,51.14,83469.0
1537,20261008,43.17,51.23,37.1,15810.0
1538,20261008,70.77,78.45,11.29,7608.0
1539,20261008,60.55,61.18,26.36,5226.0
1540,20261008,24.43,35.02,49.6,41204.0
1541,20261008,79.46,83.76,9.34,2426.0
1553,20261008,0.0,0.0,70.14,30.0
1557,20261008,0.0,30.57,47.03,113.0
1558,20261008,17.42,39.95,37.54,27302.0
1560,20261008,50.59,66.2,15.69,22601.0
1563,20261008,37.12,46.48,27.53,15507.0
1565,20261008,8.4,17.58,61.42,37746.0
1568,20261008,55.15,63.87,22.42,9601.0
1569,20261008,46.73,55.95,24.84,24794.0
1570,20261008,44.49,56.32,22.65,34856.0
1571,20261008,0.0,67.23,7.29,9.0
1573,20261008,0.0,0.0,13.92,17.0
1575,20261008,0.0,0.0,99.99,9.0
1577,20261008,0.0,0.0,99.99,19.0
1580,20261008,29.88,39.24,43.89,27751.0
1582,20261008,25.79,30.27,52.0,66265.0
1583,20261008,89.51,91.25,5.58,2488.0
1584,20261008,36.57,40.74,40.66,56116.0
1585,20261008,46.04,65.76,10.75,934.0
1586,20261008,61.71,72.81,16.56,11898.0
1587,20261008,37.92,47.31,35.16,11748.0
1589,20261008,21.0,28.35,48.48,43144.0
1590,20261008,52.67,73.68,6.69,7433.0
1591,20261008,8.04,19.45,47.38,32303.0
1592,20261008,18.1,26.47,40.5,6278.0
1593,20261008,35.43,50.05,27.44,3304.0
1594,20261008,75.4,82.82,7.55,635.0
1595,20261008,34.44,44.27,33.56,10396.0
1597,20261008,37.99,49.19,36.51,20107.0
1598,20261008,52.77,60.28,23.39,10568.0
1599,20261008,56.87,65.01,24.74,11741.0
1601,20261008,6.33,11.6,55.06,16632.0
1602,20261008,9.58,12.18,77.57,273655.0
1603,20261008,69.61,72.74,19.4,13403.0
1604,20261008,52.91,58.63,28.26,101645.0
1605,20261008,73.83,76.23,17.08,242480.0
1606,20261008,9.57,15.97,55.86,77395.0
1608,20261008,63.45,66.57,24.83,48460.0
1609,20261008,29.51,33.62,52.66,194328.0
1611,20261008,43.36,52.01,35.08,87198.0
1612,20261008,55.17,61.67,28.07,37183.0
1613,20261008,47.38,57.74,23.02,22763.0
1614,20261008,75.53,83.15,5.32,5554.0
1615,20261008,76.77,80.66,12.79,8699.0
1616,20261008,56.04,60.08,28.2,14568.0
1617,20261008,70.37,76.66,15.59,11899.0
1618,20261008,52.94,57.84,32.32,21943.0
1623,20261008,73.47,77.1,16.06,5840.0
1626,20261008,60.14,69.68,15.34,9797.0
1702,20261008,55.04,58.01,32.79,63806.0
1707,20261008,40.34,50.64,35.33,68878.0
1708,20261008,35.39,40.93,47.96,84773.0
1709,20261008,59.91,67.99,20.24,48247.0
1710,20261008,58.03,63.07,23.43,58695.0
1711,20261008,40.68,45.95,39.68,98282.0
1712,20261008,47.51,56.34,27.33,82462.0
1713,20261008,68.37,74.22,13.36,23498.0
1714,20261008,49.09,54.2,29.35,104276.0
1717,20261008,61.28,66.98,23.39,98860.0
1718,20261008,49.2,54.0,31.8,185214.0
1720,20261008,61.39,64.63,24.08,16042.0
1721,20261008,32.39,38.75,45.87,67801.0
1722,20261008,56.9,62.72,23.62,122918.0
1723,20261008,46.99,52.13,35.83,62810.0
1725,20261008,93.1,94.45,3.95,3556.0
1726,20261008,83.56,85.67,8.8,9514.0
1727,20261008,49.3,55.29,35.26,25857.0
1729,20261008,85.85,91.4,5.83,4205.0
1730,20261008,53.73,57.3,36.27,10007.0
1731,20261008,51.75,55.7,28.51,18375.0
1732,20261008,44.13,46.4,40.29,38015.0
1733,20261008,32.14,44.35,37.08,38245.0
1734,20261008,41.97,50.01,32.03,70234.0
1735,20261008,77.79,78.8,14.97,8392.0
1736,20261008,83.23,88.27,6.24,7945.0
1737,20261008,58.36,62.6,27.17,74598.0
1742,20261008,72.54,80.0,9.0,11264.0
1748,20261008,36.48,39.61,37.81,709.0
1752,20261008,58.32,63.48,25.35,8087.0
1760,20261008,33.89,43.01,39.77,38946.0
1762,20261008,36.1,46.07,36.38,53821.0
1763,20261008,100.0,100.0,0.0,1.0
1764,20261008,100.0,100.0,0.0,1.0
1765,20261008,100.0,100.0,0.0,1.0
1766,20261008,100.0,100.0,0.0,1.0
1773,20261008,68.75,74.37,14.67,16636.0
1775,20261008,100.0,100.0,0.0,1.0
1776,20261008,44.15,65.82,17.46,3208.0
1777,20261008,54.22,59.87,23.8,3352.0
1780,20261008,62.47,78.58,10.12,2519.0
1781,20261008,23.54,44.08,38.93,35662.0
1783,20261008,56.1,63.91,20.31,38006.0
1784,20261008,18.13,28.08,44.14,34484.0
1785,20261008,36.4,41.89,44.19,136567.0
1786,20261008,44.51,50.96,31.44,44841.0
1788,20261008,40.09,49.79,33.57,7710.0
1789,20261008,74.77,76.98,13.15,24537.0
1794,20261008,0.0,0.0,52.35,131.0
1795,20261008,53.15,57.57,33.15,43209.0
1796,20261008,45.18,55.77,17.92,7583.0
1799,20261008,64.09,66.14,20.69,18791.0
1802,20261008,76.45,78.25,17.57,187372.0
1805,20261008,70.41,77.79,10.05,9211.0
1806,20261008,70.93,74.6,17.73,24540.0
1807,20261008,38.25,47.41,29.89,7548.0
1808,20261008,78.64,80.71,12.42,27481.0
1809,20261008,42.49,47.13,44.03,53931.0
1810,20261008,56.93,62.32,28.02,23754.0
1813,20261008,33.67,47.73,34.86,9003.0
1814,20261008,53.7,78.82,8.05,451.0
1815,20261008,51.3,54.82,34.84,143258.0
1816,20261008,91.94,94.8,2.76,900.0
1817,20261008,58.35,64.99,19.31,4477.0
1818,20261008,63.87,75.49,6.17,135.0
1819,20261008,70.14,86.43,2.72,136.0
1903,20261008,74.9,81.28,8.66,20892.0
1904,20261008,63.77,68.39,21.13,322258.0
1905,20261008,68.63,71.01,22.0,70670.0
1906,20261008,70.05,74.28,17.52,12459.0
1907,20261008,82.13,85.59,8.54,81588.0
1909,20261008,63.51,67.9,18.58,84275.0
1918,20261008,17.87,20.85,57.03,30804.0
2002,20261008,49.31,53.1,31.82,1309244.0
2006,20261008,75.04,81.27,11.75,58263.0
2007,20261008,75.66,76.7,16.24,27377.0
2008,20261008,91.29,92.61,4.46,7459.0
2009,20261008,56.09,58.23,35.05,47289.0
2010,20261008,64.89,69.25,19.24,34504.0
2012,20261008,74.58,84.01,9.05,44577.0
2013,20261008,77.32,79.47,15.93,43729.0
2014,20261008,48.15,50.79,36.34,172355.0
2015,20261008,82.21,88.4,4.95,11604.0
2017,20261008,57.05,61.71,25.45,40703.0
2020,20261008,44.18,50.58,35.77,62184.0
2022,20261008,37.15,40.45,41.5,62107.0
2023,20261008,77.69,79.41,14.59,100870.0
2024,20261008,80.78,83.02,11.08,50328.0
2025,20261008,60.3,63.4,21.64,30231.0
2027,20261008,73.66,77.89,13.64,104584.0
2028,20261008,81.3,83.44,11.15,21244.0
2029,20261008,67.79,71.36,17.54,14188.0
2030,20261008,50.53,56.49,32.69,59538.0
2031,20261008,53.92,59.05,28.38,65069.0
2032,20261008,49.29,59.24,29.5,12418.0
2033,20261008,77.07,84.82,8.41,5032.0
2034,20261008,45.87,52.09,31.81,38504.0
2035,20261008,96.12,96.59,1.75,20704.0
2038,20261008,49.59,53.62,34.25,26296.0
2049,20261008,60.25,70.01,19.24,65348.0
2056,20261008,85.71,93.38,1.51,254.0
2058,20261008,18.56,26.04,42.53,37075.0
2059,20261008,54.48,64.58,13.59,62351.0
2060,20261008,87.22,87.22,2.77,135.0
2061,20261008,30.62,48.24,28.66,11555.0
2062,20261008,55.46,61.71,23.88,11465.0
2063,20261008,37.49,51.62,24.93,3384.0
2064,20261008,72.44,83.08,7.42,1621.0
2065,20261008,42.92,51.84,35.03,49540.0
2066,20261008,53.56,68.59,20.84,3078.0
2067,20261008,49.07,56.12,22.32,2217.0
2068,20261008,100.0,100.0,0.0,1.0
2069,20261008,56.11,63.86,22.32,9115.0
2070,20261008,47.35,63.12,28.22,5179.0
2071,20261008,73.14,83.92,6.62,954.0
2072,20261008,71.39,74.17,14.98,10338.0
2073,20261008,51.63,75.24,6.24,642.0
2101,20261008,57.51,63.81,19.6,37864.0
2102,20261008,76.84,80.7,10.73,79323.0
2103,20261008,56.02,60.63,23.7,80838.0
2104,20261008,37.78,45.88,30.35,107281.0
2105,20261008,77.33,80.32,12.35,81345.0
2106,20261008,74.67,79.56,11.88,33162.0
2107,20261008,60.0,64.82,23.33,47784.0
2108,20261008,65.34,71.06,20.37,52881.0
2109,20261008,66.32,74.57,13.06,35129.0
2113,20261008,0.0,0.0,99.97,14.0
2114,20261008,59.4,65.64,19.38,5250.0
2115,20261008,58.78,70.52,13.53,3581.0
2201,20261008,59.57,63.25,25.34,95157.0
2204,20261008,70.45,73.39,19.5,42550.0
2206,20261008,81.74,85.57,9.44,67583.0
2207,20261008,83.03,89.71,3.24,13420.0
2208,20261008,49.49,54.77,29.5,122682.0
2211,20261008,76.87,79.98,13.49,25170.0
2221,20261008,64.24,64.24,25.14,7788.0
2226,20261008,100.0,100.0,0.0,1.0
2227,20261008,93.24,93.61,5.18,7424.0
2228,20261008,53.88,56.24,32.05,9655.0
2229,20261008,0.0,41.04,24.5,59.0
2230,20261008,34.04,46.07,30.5,11742.0
2231,20261008,60.93,65.85,24.21,13547.0
2233,20261008,34.47,41.98,42.02,38589.0
2235,20261008,76.08,83.99,13.26,1355.0
2236,20261008,59.75,70.89,13.91,3564.0
2237,20261008,70.63,76.93,10.47,3252.0
2239,20261008,78.15,80.12,9.27,2705.0
2241,20261008,32.48,44.73,30.16,29618.0
2243,20261008,50.71,67.1,13.98,2743.0
2245,20261008,66.91,80.24,7.58,499.0
2246,20261008,65.07,68.53,18.41,2884.0
2247,20261008,72.7,76.68,15.83,7882.0
2248,20261008,67.57,78.29,8.97,931.0
2249,20261008,54.22,70.67,17.88,1360.0
2250,20261008,48.97,51.37,35.91,9457.0
2252,20261008,76.14,80.95,8.21,1706.0
2254,20261008,82.68,92.83,2.34,2744.0
2255,20261008,71.25,80.29,10.35,1923.0
2256,20261008,42.51,56.4,22.8,2430.0
2258,20261008,92.85,93.94,2.94,8957.0
2301,20261008,75.07,80.82,13.06,190181.0
2302,20261008,58.98,63.7,28.67,24138.0
2303,20261008,70.94,73.7,20.41,1031979.0
2305,20261008,61.36,64.99,25.54,26153.0
2308,20261008,73.95,80.95,10.62,590692.0
2312,20261008,44.16,48.62,39.46,198383.0
2313,20261008,55.29,60.9,32.53,284034.0
2314,20261008,5.51,11.56,67.73,52868.0
2316,20261008,56.74,64.46,27.73,60939.0
2317,20261008,66.54,69.25,22.76,1145174.0
2318,20261008,22.83,27.03,51.42,28522.0
2321,20261008,67.91,71.62,24.11,14025.0
2323,20261008,100.0,100.0,0.0,1.0
2324,20261008,57.6,61.6,28.52,328077.0
2326,20261008,6.53,12.72,65.6,48253.0
2327,20261008,63.74,68.45,23.75,585575.0
2328,20261008,38.34,42.35,45.48,116916.0
2329,20261008,47.02,50.9,39.32,127952.0
2330,20261008,84.78,87.54,8.76,3007088.0
2331,20261008,54.6,59.07,30.05,56108.0
2332,20261008,29.08,34.96,44.06,103162.0
2333,20261008,20.4,29.07,52.28,87613.0
2335,20261008,25.39,35.58,38.13,6027.0
2337,20261008,35.86,40.61,47.68,488320.0
2338,20261008,39.85,44.97,43.61,86568.0
2340,20261008,39.61,45.07,40.16,106343.0
2341,20261008,86.94,86.94,11.14,23847.0
2342,20261008,32.41,37.53,52.19,142907.0
2344,20261008,65.43,68.93,24.17,558369.0
2345,20261008,56.81,69.98,11.36,112028.0
2347,20261008,85.1,88.95,6.67,39372.0
2348,20261008,65.26,69.56,22.57,25115.0
2349,20261008,21.37,28.4,49.53,142858.0
2351,20261008,67.07,75.73,15.37,22333.0
2352,20261008,43.44,48.34,35.95,191692.0
2353,20261008,33.28,37.92,45.88,388806.0
2354,20261008,46.05,48.83,40.87,185806.0
2355,20261008,33.43,41.49,44.96,76056.0
2356,20261008,70.03,73.29,20.99,248557.0
2357,20261008,65.01,74.53,14.5,110371.0
2358,20261008,24.3,28.06,52.1,39722.0
2359,20261008,38.9,45.28,45.9,64356.0
2360,20261008,51.76,70.36,8.3,33826.0
2361,20261008,47.24,52.97,32.06,19311.0
2362,20261008,76.93,81.18,12.8,31099.0
2363,20261008,32.07,36.25,50.59,128961.0
2364,20261008,51.35,56.2,32.19,56025.0
2365,20261008,19.15,23.13,65.06,98198.0
2367,20261008,24.98,28.71,60.76,190007.0
2368,20261008,68.02,76.65,12.76,115443.0
2369,20261008,25.5,30.57,57.18,127799.0
2371,20261008,43.67,48.34,36.23,267856.0
2373,20261008,86.23,87.29,10.1,14093.0
2374,20261008,21.19,25.46,60.51,104228.0
2375,20261008,14.02,24.01,67.11,77810.0
2376,20261008,65.3,73.46,18.62,91717.0
2377,20261008,62.18,69.11,23.1,94268.0
2378,20261008,26.97,33.79,41.7,17775.0
2379,20261008,59.78,74.7,10.31,85293.0
2380,20261008,32.8,35.96,48.14,23611.0
2381,20261008,0.0,0.0,32.56,2565.0
2382,20261008,81.17,84.86,11.16,281817.0
2383,20261008,55.55,68.48,12.97,123085.0
2384,20261008,20.93,28.02,45.07,157955.0
2385,20261008,68.69,74.07,17.41,51394.0
2387,20261008,52.57,58.29,29.65,16879.0
2388,20261008,67.52,71.08,21.9,54425.0
2390,20261008,33.77,38.67,44.31,62140.0
2392,20261008,45.21,49.82,38.69,65890.0
2393,20261008,59.72,67.24,21.85,50810.0
2395,20261008,77.17,84.8,5.43,34838.0
2396,20261008,37.15,45.53,28.69,56582.0
2397,20261008,65.62,69.4,21.87,9029.0
2398,20261008,32.81,36.6,42.05,38395.0
2399,20261008,23.26,33.49,53.59,54122.0
2401,20261008,35.08,41.37,42.75,131306.0
2402,20261008,34.06,39.54,48.49,81615.0
2404,20261008,42.15,56.8,25.22,61166.0
2405,20261008,19.29,24.4,55.01,96653.0
2406,20261008,16.54,23.14,60.18,116758.0
2407,20261008,27.91,37.9,33.71,48627.0
2408,20261008,81.04,83.72,11.57,345301.0
2409,20261008,46.41,50.88,33.48,658732.0
2410,20261008,23.72,36.36,29.82,12536.0
2412,20261008,78.0,79.77,14.08,296065.0
2413,20261008,50.78,54.89,35.56,28042.0
2414,20261008,49.81,59.69,25.89,15635.0
2415,20261008,54.54,64.12,27.34,9222.0
2417,20261008,39.0,41.8,46.86,61360.0
2418,20261008,42.18,47.83,32.32,64429.0
2419,20261008,62.56,64.84,27.48,37529.0
2420,20261008,40.0,49.1,37.19,38946.0
2421,20261008,52.76,64.62,21.93,52784.0
2423,20261008,69.55,75.94,11.66,6170.0
2424,20261008,79.18,80.85,14.05,4330.0
2425,20261008,38.66,47.41,39.88,43968.0
2426,20261008,44.54,49.11,37.89,107905.0
2427,20261008,49.79,53.61,34.3,21701.0
2428,20261008,51.74,59.66,25.94,19201.0
2429,20261008,43.01,48.7,39.84,27477.0
2430,20261008,57.11,63.51,25.54,37834.0
2431,20261008,36.0,42.04,41.57,51365.0
2432,20261008,72.93,78.2,10.16,1269.0
2433,20261008,77.73,78.94,16.13,7820.0
2434,20261008,74.38,79.29,17.86,5936.0
2435,20261008,28.75,32.68,47.08,8963.0
2436,20261008,19.06,27.74,57.03,73998.0
2438,20261008,49.37,58.39,26.38,26519.0
2439,20261008,21.3,28.95,56.02,71891.0
2440,20261008,67.61,70.34,18.76,8561.0
2441,20261008,64.61,69.66,23.0,57765.0
2442,20261008,48.44,54.81,27.31,50831.0
2443,20261008,45.97,55.25,26.83,30669.0
2444,20261008,22.8,31.96,44.56,36512.0
2445,20261008,12.45,15.7,57.58,6213.0
2449,20261008,57.02,63.08,28.14,260422.0
2450,20261008,75.97,76.82,18.34,17500.0
2451,20261008,65.64,70.97,19.04,44761.0
2453,20261008,41.48,48.21,41.87,25384.0
2454,20261008,63.42,73.45,12.32,618964.0
2455,20261008,38.02,52.36,27.85,68732.0
2457,20261008,24.5,29.28,54.04,111916.0
2458,20261008,48.56,56.97,31.23,64178.0
2459,20261008,41.95,52.83,27.29,15059.0
2460,20261008,53.76,58.5,27.49,44325.0
2461,20261008,35.64,45.64,31.98,49997.0
2462,20261008,50.28,56.14,28.88,26054.0
2464,20261008,36.05,44.47,42.24,94845.0
2465,20261008,32.09,40.14,43.51,48443.0
2466,20261008,81.39,87.38,7.82,5911.0
2467,20261008,58.6,68.92,19.53,48326.0
2468,20261008,50.02,50.02,39.64,11621.0
2471,20261008,6.74,24.75,58.61,36678.0
2472,20261008,45.21,55.48,36.29,40220.0
2474,20261008,68.15,72.71,20.02,51100.0
2475,20261008,64.61,71.18,14.68,226515.0
2476,20261008,60.25,68.53,19.92,18229.0
2477,20261008,67.07,73.98,18.06,11707.0
2478,20261008,46.28,56.66,31.37,59379.0
2479,20261008,25.73,32.51,51.59,13052.0
2480,20261008,18.32,32.37,44.54,41624.0
2481,20261008,51.24,57.84,34.73,102815.0
2482,20261008,35.02,41.08,46.24,38571.0
2483,20261008,56.27,61.76,25.85,9979.0
2484,20261008,22.01,31.54,58.36,85412.0
2485,20261008,16.97,21.31,68.53,138782.0
2486,20261008,28.24,35.11,47.63,91495.0
2488,20261008,44.68,52.72,28.8,40661.0
2489,20261008,24.8,28.83,58.58,134798.0
2490,20261008,15.55,21.55,48.91,15410.0
2491,20261008,67.35,73.65,17.63,13377.0
2492,20261008,64.39,67.92,25.99,111760.0
2493,20261008,41.06,49.17,36.88,46540.0
2494,20261008,73.06,81.48,14.99,10286.0
2495,20261008,46.54,50.69,36.76,38059.0
2496,20261008,34.9,49.57,32.0,4288.0
2497,20261008,57.56,65.4,23.93,11982.0
2498,20261008,33.27,38.82,44.97,164979.0
2499,20261008,38.01,44.22,33.18,47811.0
2501,20261008,71.5,76.5,14.19,44543.0
2504,20261008,70.15,75.28,14.54,89843.0
2505,20261008,75.54,79.8,11.92,23723.0
2506,20261008,72.34,76.86,13.85,65242.0
2509,20261008,63.9,69.72,17.59,16327.0
2511,20261008,75.36,80.75,9.0,45812.0
2512,20261008,25.07,34.24,35.06,43893.0
2514,20261008,84.81,87.99,6.25,17642.0
2515,20261008,53.2,60.58,23.03,140934.0
2516,20261008,65.93,73.12,14.5,48838.0
2520,20261008,71.54,75.18,16.05,76201.0
2521,20261008,25.86,35.28,38.19,25281.0
2523,20261008,36.06,44.81,28.65,14026.0
2524,20261008,91.73,93.18,4.12,7602.0
2525,20261008,20.41,31.86,37.89,52505.0
2527,20261008,77.43,81.65,9.12,7015.0
2528,20261008,78.99,84.04,7.41,8329.0
2530,20261008,81.89,85.9,5.86,30784.0
2533,20261008,26.27,38.5,37.64,14037.0
2534,20261008,66.19,73.0,14.81,63113.0
2535,20261008,54.95,60.3,25.87,63456.0
2536,20261008,69.66,77.76,9.23,8412.0
2537,20261008,52.63,61.35,23.23,43261.0
2538,20261008,65.26,74.02,12.08,28639.0
2539,20261008,84.77,87.3,6.54,21121.0
2540,20261008,89.27,91.04,5.2,17311.0
2542,20261008,61.05,64.53,23.55,111730.0
2543,20261008,67.59,71.66,18.59,31835.0
2545,20261008,74.15,76.85,15.32,16362.0
2546,20261008,59.26,63.74,23.73,53528.0
2547,20261008,63.84,70.39,15.08,74302.0
2548,20261008,38.7,48.81,34.45,41060.0
2553,20261008,11.19,18.95,60.54,19278.0
2566,20261008,0.0,0.0,62.13,325.0
2569,20261008,74.73,83.38,5.97,61.0
2572,20261008,57.57,83.39,4.57,14.0
2591,20261008,0.0,0.0,66.79,80.0
2592,20261008,82.1,90.43,3.09,57.0
2596,20261008,61.71,72.17,12.67,3218.0
2597,20261008,78.07,81.66,10.39,13012.0
2599,20261008,51.87,66.13,8.55,1372.0
2601,20261008,24.1,29.77,48.24,81127.0
2603,20261008,70.4,75.43,17.59,268577.0
2605,20261008,49.24,55.14,31.61,104927.0
2606,20261008,74.96,78.49,14.79,45296.0
2607,20261008,71.44,78.07,13.2,38619.0
2608,20261008,71.33,76.61,16.64,51790.0
2609,20261008,60.57,63.67,30.12,349632.0
2610,20261008,70.07,72.97,18.14,241919.0
2611,20261008,44.15,48.87,38.66,50395.0
2612,20261008,72.56,76.65,16.2,36461.0
2613,20261008,49.67,56.54,32.28,39948.0
2614,20261008,39.56,44.29,39.61,101030.0
2615,20261008,86.51,89.44,7.15,91697.0
2616,20261008,41.0,44.74,43.4,213289.0
2617,20261008,60.42,65.6,23.15,27390.0
2618,20261008,79.73,82.91,11.34,193371.0
2622,20261008,0.0,0.0,29.0,11.0
2626,20261008,0.0,0.0,78.3,296.0
2630,20261008,61.71,63.8,29.36,23112.0
2633,20261008,85.06,86.87,8.68,104752.0
2634,20261008,46.3,48.8,38.19,114798.0
2636,20261008,37.85,44.39,42.86,55025.0
2637,20261008,78.57,83.86,8.2,23400.0
2639,20261008,99.01,99.01,0.74,1106.0
2640,20261008,58.17,73.58,11.25,3458.0
2641,20261008,23.02,28.23,50.7,79855.0
2642,20261008,60.38,60.38,35.63,19467.0
2643,20261008,58.84,64.02,27.67,4255.0
2644,20261008,74.84,80.06,9.3,2493.0
2645,20261008,78.08,80.92,13.6,30885.0
2646,20261008,63.42,65.07,26.84,240848.0
2701,20261008,84.8,86.37,7.15,14677.0
2702,20261008,72.55,73.71,17.7,12308.0
2704,20261008,83.75,88.71,5.22,30422.0
2705,20261008,60.59,66.81,22.37,83094.0
2706,20261008,81.55,85.5,6.91,15987.0
2707,20261008,54.67,60.9,29.6,18078.0
2712,20261008,86.86,90.79,5.22,2005.0
2714,20261008,0.0,0.0,99.98,3933.0
2717,20261008,0.0,0.0,1.88,8.0
2718,20261008,88.24,88.24,6.36,2613.0
2719,20261008,89.18,90.67,8.08,3271.0
2720,20261008,48.9,61.03,14.08,2751.0
2722,20261008,82.28,87.45,8.33,4863.0
2723,20261008,62.32,69.82,17.48,8875.0
2724,20261008,81.39,84.84,5.52,1037.0
2726,20261008,49.98,65.0,18.82,2433.0
2727,20261008,19.14,41.58,36.95,148290.0
2729,20261008,59.59,68.14,24.59,6134.0
2730,20261008,86.67,86.67,4.7,2322.0
2731,20261008,35.04,44.07,43.17,30447.0
2732,20261008,54.16,59.23,33.26,6042.0
2733,20261008,84.45,86.6,7.23,567.0
2734,20261008,31.34,38.99,44.19,28689.0
2735,20261008,0.0,0.0,99.99,21.0
2736,20261008,46.33,55.95,26.32,6257.0
2738,20261008,94.86,97.88,0.17,57.0
2739,20261008,68.0,73.92,17.37,5336.0
2740,20261008,72.53,72.53,7.0,2928.0
2741,20261008,48.86,64.85,21.29,1718.0
2743,20261008,50.27,52.86,37.34,6696.0
2745,20261008,51.28,51.28,37.97,5216.0
2748,20261008,59.44,61.51,27.44,9489.0
2749,20261008,33.27,75.15,6.11,248.0
2750,20261008,88.06,98.53,0.2,180.0
2751,20261008,60.31,60.31,21.67,1555.0
2752,20261008,40.59,63.58,16.22,2583.0
2753,20261008,41.6,56.51,27.0,11695.0
2754,20261008,66.51,73.04,18.48,4337.0
2755,20261008,58.22,66.2,17.61,3869.0
2756,20261008,53.58,71.11,14.57,1574.0
2758,20261008,46.27,73.57,13.41,7431.0
2759,20261008,100.0,100.0,0.0,1.0
2760,20261008,84.47,89.3,2.76,169.0
2761,20261008,46.07,57.63,14.66,671.0
2762,20261008,80.85,85.45,8.79,6213.0
2801,20261008,74.1,77.66,11.08,282833.0
2807,20261008,0.0,0.0,92.69,7180.0
2811,20261008,26.45,34.57,38.86,52198.0
2812,20261008,53.63,58.91,21.26,249046.0
2816,20261008,75.22,80.89,8.67,10353.0
2820,20261008,61.84,65.77,19.91,73690.0
2825,20261008,0.0,5.74,87.64,9434.0
2827,20261008,29.7,36.75,38.38,30306.0
2831,20261008,57.24,62.1,19.42,42037.0
2832,20261008,63.69,69.4,16.62,19623.0
2834,20261008,54.59,60.23,20.45,396689.0
2836,20261008,82.58,85.48,7.77,35395.0
2838,20261008,88.7,90.41,5.41,50739.0
2841,20261008,50.11,57.39,20.67,60330.0
2845,20261008,70.78,75.57,11.74,101831.0
2849,20261008,98.04,98.53,0.85,9826.0
2850,20261008,58.05,68.12,18.68,17803.0
2851,20261008,66.27,71.6,16.22,27319.0
2852,20261008,52.99,66.08,17.03,21709.0
2855,20261008,72.6,77.73,11.41,55964.0
2880,20261008,79.57,82.05,10.11,470769.0
2881,20261008,84.64,86.81,8.59,377271.0
2882,20261008,83.54,85.94,9.14,398530.0
2883,20261008,65.33,69.06,18.27,725855.0
2884,20261008,70.29,74.4,15.02,624017.0
2885,20261008,80.28,83.0,10.97,458166.0
2886,20261008,81.83,83.33,11.71,458889.0
2887,20261008,71.56,75.55,13.22,715952.0
2889,20261008,68.82,71.52,18.79,227210.0
2890,20261008,78.17,81.34,11.09,453292.0
2891,20261008,79.06,81.88,11.23,580659.0
2892,20261008,68.5,72.38,15.21,435834.0
2897,20261008,82.33,86.59,6.41,27372.0
2901,20261008,71.6,79.17,10.94,13498.0
2902,20261008,36.81,47.86,29.67,11473.0
2903,20261008,76.5,79.5,12.57,58852.0
2904,20261008,50.17,54.28,32.72,16774.0
2905,20261008,80.84,84.26,8.07,26864.0
2906,20261008,59.26,65.14,21.42,17527.0
2908,20261008,90.2,92.37,4.56,10743.0
2910,20261008,92.95,96.61,0.85,1354.0
2911,20261008,40.97,45.99,40.69,39528.0
2912,20261008,79.08,83.52,11.4,75776.0
2913,20261008,50.17,57.08,26.18,112966.0
2915,20261008,64.09,69.86,16.68,57654.0
2916,20261008,51.1,58.97,25.08,4609.0
2920,20261008,35.79,35.79,46.63,974.0
2923,20261008,99.35,99.53,0.26,5118.0
2924,20261008,84.08,89.45,2.8,466.0
2926,20261008,65.22,74.65,11.78,2123.0
2929,20261008,24.98,32.74,41.87,50302.0
2936,20261008,98.55,99.52,0.22,154.0
2937,20261008,73.56,85.43,3.95,968.0
2938,20261008,67.54,71.37,21.43,1431.0
2939,20261008,53.99,76.3,9.34,7045.0
2940,20261008,17.01,58.23,3.4,237.0
2941,20261008,20.62,63.86,12.09,3072.0
2942,20261008,88.06,90.71,5.1,1641.0
2945,20261008,83.48,83.48,11.82,3206.0
2947,20261008,54.68,62.81,12.98,11705.0
2948,20261008,69.1,80.39,10.43,1080.0
2949,20261008,61.04,81.77,6.61,2798.0
3001,20261008,10.83,19.57,50.62,6673.0
3002,20261008,59.16,65.25,24.09,9080.0
3003,20261008,53.45,60.34,28.25,15650.0
3004,20261008,45.72,58.77,24.46,18300.0
3005,20261008,68.63,73.51,17.07,48435.0
3006,20261008,43.38,53.93,32.48,72054.0
3008,20261008,41.01,55.45,23.0,129248.0
3010,20261008,52.66,63.32,22.22,49670.0
3011,20261008,27.35,36.31,40.8,48780.0
3013,20261008,39.43,44.13,45.88,52545.0
3014,20261008,21.23,31.82,47.86,55511.0
3015,20261008,54.57,63.38,24.58,16797.0
3016,20261008,75.77,78.4,16.36,35715.0
3017,20261008,54.68,67.84,13.58,100389.0
3018,20261008,62.19,64.28,28.16,36546.0
3019,20261008,33.34,38.8,50.33,96012.0
3020,20261008,99.45,99.45,0.52,1634.0
3021,20261008,65.36,70.54,21.03,8575.0
3022,20261008,60.74,65.83,22.89,17041.0
3023,20261008,56.88,70.24,13.26,51674.0
3024,20261008,36.63,50.25,28.37,57354.0
3025,20261008,12.38,23.23,55.28,41606.0
3026,20261008,36.26,56.96,29.59,72822.0
3027,20261008,33.48,43.69,40.56,47716.0
3028,20261008,37.88,42.73,44.19,55417.0
3029,20261008,35.64,42.82,42.1,63715.0
3030,20261008,51.42,57.65,28.32,36002.0
3031,20261008,56.79,58.62,32.99,18920.0
3032,20261008,44.38,52.59,30.01,33048.0
3033,20261008,31.75,38.6,42.67,96947.0
3034,20261008,59.49,71.49,14.5,90666.0
3035,20261008,30.14,34.6,53.32,109143.0
3036,20261008,78.12,83.53,10.01,84986.0
3037,20261008,71.22,79.16,11.41,254212.0
3038,20261008,33.37,41.12,41.97,49788.0
3039,20261008,17.71,33.29,31.87,5427.0
3040,20261008,62.11,67.16,22.85,23481.0
3041,20261008,23.0,26.97,57.87,69675.0
3042,20261008,50.28,57.85,30.44,87921.0
3043,20261008,14.4,19.69,53.2,54663.0
3044,20261008,70.05,80.96,8.27,32641.0
3045,20261008,90.44,93.03,4.37,59049.0
3046,20261008,46.74,53.66,33.26,19859.0
3047,20261008,15.13,20.4,61.91,67383.0
3048,20261008,40.8,47.29,41.76,80935.0
3049,20261008,43.21,46.68,38.95,117655.0
3050,20261008,42.77,52.28,32.72,42043.0
3051,20261008,25.69,34.36,44.06,66537.0
3052,20261008,48.06,58.68,22.09,48876.0
3053,20261008,27.94,54.35,24.69,1488.0
3054,20261008,84.66,87.76,6.17,3367.0
3055,20261008,55.99,66.73,23.12,28322.0
3056,20261008,27.54,33.98,43.19,71559.0
3057,20261008,32.89,34.49,46.48,37287.0
3058,20261008,15.63,22.08,53.5,49695.0
3059,20261008,19.24,23.55,59.71,95166.0
3060,20261008,13.23,21.25,54.07,69937.0
3062,20261008,16.19,24.12,57.97,71970.0
3064,20261008,60.15,63.47,20.25,2927.0
3065,20261008,78.86,83.62,7.37,1469.0
3066,20261008,67.14,73.62,16.04,4964.0
3067,20261008,63.62,71.33,9.61,752.0
3069,20261008,35.56,35.56,45.77,1424.0
3070,20261008,18.25,51.25,14.26,172.0
3071,20261008,55.15,58.42,31.92,11179.0
3072,20261008,0.0,0.0,49.25,58.0
3073,20261008,37.96,57.73,24.55,4132.0
3075,20261008,70.68,70.68,20.9,431.0
3076,20261008,53.02,53.02,8.59,31.0
3077,20261008,0.0,0.0,64.41,90.0
3078,20261008,28.5,36.73,47.45,58797.0
3079,20261008,19.24,32.07,42.21,4363.0
3081,20261008,28.68,47.29,27.56,77632.0
3082,20261008,0.0,0.0,58.5,66.0
3083,20261008,53.1,56.62,33.78,8747.0
3084,20261008,0.0,0.0,56.17,225.0
3085,20261008,100.0,100.0,0.0,1.0
3086,20261008,83.01,85.65,9.22,7943.0
3087,20261008,97.95,97.95,1.85,442.0
3088,20261008,36.33,48.99,33.79,16238.0
3090,20261008,54.43,61.49,31.59,71918.0
3091,20261008,0.0,0.0,99.97,95.0
3092,20261008,30.28,38.13,41.35,32035.0
3093,20261008,71.63,76.5,17.14,7669.0
3094,20261008,17.62,24.05,57.87,44048.0
3095,20261008,41.42,54.41,27.66,25362.0
3096,20261008,38.62,50.21,23.93,666.0
3097,20261008,81.35,86.79,4.56,638.0
3098,20261008,0.0,0.0,50.06,76.0
3099,20261008,23.26,37.67,30.57,13799.0
3105,20261008,56.03,62.05,27.53,108185.0
3114,20261008,43.37,52.52,30.31,9251.0
3115,20261008,85.38,86.25,5.38,17816.0
3116,20261008,83.52,83.52,9.77,18.0
3117,20261008,42.7,54.91,23.8,1548.0
3118,20261008,18.62,38.03,33.85,41932.0
3122,20261008,15.85,26.6,52.43,46108.0
3126,20261008,31.93,44.15,20.08,2744.0
3128,20261008,23.75,32.08,47.9,49356.0
3130,20261008,49.29,53.96,32.98,7367.0
3131,20261008,35.2,46.97,24.28,32433.0
3133,20261008,46.91,63.27,13.81,492.0
3135,20261008,42.31,48.04,40.58,21830.0
3137,20261008,0.0,0.0,27.46,80.0
3138,20261008,18.98,26.07,58.89,32174.0
3141,20261008,12.57,26.74,54.26,31869.0
3142,20261008,38.74,51.28,18.25,5169.0
3146,20261008,0.0,0.0,4.79,16.0
3147,20261008,47.6,54.52,26.74,7002.0
3149,20261008,19.74,25.47,55.65,68749.0
3150,20261008,46.29,53.98,21.26,5745.0
3151,20261008,26.17,36.97,37.42,656.0
3152,20261008,28.24,43.76,34.81,8676.0
3158,20261008,23.44,36.07,22.69,1772.0
3159,20261008,20.39,28.6,35.37,483.0
3161,20261008,82.62,95.15,2.9,179.0
3162,20261008,55.29,62.08,23.73,13706.0
3163,20261008,17.0,26.26,58.69,100796.0
3164,20261008,40.03,55.29,27.38,22649.0
3166,20261008,94.66,96.38,1.63,98.0
3167,20261008,46.11,56.99,22.69,26039.0
3168,20261008,66.9,75.47,11.7,2508.0
3169,20261008,28.6,37.45,40.33,27281.0
3171,20261008,71.96,76.91,14.42,2276.0
3176,20261008,30.58,37.27,39.44,45523.0
3177,20261008,60.86,75.32,16.75,205.0
3178,20261008,61.31,64.36,24.05,4557.0
3179,20261008,16.07,30.35,9.78,110.0
3184,20261008,47.66,55.83,26.87,3539.0
3185,20261008,0.0,0.0,19.16,32.0
3186,20261008,77.49,77.49,17.64,2283.0
3188,20261008,67.85,75.74,12.45,7361.0
3189,20261008,70.19,76.08,15.24,107846.0
3190,20261008,71.03,74.69,2.31,59.0
3191,20261008,47.61,54.41,27.1,18233.0
3192,20261008,0.0,0.0,20.84,7.0
3193,20261008,0.0,0.0,99.98,13.0
3194,20261008,53.34,72.84,7.66,169.0
3196,20261008,0.0,0.0,100.0,2.0
3202,20261008,19.46,24.59,52.83,37700.0
3205,20261008,61.71,66.35,19.08,31173.0
3206,20261008,42.7,55.19,28.93,23238.0
3207,20261008,22.18,37.34,32.55,21382.0
3208,20261008,46.49,46.49,22.7,107.0
3209,20261008,33.94,41.48,40.25,58350.0
3211,20261008,40.62,52.12,39.35,81826.0
3212,20261008,0.0,0.0,25.0,13.0
3213,20261008,16.7,29.38,48.64,46777.0
3216,20261008,0.0,0.0,99.99,5.0
3217,20261008,31.08,41.79,43.23,15817.0
3218,20261008,48.78,55.63,33.7,18082.0
3219,20261008,75.92,83.02,11.86,4317.0
3221,20261008,10.11,26.58,56.9,48108.0
3222,20261008,0.0,0.0,99.99,11.0
3223,20261008,0.0,0.0,3.92,31.0
3224,20261008,63.53,71.95,15.33,16469.0
3226,20261008,71.4,87.86,3.25,1226.0
3227,20261008,25.1,38.66,44.63,57242.0
3228,20261008,18.83,22.96,56.08,34666.0
3229,20261008,67.46,68.23,23.31,11455.0
3230,20261008,46.83,54.04,30.41,19487.0
3231,20261008,65.2,69.5,22.69,346621.0
3232,20261008,43.97,58.25,22.14,14649.0
3233,20261008,0.0,0.0,77.67,38.0
3234,20261008,23.62,32.38,47.49,46460.0
3236,20261008,29.43,33.55,54.35,64244.0
3237,20261008,0.0,0.0,63.84,104.0
3239,20261008,0.0,94.47,5.52,9.0
3240,20261008,99.94,99.94,0.04,3.0
3252,20261008,66.32,79.14,12.14,2617.0
3257,20261008,37.1,44.24,40.67,28501.0
3258,20261008,7.58,10.19,70.77,91865.0
3259,20261008,62.61,70.97,15.25,3793.0
3260,20261008,26.35,32.52,54.45,145994.0
3264,20261008,58.26,65.48,23.88,92929.0
3265,20261008,60.08,69.46,19.63,13955.0
3266,20261008,89.14,90.48,4.13,3670.0
3267,20261008,26.96,29.65,26.34,532.0
3268,20261008,27.97,34.07,40.91,42684.0
3272,20261008,45.51,50.3,37.05,9075.0
3274,20261008,0.0,74.43,5.2,34.0
3276,20261008,53.94,59.65,23.77,47220.0
3278,20261008,0.0,0.0,99.98,18.0
3279,20261008,0.0,0.0,54.47,113.0
3280,20261008,100.0,100.0,0.0,1.0
3283,20261008,15.13,49.64,18.24,146.0
3284,20261008,66.54,69.76,18.7,21765.0
3285,20261008,51.8,65.29,14.79,9753.0
3286,20261008,0.0,0.0,99.98,45.0
3287,20261008,48.76,58.49,25.94,3789.0
3288,20261008,36.75,48.2,28.04,11379.0
3289,20261008,13.09,26.29,55.22,58534.0
3290,20261008,39.57,53.59,26.38,26392.0
3293,20261008,48.88,58.96,28.31,97992.0
3294,20261008,45.96,50.81,38.25,17006.0
3295,20261008,0.0,0.0,47.65,18.0
3296,20261008,70.76,77.02,12.13,6959.0
3297,20261008,36.6,50.46,38.28,9819.0
3301,20261008,70.3,79.23,7.01,996.0
3302,20261008,0.0,0.0,1.84,3.0
3303,20261008,34.79,47.87,31.44,14155.0
3304,20261008,9.88,33.55,23.66,424.0
3305,20261008,35.63,42.44,45.23,60419.0
3306,20261008,43.14,48.9,39.52,29715.0
3308,20261008,59.25,62.01,27.78,10249.0
3309,20261008,53.91,77.1,5.02,24.0
3310,20261008,70.49,82.37,6.79,1708.0
3311,20261008,53.46,61.02,27.27,38538.0
3312,20261008,42.6,44.5,44.96,68641.0
3313,20261008,74.35,76.27,15.9,34086.0
3317,20261008,22.89,28.72,59.0,62611.0
3318,20261008,41.84,56.8,11.47,924.0
3320,20261008,0.0,0.0,6.08,5.0
3321,20261008,37.66,48.0,30.59,28424.0
3322,20261008,30.02,34.75,39.15,64918.0
3323,20261008,15.63,20.6,65.37,69025.0
3324,20261008,34.27,60.25,26.0,62207.0
3325,20261008,14.78,30.46,43.69,61044.0
3328,20261008,0.0,74.85,25.13,42.0
3330,20261008,0.0,0.0,100.0,4.0
3332,20261008,77.98,87.05,5.78,1691.0
3333,20261008,0.0,0.0,99.99,4.0
3334,20261008,89.35,91.54,3.09,127.0
3338,20261008,22.58,30.99,52.85,61877.0
3339,20261008,13.86,24.11,53.37,31197.0
3342,20261008,33.08,53.13,15.71,762.0
3343,20261008,39.29,44.66,17.6,869.0
3344,20261008,0.0,32.65,4.94,40.0
3345,20261008,93.93,95.55,1.32,101.0
3346,20261008,20.5,27.1,52.89,39220.0
3348,20261008,0.0,19.86,29.17,46.0
3349,20261008,26.39,50.33,17.66,1693.0
3350,20261008,0.0,14.05,37.45,923.0
3353,20261008,0.0,0.0,100.0,1.0
3354,20261008,70.56,71.7,23.44,6984.0
3355,20261008,0.0,0.0,99.99,8.0
3356,20261008,27.92,34.29,46.94,14260.0
3357,20261008,41.41,56.94,26.55,21010.0
3360,20261008,16.99,22.42,53.33,46651.0
3361,20261008,68.18,81.55,6.04,389.0
3362,20261008,49.95,59.91,30.29,31623.0
3363,20261008,27.84,36.76,41.54,72737.0
3364,20261008,0.0,0.0,40.5,216.0
3366,20261008,0.0,0.0,100.0,2.0
3369,20261008,54.42,56.22,27.64,4639.0
3370,20261008,0.0,0.0,70.1,47.0
3371,20261008,78.3,78.3,6.66,26.0
3372,20261008,50.98,54.08,33.18,56721.0
3373,20261008,25.05,26.43,57.47,35556.0
3374,20261008,62.02,66.76,25.51,53527.0
3376,20261008,27.0,39.62,45.02,57705.0
3377,20261008,35.71,64.25,8.51,241.0
3379,20261008,24.78,28.61,55.62,29790.0
3380,20261008,62.77,65.36,24.18,43172.0
3381,20261008,0.0,0.0,15.94,7.0
3383,20261008,38.5,48.48,32.05,11619.0
3386,20261008,100.0,100.0,0.0,1.0
3388,20261008,29.8,38.07,44.6,15155.0
3390,20261008,17.95,31.15,42.03,56111.0
3391,20261008,52.44,66.0,10.57,928.0
3394,20261008,0.0,0.0,59.0,162.0
3397,20261008,0.0,0.0,87.48,1811.0
3401,20261008,0.0,0.0,42.01,9.0
3402,20261008,24.52,30.47,51.9,38246.0
3404,20261008,0.0,0.0,50.2,50.0
3406,20261008,40.2,63.24,17.54,32585.0
3408,20261008,0.0,0.0,99.99,10.0
3412,20261008,84.95,84.95,10.3,261.0
3413,20261008,40.91,47.67,38.23,27853.0
3414,20261008,0.0,0.0,78.73,252.0
3416,20261008,51.53,56.14,27.52,9395.0
3419,20261008,24.07,31.05,46.2,30608.0
3430,20261008,33.52,33.52,47.37,33282.0
3431,20261008,46.69,51.35,32.5,12536.0
3432,20261008,58.48,66.5,21.5,3495.0
3434,20261008,33.02,47.13,34.31,9375.0
3437,20261008,20.62,25.42,57.72,46689.0
3438,20261008,43.53,45.12,45.24,28320.0
3441,20261008,11.45,26.01,58.81,38036.0
3443,20261008,52.75,65.42,15.6,50678.0
3444,20261008,38.51,49.29,34.0,5028.0
3447,20261008,51.2,59.55,26.32,5750.0
3450,20261008,25.42,40.26,47.06,83675.0
3455,20261008,12.31,34.01,45.34,44866.0
3462,20261008,100.0,100.0,0.0,1.0
3463,20261008,100.0,100.0,0.0,1.0
3465,20261008,58.2,68.11,14.5,4521.0
3466,20261008,33.92,46.19,32.72,29093.0
3467,20261008,55.35,62.33,21.61,2790.0
3469,20261008,42.15,63.92,5.88,191.0
3471,20261008,25.6,45.04,22.44,503.0
3472,20261008,43.84,58.36,15.28,1709.0
3473,20261008,67.98,76.07,6.07,277.0
3475,20261008,0.0,0.0,84.28,1777.0
3479,20261008,30.24,39.82,43.14,36995.0
3481,20261008,32.71,37.28,45.51,985576.0
3482,20261008,16.87,44.4,40.68,527.0
3483,20261008,13.26,22.16,60.86,52105.0
3484,20261008,24.74,32.73,41.16,46832.0
3485,20261008,33.54,51.37,28.64,7128.0
3489,20261008,79.83,81.58,9.8,2669.0
3490,20261008,14.06,19.21,62.09,35470.0
3491,20261008,23.02,37.76,35.1,61603.0
3492,20261008,41.95,47.22,30.76,2808.0
3494,20261008,56.76,61.82,22.29,17961.0
3496,20261008,70.66,79.91,7.09,205.0
3497,20261008,23.86,33.29,24.09,112.0
3498,20261008,47.28,54.89,30.26,54650.0
3499,20261008,41.9,44.39,41.89,41444.0
3501,20261008,42.49,47.36,35.58,12248.0
3502,20261008,12.4,34.17,29.02,283.0
3504,20261008,60.35,67.34,26.08,12963.0
3505,20261008,87.89,87.89,10.82,160.0
3506,20261008,0.0,19.83,47.43,606.0
3507,20261008,75.26,87.08,7.83,278.0
3508,20261008,37.64,48.66,39.34,67256.0
3511,20261008,51.13,53.67,36.54,9337.0
3512,20261008,63.57,72.04,16.36,4783.0
3513,20261008,51.88,97.03,0.2,25.0
3515,20261008,61.8,68.41,19.17,13658.0
3516,20261008,67.71,77.95,10.81,3125.0
3517,20261008,0.0,13.89,50.58,662.0
3518,20261008,24.5,38.49,35.83,31465.0
3519,20261008,46.46,50.84,34.46,65051.0
3520,20261008,42.67,50.93,28.59,49451.0
3521,20261008,78.79,81.64,8.55,39579.0
3522,20261008,50.32,56.9,22.2,28067.0
3523,20261008,78.36,83.42,8.75,7756.0
3524,20261008,39.39,66.46,9.53,301.0
3526,20261008,31.34,43.69,28.86,21081.0
3527,20261008,20.06,26.68,45.49,25022.0
3528,20261008,62.65,68.88,20.98,5557.0
3529,20261008,34.51,54.08,18.1,27712.0
3530,20261008,53.68,57.27,33.4,15862.0
3531,20261008,60.82,80.39,9.37,1817.0
3532,20261008,88.43,90.84,5.89,23184.0
3533,20261008,44.41,59.89,17.86,35890.0
3535,20261008,24.08,27.39,56.43,43137.0
3536,20261008,65.12,67.9,20.69,6379.0
3537,20261008,23.54,29.44,56.35,44972.0
3540,20261008,21.9,22.44,59.82,59540.0
3541,20261008,24.84,35.98,36.28,17938.0
3542,20261008,0.0,0.0,14.22,34.0
3543,20261008,51.12,64.21,17.66,24778.0
3544,20261008,0.0,0.0,79.92,578.0
3545,20261008,18.21,23.8,59.99,81799.0
3546,20261008,22.44,34.86,46.82,34414.0
3548,20261008,24.35,32.84,50.64,40515.0
3549,20261008,0.0,0.0,61.7,239.0
3550,20261008,31.43,42.48,42.58,51715.0
3551,20261008,34.23,48.71,38.23,13989.0
3552,20261008,32.42,36.12,50.87,55469.0
3554,20261008,87.29,87.29,5.43,135.0
3555,20261008,76.17,80.55,10.99,4333.0
3556,20261008,13.67,16.65,67.39,64159.0
3557,20261008,53.32,61.05,25.23,20102.0
3558,20261008,47.07,51.04,40.51,11903.0
3560,20261008,59.92,74.02,8.64,194.0
3563,20261008,39.7,50.73,34.39,36986.0
3564,20261008,58.97,59.83,28.15,6400.0
3566,20261008,60.69,73.96,6.44,10579.0
3567,20261008,7.93,18.59,57.21,33620.0
3568,20261008,46.71,72.36,13.46,186.0
3570,20261008,45.25,54.02,34.66,2867.0
3571,20261008,0.0,0.0,80.92,416.0
3572,20261008,31.25,45.83,13.79,330.0
3574,20261008,0.0,67.92,12.39,15.0
3576,20261008,36.49,40.88,42.23,209936.0
3577,20261008,52.37,67.15,17.15,4665.0
3579,20261008,65.76,74.14,18.67,6150.0
3580,20261008,7.21,15.79,53.42,41012.0
3581,20261008,48.44,57.62,29.69,7300.0
3583,20261008,47.95,59.42,27.73,32462.0
3584,20261008,18.44,25.47,50.21,21928.0
3585,20261008,34.96,39.25,43.94,14732.0
3586,20261008,0.0,51.29,18.04,88.0
3587,20261008,21.81,31.52,52.4,30079.0
3588,20261008,18.58,26.86,55.39,49344.0
3591,20261008,47.15,53.75,31.14,17285.0
3592,20261008,25.17,35.45,46.17,37545.0
3593,20261008,50.01,64.32,18.47,24785.0
3594,20261008,40.54,53.88,28.46,20209.0
3595,20261008,28.89,31.76,46.65,25734.0
3596,20261008,58.93,68.65,20.29,25733.0
3597,20261008,56.75,64.22,16.55,2050.0
3601,20261008,40.76,52.62,14.18,691.0
3603,20261008,64.91,71.17,10.62,678.0
3604,20261008,0.0,0.0,38.94,14.0
3605,20261008,57.36,65.34,26.07,46485.0
3606,20261008,43.23,77.4,3.7,98.0
3607,20261008,21.48,33.5,38.0,47053.0
3609,20261008,33.82,51.13,21.82,7436.0
3610,20261008,76.71,78.87,13.42,1499.0
3611,20261008,46.87,58.26,24.16,4800.0
3613,20261008,50.87,66.67,12.97,1140.0
3615,20261008,24.69,29.93,58.34,43377.0
3616,20261008,25.84,42.66,21.01,3455.0
3617,20261008,52.68,66.2,16.18,7194.0
3619,20261008,15.73,27.79,17.83,164.0
3622,20261008,55.34,58.27,28.25,24972.0
3623,20261008,48.24,53.64,33.53,8046.0
3624,20261008,55.7,61.21,29.62,38781.0
3625,20261008,38.35,49.3,33.79,41209.0
3627,20261008,50.03,56.06,26.7,14077.0
3628,20261008,56.02,59.15,24.45,7342.0
3629,20261008,83.96,86.84,6.26,1739.0
3630,20261008,51.09,54.37,33.24,27829.0
3631,20261008,74.44,80.75,7.8,1676.0
3632,20261008,15.58,17.2,72.31,31959.0
3633,20261008,46.15,60.69,21.63,1850.0
3634,20261008,72.48,82.97,4.21,217.0
3635,20261008,0.0,0.0,48.21,397.0
3636,20261008,87.18,87.18,6.19,502.0
3637,20261008,71.3,77.46,10.92,824.0
3642,20261008,49.54,63.43,19.49,18058.0
3643,20261008,97.95,97.95,1.78,403.0
3644,20261008,67.83,76.07,9.16,2574.0
3645,20261008,27.85,36.33,48.8,66686.0
3646,20261008,19.97,48.83,18.11,36419.0
3647,20261008,0.0,0.0,69.56,2940.0
3649,20261008,0.0,36.51,20.34,275.0
3651,20261008,89.61,95.9,0.72,69.0
3652,20261008,67.94,72.29,14.33,3446.0
3653,20261008,64.03,70.14,10.93,35487.0
3656,20261008,75.19,77.46,14.13,3282.0
3657,20261008,86.89,97.29,2.69,47.0
3659,20261008,78.88,86.52,6.37,628.0
3661,20261008,8.67,35.53,37.53,98317.0
3662,20261008,48.89,53.41,30.92,22514.0
3663,20261008,62.0,64.8,28.61,24067.0
3664,20261008,66.69,68.46,17.18,5772.0
3665,20261008,44.25,62.8,15.15,52129.0
3666,20261008,80.33,83.41,10.63,28465.0
3669,20261008,54.68,58.58,29.97,8174.0
3671,20261008,72.48,87.86,0.93,53.0
3672,20261008,40.73,56.46,17.47,21010.0
3673,20261008,33.35,40.7,44.68,87110.0
3674,20261008,65.86,71.06,14.21,405.0
3675,20261008,55.16,56.86,29.98,14010.0
3678,20261008,35.98,52.58,16.82,1004.0
3679,20261008,54.01,65.87,19.54,5090.0
3680,20261008,45.1,59.65,26.85,28139.0
3681,20261008,94.39,95.08,2.04,339.0
3683,20261008,100.0,100.0,0.0,1.0
3684,20261008,56.17,62.71,22.03,6029.0
3685,20261008,44.02,62.42,16.97,13499.0
3686,20261008,16.77,21.87,56.5,62520.0
3687,20261008,32.52,37.33,49.9,36318.0
3689,20261008,14.42,26.93,53.45,33687.0
3690,20261008,83.95,89.17,4.92,1355.0
3691,20261008,53.69,59.15,29.01,13463.0
3693,20261008,39.99,50.33,33.6,23473.0
3694,20261008,53.63,58.34,28.88,14094.0
3701,20261008,73.4,76.61,18.42,47559.0
3702,20261008,78.7,83.57,9.82,94240.0
3703,20261008,67.97,72.16,16.83,34620.0
3704,20261008,57.54,64.74,24.33,43201.0
3705,20261008,62.59,69.59,17.91,26009.0
3706,20261008,52.82,55.3,35.19,203203.0
3707,20261008,46.65,49.98,41.69,87822.0
3708,20261008,39.12,49.95,36.13,46413.0
3709,20261008,66.31,71.64,17.94,8507.0
3710,20261008,16.73,26.11,44.19,23055.0
3711,20261008,81.72,87.09,7.65,323853.0
3712,20261008,55.11,58.36,30.49,36518.0
3713,20261008,44.13,56.62,19.37,4167.0
3714,20261008,38.32,44.12,39.42,153964.0
3715,20261008,20.86,29.71,58.08,97275.0
3716,20261008,44.93,52.66,34.6,53585.0
3717,20261008,26.43,37.2,42.85,52640.0
3718,20261008,35.69,41.43,48.28,102274.0
4102,20261008,33.83,46.47,27.59,37580.0
4104,20261008,40.06,45.38,41.76,44134.0
4105,20261008,38.83,48.1,31.46,52004.0
4106,20261008,46.21,51.07,33.56,16042.0
4107,20261008,51.87,61.7,23.17,13547.0
4108,20261008,23.57,29.03,45.27,54595.0
4109,20261008,36.3,44.19,34.13,43601.0
4111,20261008,33.27,42.84,31.57,46345.0
4113,20261008,63.49,73.87,11.7,20065.0
4114,20261008,37.0,44.11,33.46,74321.0
4115,20261008,69.74,75.96,8.97,993.0
4116,20261008,54.95,54.95,30.23,4349.0
4117,20261008,37.83,55.11,28.38,6104.0
4118,20261008,90.11,90.11,8.89,202.0
4119,20261008,45.03,47.64,33.51,26574.0
4120,20261008,63.89,71.58,15.34,7426.0
4121,20261008,44.47,49.57,38.16,51531.0
4123,20261008,52.97,59.42,24.82,47225.0
4125,20261008,0.0,0.0,70.69,218.0
4126,20261008,55.14,63.16,24.89,22425.0
4127,20261008,65.47,71.58,16.06,26731.0
4128,20261008,39.27,43.27,35.61,100886.0
4129,20261008,49.25,60.24,22.63,33989.0
4131,20261008,72.24,77.3,9.75,3493.0
4132,20261008,38.33,46.63,29.13,42833.0
4133,20261008,18.53,23.57,58.59,54033.0
4135,20261008,44.13,65.43,11.57,511.0
4136,20261008,97.87,99.3,0.5,95.0
4137,20261008,44.35,51.18,31.17,7498.0
4138,20261008,51.42,51.42,39.15,21082.0
4139,20261008,49.83,68.49,8.27,1127.0
4140,20261008,0.0,0.0,67.61,473.0
4142,20261008,33.78,41.24,39.18,83652.0
4147,20261008,43.05,52.24,27.68,47383.0
4148,20261008,77.77,79.18,12.94,2287.0
4150,20261008,34.31,48.54,22.9,28445.0
4151,20261008,71.12,78.35,8.24,642.0
4153,20261008,72.11,76.68,14.8,5158.0
4154,20261008,67.56,77.07,8.3,880.0
4155,20261008,32.54,42.61,33.56,31121.0
4156,20261008,67.54,71.9,12.82,893.0
4157,20261008,52.3,59.24,20.64,31674.0
4160,20261008,25.36,29.63,47.71,34574.0
4161,20261008,27.0,44.6,24.77,5115.0
4162,20261008,38.08,45.47,36.92,46958.0
4163,20261008,57.22,69.76,13.8,24847.0
4164,20261008,40.73,51.09,31.04,18821.0
4166,20261008,80.04,83.24,7.28,3753.0
4167,20261008,34.76,43.15,32.12,56341.0
4168,20261008,21.17,27.32,45.26,49973.0
4169,20261008,47.67,55.0,22.68,4358.0
4170,20261008,45.21,58.5,20.55,6404.0
4171,20261008,27.65,32.71,49.04,38283.0
4172,20261008,30.08,38.69,28.86,24457.0
4173,20261008,40.0,43.05,38.02,30471.0
4174,20261008,36.21,42.91,41.35,42746.0
4175,20261008,54.98,56.05,30.36,11343.0
4177,20261008,48.19,59.03,20.03,2159.0
4178,20261008,72.41,77.78,9.09,4198.0
4181,20261008,0.0,0.0,82.16,1737.0
4183,20261008,43.48,62.84,17.22,1174.0
4184,20261008,92.03,92.03,4.47,644.0
4186,20261008,26.05,45.76,25.8,4646.0
4188,20261008,47.92,54.15,26.15,5028.0
4190,20261008,62.96,66.68,22.8,16486.0
4191,20261008,48.78,63.05,14.77,2532.0
4192,20261008,66.6,68.45,22.52,4606.0
4193,20261008,33.69,49.26,15.87,5426.0
4194,20261008,73.12,76.72,12.7,3238.0
4195,20261008,30.04,38.38,35.75,28546.0
4197,20261008,40.32,65.66,13.33,2323.0
4198,20261008,78.26,82.32,10.29,2569.0
4205,20261008,59.0,66.36,20.81,11010.0
4207,20261008,64.2,73.4,12.37,8430.0
4303,20261008,14.96,20.02,57.52,37087.0
4304,20261008,74.64,80.97,8.82,3713.0
4305,20261008,74.81,84.73,7.2,1686.0
4306,20261008,51.37,57.7,24.87,89752.0
4401,20261008,47.12,62.47,20.67,12591.0
4402,20261008,60.95,66.06,17.77,41602.0
4404,20261008,26.98,35.81,36.97,7867.0
4406,20261008,63.62,77.93,7.06,1525.0
4408,20261008,30.42,35.79,33.95,4010.0
4413,20261008,52.61,69.31,11.18,1624.0
4414,20261008,57.43,64.15,19.93,22422.0
4415,20261008,76.68,85.04,10.72,4358.0
4416,20261008,49.83,67.07,16.91,2808.0
4417,20261008,38.35,46.01,32.7,8165.0
4419,20261008,95.06,96.82,1.13,5120.0
4420,20261008,54.11,59.04,32.24,8083.0
4424,20261008,62.32,66.59,15.61,2548.0
4426,20261008,54.22,61.68,23.26,9491.0
4427,20261008,78.71,87.52,3.49,966.0
4430,20261008,53.29,64.1,25.18,8607.0
4431,20261008,64.19,70.89,20.49,2051.0
4432,20261008,45.45,55.45,26.42,4903.0
4433,20261008,52.24,56.25,30.08,10287.0
4438,20261008,50.12,65.86,15.79,4647.0
4439,20261008,69.45,78.34,11.02,1297.0
4440,20261008,28.87,57.01,25.46,3835.0
4441,20261008,55.46,70.09,10.93,2499.0
4442,20261008,49.35,75.65,9.65,954.0
4502,20261008,55.45,70.92,11.96,3817.0
4503,20261008,60.14,63.13,25.2,7501.0
4506,20261008,74.01,80.63,12.19,11172.0
4510,20261008,29.65,35.69,52.82,60792.0
4513,20261008,53.16,57.76,28.37,44057.0
4522,20261008,100.0,100.0,0.0,1.0
4523,20261008,52.02,59.97,25.11,35971.0
4526,20261008,40.62,47.89,41.2,62115.0
4527,20261008,60.6,66.41,17.93,4084.0
4528,20261008,58.69,62.32,29.8,13351.0
4529,20261008,53.99,58.79,24.46,8765.0
4530,20261008,64.46,71.48,13.97,7333.0
4532,20261008,64.75,70.14,17.04,19776.0
4533,20261008,33.3,36.64,49.43,67906.0
4534,20261008,29.58,40.88,38.8,18191.0
4535,20261008,69.7,76.87,9.62,7091.0
4536,20261008,39.22,55.95,21.52,7049.0
4537,20261008,77.0,82.02,10.09,2374.0
4538,20261008,71.9,80.75,8.2,1639.0
4540,20261008,26.5,31.94,56.29,40949.0
4541,20261008,32.92,42.05,41.41,43383.0
4542,20261008,20.72,47.49,33.48,7285.0
4543,20261008,43.67,48.29,38.95,22404.0
4544,20261008,49.87,67.52,7.51,1567.0
4545,20261008,68.81,72.19,16.79,22144.0
4546,20261008,60.44,70.58,12.03,968.0
4547,20261008,72.34,84.76,6.94,302.0
4548,20261008,100.0,100.0,0.0,1.0
4549,20261008,58.74,62.53,26.46,7326.0
4550,20261008,49.24,56.3,25.36,3154.0
4551,20261008,69.49,76.91,12.69,8069.0
4552,20261008,44.28,50.16,27.07,28628.0
4553,20261008,77.35,87.24,6.47,510.0
4554,20261008,50.62,53.59,26.33,2410.0
4555,20261008,65.67,70.4,17.0,4130.0
4556,20261008,70.69,75.82,15.07,3335.0
4557,20261008,27.08,43.14,26.13,27757.0
4558,20261008,52.03,72.71,12.26,1612.0
4559,20261008,79.9,87.86,5.09,657.0
4560,20261008,84.16,86.15,6.95,2503.0
4561,20261008,52.18,58.36,34.12,8726.0
4562,20261008,49.95,53.29,39.46,11671.0
4563,20261008,49.6,55.82,31.2,17642.0
4564,20261008,32.69,39.52,39.18,48313.0
4565,20261008,66.05,79.87,6.3,1464.0
4566,20261008,49.86,56.49,34.33,25147.0
4568,20261008,62.0,68.43,16.25,1617.0
4569,20261008,52.36,64.24,13.38,1981.0
4570,20261008,87.84,95.06,2.39,204.0
4571,20261008,55.7,65.96,23.66,6616.0
4572,20261008,61.89,64.19,17.07,3476.0
4573,20261008,31.02,43.28,33.24,10143.0
4575,20261008,53.88,69.19,8.34,740.0
4576,20261008,59.54,66.05,23.01,24411.0
4577,20261008,55.7,61.91,30.47,6984.0
4578,20261008,92.28,97.0,2.66,691.0
4580,20261008,37.71,49.29,32.55,5078.0
4581,20261008,46.14,62.8,19.49,1643.0
4582,20261008,43.96,55.06,19.02,2584.0
4583,20261008,82.18,85.81,7.18,7520.0
4584,20261008,69.25,80.08,9.93,1079.0
4585,20261008,75.3,76.67,19.86,19013.0
4587,20261008,88.23,88.23,6.85,951.0
4588,20261008,37.4,51.31,32.45,5077.0
4589,20261008,47.63,70.57,10.02,618.0
4590,20261008,35.21,49.62,31.21,10010.0
4609,20261008,64.61,76.27,8.79,1738.0
4702,20261008,46.49,51.02,35.15,14039.0
4703,20261008,22.67,26.22,54.22,9140.0
4706,20261008,77.73,83.06,6.31,2139.0
4707,20261008,65.86,71.11,17.27,30078.0
4711,20261008,54.74,59.98,26.13,7615.0
4712,20261008,43.69,45.99,34.48,3611.0
4714,20261008,22.19,30.36,46.43,52713.0
4716,20261008,22.38,32.23,43.66,44501.0
4717,20261008,0.0,0.0,99.99,999.0
4720,20261008,33.35,37.7,42.95,14175.0
4721,20261008,28.05,33.49,51.35,57048.0
4722,20261008,39.92,58.29,22.15,15830.0
4724,20261008,46.41,59.5,17.62,3068.0
4726,20261008,50.34,58.03,25.06,12629.0
4727,20261008,0.0,18.79,18.11,349.0
4728,20261008,65.91,83.57,4.7,16622.0
4729,20261008,44.71,50.54,32.48,7344.0
4730,20261008,57.91,69.01,11.91,1062.0
4732,20261008,47.12,67.13,13.78,1538.0
4734,20261008,0.0,14.95,29.7,371.0
4735,20261008,42.94,53.37,34.27,37574.0
4736,20261008,44.38,51.59,34.1,13588.0
4737,20261008,49.18,63.84,14.09,10910.0
4738,20261008,54.05,58.75,25.66,3371.0
4739,20261008,31.36,38.44,45.0,56924.0
4741,20261008,40.07,49.29,27.66,13085.0
4743,20261008,41.34,46.19,35.52,79931.0
4744,20261008,35.6,51.77,24.18,33419.0
4745,20261008,51.68,61.85,18.25,3133.0
4746,20261008,30.83,39.77,39.67,44442.0
4747,20261008,65.59,75.83,9.36,2209.0
4749,20261008,22.68,32.33,47.01,62523.0
4752,20261008,87.17,89.77,6.92,1062.0
4754,20261008,28.46,36.69,41.59,22981.0
4755,20261008,64.89,68.62,18.67,8766.0
4758,20261008,84.81,92.15,4.88,395.0
4760,20261008,34.79,36.48,37.29,12157.0
4762,20261008,97.29,99.67,0.3,139.0
4763,20261008,55.31,59.59,25.37,56037.0
4764,20261008,65.89,73.19,17.45,10673.0
4765,20261008,39.21,55.33,17.51,906.0
4766,20261008,63.04,69.79,15.45,10513.0
4767,20261008,46.86,62.75,9.4,882.0
4768,20261008,19.49,32.93,43.59,17383.0
4769,20261008,100.0,100.0,0.0,1.0
4770,20261008,59.7,68.07,18.21,9090.0
4771,20261008,44.42,60.71,16.9,3936.0
4772,20261008,41.52,48.85,36.47,34260.0
4773,20261008,92.29,94.99,0.73,228.0
4801,20261008,97.82,98.7,0.71,783.0
4802,20261008,85.36,87.92,6.15,296.0
4803,20261008,55.13,57.43,29.8,5710.0
4804,20261008,54.88,62.0,19.88,30102.0
4805,20261008,0.0,0.0,99.98,24.0
4806,20261008,83.69,86.59,5.39,2700.0
4807,20261008,63.32,68.26,14.81,14409.0
4903,20261008,37.89,42.55,43.65,46778.0
4904,20261008,91.02,93.55,3.83,85109.0
4905,20261008,63.85,81.75,9.2,1985.0
4906,20261008,22.06,28.67,50.89,90756.0
4907,20261008,83.76,85.78,7.13,2765.0
4908,20261008,43.67,56.87,32.42,34012.0
4909,20261008,22.82,25.21,61.36,63483.0
4911,20261008,48.05,58.14,19.95,3497.0
4912,20261008,40.34,55.45,24.37,25043.0
4913,20261008,0.0,25.75,33.82,475.0
4914,20261008,61.78,77.16,12.65,225.0
4915,20261008,52.2,60.25,26.49,34225.0
4916,20261008,20.87,26.18,62.02,75611.0
4917,20261008,93.2,97.57,0.42,16.0
4919,20261008,58.34,61.76,31.67,75849.0
4920,20261008,86.74,93.69,1.1,107.0
4922,20261008,11.8,25.44,47.92,4553.0
4923,20261008,20.17,35.91,40.03,31809.0
4924,20261008,56.08,70.93,13.63,1531.0
4925,20261008,32.03,50.43,26.35,5321.0
4927,20261008,23.54,33.21,44.19,56750.0
4929,20261008,0.0,0.0,57.99,384.0
4930,20261008,58.6,63.7,25.76,33530.0
4931,20261008,13.58,26.2,61.41,63615.0
4932,20261008,0.0,0.0,86.79,309.0
4933,20261008,59.87,63.47,21.35,5605.0
4934,20261008,29.47,34.55,45.24,70318.0
4935,20261008,57.54,61.89,23.1,7808.0
4938,20261008,74.84,79.31,14.49,144697.0
4939,20261008,26.56,33.06,53.73,66519.0
4942,20261008,54.55,62.25,20.61,6613.0
4943,20261008,53.52,64.21,24.75,21827.0
4946,20261008,42.58,42.58,45.33,8209.0
4949,20261008,41.11,53.14,30.91,11044.0
4950,20261008,68.13,73.08,15.17,6675.0
4951,20261008,4.48,17.66,53.32,11260.0
4952,20261008,47.79,53.06,36.31,14559.0
4953,20261008,37.89,44.23,36.07,34772.0
4956,20261008,33.83,40.26,48.37,43747.0
4958,20261008,67.99,73.75,18.08,198185.0
4960,20261008,56.53,61.6,26.95,89861.0
4961,20261008,37.89,49.08,35.97,39915.0
4963,20261008,82.03,83.64,5.86,445.0
4965,20261008,100.0,100.0,0.0,1.0
4966,20261008,19.97,32.13,42.33,31600.0
4967,20261008,13.0,20.5,65.08,66830.0
4968,20261008,8.85,16.72,67.95,56466.0
4969,20261008,44.91,55.64,21.61,11528.0
4971,20261008,22.09,40.93,39.98,38924.0
4972,20261008,36.99,50.16,35.3,15301.0
4973,20261008,14.23,22.78,61.84,49989.0
4974,20261008,39.73,42.23,45.69,42807.0
4975,20261008,95.92,96.31,2.21,1022.0
4976,20261008,25.72,30.37,53.21,44379.0
4977,20261008,11.4,18.83,64.23,52526.0
4978,20261008,82.32,82.32,8.78,67.0
4979,20261008,26.1,42.36,43.96,87141.0
4980,20261008,50.4,58.12,20.97,2346.0
4985,20261008,100.0,100.0,0.0,1.0
4989,20261008,14.52,19.73,67.36,49767.0
4990,20261008,43.97,53.41,20.86,3276.0
4991,20261008,36.49,48.29,37.36,61705.0
4992,20261008,76.9,82.09,4.75,1033.0
4994,20261008,81.21,86.87,5.62,2133.0
4995,20261008,52.91,67.24,16.22,4965.0
4996,20261008,65.91,77.8,4.73,784.0
4997,20261008,17.41,42.96,14.56,271.0
4999,20261008,27.29,41.32,43.73,46528.0
5006,20261008,8.3,10.72,58.17,13996.0
5007,20261008,84.22,87.54,4.31,4908.0
5009,20261008,42.91,48.79,34.04,81274.0
5011,20261008,39.11,48.42,29.56,33816.0
5013,20261008,81.8,85.99,6.11,9611.0
5014,20261008,26.84,37.75,39.51,52374.0
5015,20261008,42.22,52.14,34.37,26560.0
5016,20261008,59.94,65.96,18.06,2888.0
5017,20261008,0.0,0.0,99.98,6846.0
5201,20261008,40.9,57.46,20.22,13481.0
5202,20261008,48.62,52.85,31.55,44147.0
5203,20261008,33.11,42.0,35.32,31864.0
5204,20261008,18.87,18.87,42.21,1370.0
5205,20261008,72.67,75.7,12.97,1732.0
5206,20261008,80.86,85.37,6.36,4253.0
5207,20261008,14.82,38.6,23.7,2906.0
5209,20261008,50.37,52.28,32.11,4297.0
5210,20261008,39.9,48.85,26.07,40700.0
5211,20261008,40.88,47.96,36.45,7516.0
5212,20261008,66.94,78.4,10.72,9955.0
5213,20261008,85.04,87.03,8.26,21106.0
5215,20261008,42.71,53.37,29.51,5360.0
5216,20261008,57.64,82.4,8.11,401.0
5220,20261008,19.67,44.71,33.52,7705.0
5221,20261008,0.0,11.31,53.6,346.0
5222,20261008,24.3,32.91,44.11,33587.0
5223,20261008,54.19,62.24,24.65,2722.0
5225,20261008,37.93,44.47,36.91,8344.0
5226,20261008,31.51,52.74,17.83,400.0
5227,20261008,16.92,26.51,49.83,58827.0
5228,20261008,44.94,53.59,27.25,3715.0
5229,20261008,89.3,96.51,1.02,129.0
5230,20261008,10.27,27.88,48.66,29383.0
5232,20261008,99.99,99.99,0.0,5.0
5233,20261008,82.42,85.35,6.98,2998.0
5234,20261008,58.49,64.26,18.42,13164.0
5236,20261008,60.89,62.48,26.8,6954.0
5238,20261008,78.62,83.48,6.54,691.0
5239,20261008,16.98,30.08,22.36,601.0
5240,20261008,30.32,55.6,6.84,515.0
5242,20261008,58.63,72.33,7.31,1114.0
5243,20261008,49.33,56.18,30.68,29979.0
5244,20261008,28.5,48.13,30.91,9488.0
5245,20261008,36.99,56.98,27.19,3933.0
5246,20261008,21.0,33.4,46.95,8408.0
5247,20261008,68.74,75.95,5.65,509.0
5248,20261008,56.84,59.24,27.09,1874.0
5250,20261008,97.08,97.08,2.48,209.0
5251,20261008,29.21,33.49,51.91,35061.0
5253,20261008,58.2,81.05,2.96,224.0
5254,20261008,70.07,75.42,11.59,663.0
5256,20261008,61.23,69.01,13.79,1875.0
5257,20261008,73.71,79.64,5.43,809.0
5258,20261008,39.32,51.11,30.18,25604.0
5259,20261008,74.45,82.07,10.03,2359.0
5262,20261008,31.97,55.18,16.36,8072.0
5263,20261008,41.21,54.86,24.82,26903.0
5265,20261008,0.0,0.0,56.09,123.0
5267,20261008,46.59,62.14,17.51,1321.0
5269,20261008,54.74,61.45,27.4,32289.0
5271,20261008,16.66,27.29,52.26,6696.0
5272,20261008,10.26,23.16,59.54,45704.0
5274,20261008,21.66,34.31,32.53,44571.0
5275,20261008,0.0,30.86,11.94,144.0
5276,20261008,85.29,88.33,7.06,931.0
5278,20261008,77.94,83.01,6.91,4230.0
5279,20261008,91.86,94.52,0.04,20.0
5282,20261008,59.25,85.81,2.79,278.0
5283,20261008,54.47,62.09,30.28,27621.0
5284,20261008,48.43,55.91,28.37,9712.0
5285,20261008,53.86,64.66,24.27,12019.0
5286,20261008,69.95,79.97,9.66,910.0
5287,20261008,45.48,57.42,32.39,10059.0
5288,20261008,59.09,69.36,14.36,2880.0
5289,20261008,18.67,29.11,49.76,84292.0
5291,20261008,18.68,47.06,30.68,5032.0
5292,20261008,45.58,59.6,22.63,6992.0
5294,20261008,0.0,0.0,99.98,60.0
5295,20261008,70.39,85.65,4.12,157.0
5296,20261008,27.36,36.07,20.86,467.0
5297,20261008,10.25,17.46,58.44,8809.0
5299,20261008,44.69,52.94,38.66,16748.0
5301,20261008,72.41,79.7,10.12,3416.0
5302,20261008,45.91,50.77,32.58,12805.0
5304,20261008,86.33,88.1,9.01,32300.0
5306,20261008,65.22,70.01,20.47,11905.0
5307,20261008,32.21,41.2,35.48,35097.0
5309,20261008,30.06,39.05,47.62,69020.0
5310,20261008,36.18,57.18,13.26,7086.0
5312,20261008,50.64,55.76,24.48,5816.0
5314,20261008,35.22,39.28,40.14,98371.0
5315,20261008,21.21,30.74,42.55,50976.0
5321,20261008,46.49,61.72,17.87,7536.0
5324,20261008,75.48,81.58,9.71,20815.0
5325,20261008,27.57,33.51,58.89,20361.0
5328,20261008,35.44,38.42,54.22,77240.0
5336,20261008,0.0,0.0,89.56,2955.0
5340,20261008,52.16,59.68,30.89,28574.0
5344,20261008,73.54,75.77,18.03,6715.0
5345,20261008,78.88,78.88,10.54,6274.0
5346,20261008,28.42,37.83,36.74,263348.0
5347,20261008,81.78,85.52,10.16,110440.0
5348,20261008,40.79,53.12,20.59,1800.0
5351,20261008,28.48,35.65,47.59,117845.0
5353,20261008,37.82,54.81,23.49,6328.0
5355,20261008,63.26,70.81,15.77,29359.0
5356,20261008,39.54,44.0,38.32,53278.0
5364,20261008,61.31,70.34,13.14,7260.0
5372,20261008,12.56,23.72,50.76,5384.0
5376,20261008,28.33,33.74,38.41,3801.0
5381,20261008,48.47,55.71,30.89,27839.0
5385,20261008,18.19,23.9,59.24,8303.0
5386,20261008,32.37,36.77,52.23,30238.0
5387,20261008,90.19,91.33,7.9,141581.0
5388,20261008,34.12,43.77,39.52,38423.0
5392,20261008,31.48,35.52,51.16,65737.0
5395,20261008,0.0,0.0,65.56,2238.0
5398,20261008,46.37,58.6,18.34,41792.0
5403,20261008,31.22,47.1,34.23,9442.0
5410,20261008,26.52,33.62,49.71,56829.0
5414,20261008,48.11,59.72,21.83,5070.0
5425,20261008,31.81,37.97,51.33,104334.0
5426,20261008,53.6,55.98,32.57,34988.0
5432,20261008,51.4,54.1,39.51,5502.0
5434,20261008,38.53,56.14,25.41,32244.0
5438,20261008,74.21,75.45,16.57,37789.0
5439,20261008,23.02,34.68,45.61,36496.0
5442,20261008,14.62,20.66,40.25,4827.0
5443,20261008,34.15,38.56,48.97,65822.0
5450,20261008,79.37,80.94,11.25,11580.0
5452,20261008,38.79,42.48,45.68,69382.0
5455,20261008,89.0,93.99,2.8,3408.0
5457,20261008,45.41,51.46,33.43,17380.0
5460,20261008,39.09,56.91,27.39,31429.0
5464,20261008,58.2,72.36,13.63,4512.0
5465,20261008,68.79,72.32,19.21,7840.0
5467,20261008,82.8,86.4,6.62,1832.0
5468,20261008,58.9,65.47,23.08,5926.0
5469,20261008,69.44,73.48,18.73,36374.0
5471,20261008,18.19,27.2,55.81,68130.0
5473,20261008,0.0,0.0,99.96,2481.0
5474,20261008,48.5,56.66,34.68,7713.0
5475,20261008,19.08,23.97,63.23,61916.0
5478,20261008,72.95,79.21,14.08,41278.0
5481,20261008,56.61,65.37,15.12,41947.0
5483,20261008,54.3,61.36,29.82,148718.0
5484,20261008,33.96,37.95,53.4,33805.0
5487,20261008,47.93,71.42,13.8,7082.0
5488,20261008,34.18,46.69,30.65,41068.0
5489,20261008,82.62,85.4,7.59,3101.0
5490,20261008,25.62,33.87,41.57,69647.0
5492,20261008,98.67,98.67,1.3,1370.0
5493,20261008,25.01,44.76,32.92,5485.0
5497,20261008,15.67,26.29,39.58,4829.0
5498,20261008,29.94,35.2,54.39,69506.0
5501,20261008,24.3,28.1,39.39,6084.0
5505,20261008,50.8,65.51,15.74,5915.0
5506,20261008,58.45,66.77,14.37,7573.0
5508,20261008,65.85,68.97,22.96,18171.0
5511,20261008,60.13,68.7,14.95,5967.0
5512,20261008,54.92,61.74,22.19,77877.0
5514,20261008,87.6,92.32,3.24,10285.0
5515,20261008,62.83,71.57,15.17,11326.0
5516,20261008,60.51,70.81,10.67,1757.0
5519,20261008,51.16,56.96,28.5,18167.0
5520,20261008,73.58,83.79,4.78,1217.0
5521,20261008,53.78,60.71,22.63,62569.0
5522,20261008,86.26,88.45,7.44,18113.0
5523,20261008,89.42,92.68,3.0,2539.0
5524,20261008,11.6,30.78,35.33,3909.0
5525,20261008,84.12,88.41,5.23,4796.0
5529,20261008,68.14,72.63,10.95,11343.0
5530,20261008,79.48,83.11,8.93,11636.0
5531,20261008,82.77,85.5,7.52,14842.0
5532,20261008,5.88,31.03,21.35,820.0
5533,20261008,71.31,80.89,8.03,5517.0
5534,20261008,58.28,67.37,21.98,23245.0
5536,20261008,34.63,56.85,21.38,34654.0
5538,20261008,92.46,93.75,2.31,1287.0
5541,20261008,76.05,82.05,0.67,86.0
5543,20261008,50.37,73.41,7.34,1051.0
5546,20261008,76.11,83.96,5.72,1313.0
5547,20261008,58.82,67.49,12.02,1398.0
5548,20261008,58.19,65.02,16.32,2375.0
5601,20261008,47.23,79.68,5.0,876.0
5603,20261008,49.69,53.74,32.08,30024.0
5604,20261008,52.85,67.18,13.8,10868.0
5607,20261008,70.01,76.82,12.76,16899.0
5608,20261008,25.23,30.24,52.71,90617.0
5609,20261008,46.33,52.98,35.45,37752.0
5701,20261008,49.15,54.09,28.51,51510.0
5702,20261008,0.0,0.0,79.38,1936.0
5703,20261008,83.83,88.29,6.08,1936.0
5704,20261008,79.45,84.0,12.08,3351.0
5706,20261008,34.26,38.18,49.14,28205.0
5810,20261008,69.03,72.92,16.33,48588.0
5848,20261008,100.0,100.0,0.0,1.0
5859,20261008,96.14,96.85,1.21,3556.0
5863,20261008,77.69,81.71,9.75,27155.0
5864,20261008,60.55,68.46,14.85,15140.0
5867,20261008,100.0,100.0,0.0,1.0
5871,20261008,63.84,69.39,19.89,117077.0
5876,20261008,83.41,88.88,3.07,49519.0
5878,20261008,54.26,72.38,20.17,1769.0
5880,20261008,71.42,75.35,12.45,408392.0
5901,20261008,77.87,77.87,12.38,5001.0
5902,20261008,81.63,85.51,7.22,2575.0
5903,20261008,88.19,91.42,6.52,17159.0
5904,20261008,75.56,78.94,16.14,98869.0
5905,20261008,40.55,45.96,33.68,45693.0
5906,20261008,82.46,86.25,3.65,962.0
5907,20261008,63.61,68.94,15.7,5463.0
6005,20261008,66.75,70.48,18.11,118118.0
6015,20261008,43.74,50.49,27.68,72871.0
6016,20261008,45.0,51.3,26.56,78722.0
6020,20261008,96.26,96.91,1.65,1891.0
6021,20261008,87.25,91.04,3.78,4064.0
6023,20261008,81.34,84.23,9.61,18324.0
6024,20261008,65.19,69.37,20.3,17242.0
6026,20261008,42.14,51.59,26.5,43542.0
6027,20261008,93.72,95.65,1.45,826.0
6028,20261008,50.64,62.4,15.02,1568.0
6030,20261008,100.0,100.0,0.0,1.0
6031,20261008,100.0,100.0,0.0,1.0
6035,20261008,83.84,93.88,3.42,2285.0
6038,20261008,100.0,100.0,0.0,1.0
6039,20261008,100.0,100.0,0.0,1.0
6040,20261008,100.0,100.0,0.0,1.0
6101,20261008,78.47,88.57,6.77,3279.0
6103,20261008,83.83,90.69,7.92,3159.0
6104,20261008,11.0,18.54,62.59,56239.0
6107,20261008,34.71,40.97,34.09,5289.0
6108,20261008,49.06,57.37,24.32,50648.0
6109,20261008,36.62,49.88,25.82,34227.0
6110,20261008,7.19,18.44,36.47,2627.0
6111,20261008,41.71,45.78,40.47,45655.0
6112,20261008,55.64,58.19,33.18,33923.0
6113,20261008,52.17,53.25,33.15,8185.0
6114,20261008,65.48,72.79,16.76,5398.0
6115,20261008,56.03,60.18,28.23,14253.0
6116,20261008,40.08,42.64,44.81,364590.0
6117,20261008,48.7,54.68,34.99,14141.0
6118,20261008,51.7,57.11,31.9,8928.0
6120,20261008,55.28,59.26,26.41,61693.0
6121,20261008,48.7,66.76,17.38,19944.0
6122,20261008,30.29,41.38,39.9,34000.0
6123,20261008,33.34,43.83,37.88,10355.0
6124,20261008,92.35,93.76,5.73,8898.0
6125,20261008,30.73,35.39,53.21,91019.0
6126,20261008,32.89,37.18,46.96,70060.0
6127,20261008,15.67,18.49,69.51,76378.0
6128,20261008,54.75,60.54,22.94,7491.0
6129,20261008,13.59,16.72,65.37,33284.0
6130,20261008,49.02,64.68,18.12,29505.0
6131,20261008,29.63,41.19,32.66,5934.0
6132,20261008,15.68,35.5,34.9,4747.0
6133,20261008,49.72,53.48,33.71,21641.0
6134,20261008,48.44,54.84,31.45,17696.0
6135,20261008,34.32,38.5,34.91,7550.0
6136,20261008,34.88,47.57,35.56,44812.0
6137,20261008,26.71,38.83,34.49,11232.0
6138,20261008,33.96,44.27,36.51,31168.0
6139,20261008,52.13,62.56,25.35,60320.0
6140,20261008,34.47,44.84,44.49,9837.0
6141,20261008,39.61,51.09,32.39,18436.0
6142,20261008,51.6,59.12,22.99,43492.0
6143,20261008,18.89,25.14,61.54,55483.0
6144,20261008,89.54,89.54,8.53,1458.0
6146,20261008,41.92,55.19,25.38,20924.0
6147,20261008,61.49,66.66,26.31,151260.0
6148,20261008,33.68,36.11,49.2,28054.0
6149,20261008,35.09,39.03,37.75,3069.0
6150,20261008,12.01,16.33,66.74,39693.0
6151,20261008,20.53,35.54,39.11,19098.0
6152,20261008,21.3,28.13,47.44,40685.0
6153,20261008,41.69,47.18,35.42,80170.0
6154,20261008,54.44,63.37,25.09,10586.0
6155,20261008,48.52,53.38,37.82,16703.0
6156,20261008,33.95,39.82,38.66,37831.0
6158,20261008,32.86,41.99,37.24,36240.0
6160,20261008,29.99,39.35,44.51,50551.0
6161,20261008,35.28,40.92,41.61,23015.0
6162,20261008,43.92,52.02,26.37,3798.0
6163,20261008,37.67,44.26,40.16,46355.0
6164,20261008,14.68,23.7,51.74,46386.0
6165,20261008,36.39,51.65,25.28,41325.0
6166,20261008,66.27,74.49,14.49,14548.0
6167,20261008,37.51,44.53,34.13,23780.0
6168,20261008,54.97,57.32,33.58,32675.0
6169,20261008,26.44,31.13,51.32,40773.0
6170,20261008,55.44,58.38,29.8,33143.0
6171,20261008,78.37,87.11,6.67,2444.0
6172,20261008,85.37,91.42,7.05,1899.0
6173,20261008,55.99,61.47,31.82,55771.0
6174,20261008,56.69,63.19,26.39,9290.0
6175,20261008,55.2,59.48,33.65,22840.0
6176,20261008,32.71,42.46,41.11,61298.0
6177,20261008,66.99,75.86,12.48,20153.0
6179,20261008,31.4,44.31,34.43,49733.0
6180,20261008,46.57,51.02,40.31,56625.0
6181,20261008,7.17,12.14,49.34,3938.0
6182,20261008,22.47,27.18,62.76,243399.0
6183,20261008,71.08,77.48,10.81,37004.0
6184,20261008,67.84,72.18,16.32,7796.0
6185,20261008,37.54,49.37,29.13,46745.0
6186,20261008,48.77,53.39,28.93,60073.0
6187,20261008,32.79,54.6,22.3,49161.0
6188,20261008,37.15,42.76,45.11,67631.0
6189,20261008,25.03,35.65,49.01,63300.0
6190,20261008,26.45,36.51,50.63,60679.0
6191,20261008,51.33,56.51,33.7,89789.0
6192,20261008,45.45,56.08,23.21,8373.0
6193,20261008,56.69,61.39,25.44,8864.0
6194,20261008,37.09,56.55,24.07,4834.0
6195,20261008,52.4,54.24,36.71,11017.0
6196,20261008,66.19,72.11,16.05,31361.0
6197,20261008,35.73,44.3,43.56,51044.0
6198,20261008,93.58,94.59,3.09,6473.0
6199,20261008,79.83,83.59,6.52,1908.0
6201,20261008,61.43,69.11,21.2,5954.0
6202,20261008,35.25,42.01,44.99,57076.0
6203,20261008,52.21,59.22,33.83,9968.0
6204,20261008,25.64,29.71,62.9,22675.0
6205,20261008,39.45,43.37,42.17,13820.0
6206,20261008,45.21,54.51,29.84,16065.0
6207,20261008,7.84,18.06,71.88,70084.0
6208,20261008,52.1,65.51,25.24,11978.0
6209,20261008,36.91,44.53,44.23,58304.0
6210,20261008,36.44,54.11,29.35,3058.0
6212,20261008,86.12,91.84,2.47,962.0
6213,20261008,59.47,67.49,21.15,71416.0
6214,20261008,64.3,70.57,20.86,46227.0
6215,20261008,26.4,32.11,56.52,55934.0
6216,20261008,29.9,38.35,45.44,32353.0
6217,20261008,15.88,23.24,64.03,84924.0
6218,20261008,38.13,51.62,32.37,27114.0
6219,20261008,67.27,70.27,16.7,5743.0
6220,20261008,53.27,63.15,19.37,34571.0
6221,20261008,72.3,74.58,15.9,32397.0
6222,20261008,84.51,90.07,4.64,1834.0
6223,20261008,38.39,51.11,22.41,79215.0
6224,20261008,29.44,41.25,37.74,41849.0
6225,20261008,35.44,53.94,13.38,6368.0
6226,20261008,13.34,16.65,67.11,57810.0
6227,20261008,67.6,72.01,18.79,6987.0
6228,20261008,78.04,82.46,11.51,1879.0
6229,20261008,32.99,35.28,42.35,30473.0
6230,20261008,87.81,87.81,9.97,7443.0
6231,20261008,24.87,34.0,48.14,25419.0
6232,20261008,13.47,18.79,51.13,36837.0
6233,20261008,18.78,28.7,54.08,61793.0
6234,20261008,51.33,54.71,34.98,30561.0
6235,20261008,35.56,40.48,46.22,61003.0
6236,20261008,87.98,92.73,3.92,914.0
6237,20261008,12.7,18.58,65.91,72375.0
6239,20261008,56.76,62.32,29.21,188076.0
6240,20261008,70.93,85.72,7.31,1019.0
6241,20261008,52.92,56.69,25.98,6028.0
6242,20261008,55.47,63.71,22.8,3095.0
6243,20261008,17.67,20.97,67.43,59478.0
6244,20261008,25.49,31.4,51.11,94557.0
6245,20261008,42.21,46.53,34.79,18877.0
6246,20261008,53.99,63.0,23.93,32771.0
6248,20261008,43.58,48.87,34.33,32363.0
6249,20261008,0.0,14.82,45.61,207.0
6250,20261008,67.95,70.88,16.65,1160.0
6252,20261008,0.0,40.34,23.41,30.0
6253,20261008,0.0,0.0,56.41,451.0
6254,20261008,36.43,49.51,12.66,518.0
6256,20261008,0.0,0.0,81.64,455.0
6257,20261008,45.11,54.91,31.82,111314.0
6258,20261008,0.0,0.0,99.98,33.0
6259,20261008,41.09,44.08,37.25,9367.0
6261,20261008,30.7,40.33,46.35,54771.0
6262,20261008,16.81,28.67,42.86,1343.0
6263,20261008,40.96,44.26,40.04,10890.0
6264,20261008,67.54,72.23,12.58,4108.0
6265,20261008,36.67,41.45,43.33,37385.0
6266,20261008,31.56,38.79,39.66,45780.0
6267,20261008,0.0,0.0,99.98,11.0
6268,20261008,0.0,0.0,100.0,3.0
6269,20261008,24.04,31.15,51.98,82710.0
6270,20261008,36.56,41.26,43.42,33593.0
6271,20261008,39.5,49.45,37.15,63769.0
6272,20261008,34.8,50.65,29.01,5223.0
6274,20261008,54.17,64.08,23.56,119017.0
6275,20261008,23.41,29.73,52.44,36494.0
6276,20261008,48.78,50.92,41.7,29927.0
6277,20261008,43.59,56.26,29.51,9871.0
6278,20261008,57.04,68.84,21.12,39390.0
6279,20261008,38.87,47.5,36.27,19675.0
6280,20261008,99.95,99.95,0.04,172.0
6281,20261008,43.58,55.85,30.42,10275.0
6282,20261008,36.98,40.36,48.24,161585.0
6283,20261008,57.38,63.22,24.57,15139.0
6284,20261008,45.62,49.06,40.49,53896.0
6285,20261008,57.36,63.7,26.72,90436.0
6287,20261008,93.08,94.0,4.0,4209.0
6289,20261008,0.0,0.0,67.62,10246.0
6290,20261008,30.37,40.73,46.34,58049.0
6291,20261008,62.85,62.85,23.93,11837.0
6292,20261008,39.72,48.03,36.9,6438.0
6293,20261008,0.0,0.0,99.99,12.0
6294,20261008,33.46,37.3,49.98,12158.0
6295,20261008,0.0,22.6,47.79,345.0
6296,20261008,0.0,0.0,41.67,13.0
6297,20261008,99.9,99.9,0.08,21.0
6299,20261008,98.35,98.35,1.26,123.0
6402,20261008,48.9,64.01,13.77,2012.0
6403,20261008,41.54,41.54,31.16,2578.0
6404,20261008,63.49,67.1,20.18,9030.0
6405,20261008,35.24,51.2,28.99,6838.0
6406,20261008,53.35,58.18,18.91,1072.0
6407,20261008,30.27,37.47,36.35,5723.0
6409,20261008,52.03,66.38,15.95,18243.0
6411,20261008,20.75,34.69,46.0,56099.0
6412,20261008,73.78,77.65,15.85,23942.0
6414,20261008,47.89,62.88,20.01,20240.0
6415,20261008,65.43,79.87,8.01,26455.0
6416,20261008,38.05,50.16,30.67,22343.0
6417,20261008,54.11,68.39,10.51,1606.0
6418,20261008,52.52,59.16,22.76,2300.0
6419,20261008,32.17,39.98,40.14,27003.0
6423,20261008,19.62,41.06,31.86,3199.0
6425,20261008,34.27,43.13,45.37,9899.0
6426,20261008,38.34,44.4,36.94,20497.0
6427,20261008,100.0,100.0,0.0,1.0
6428,20261008,89.36,91.64,4.87,951.0
6429,20261008,11.88,38.13,26.5,268.0
6431,20261008,65.28,70.88,12.07,17624.0
6432,20261008,16.63,31.06,56.8,36363.0
6434,20261008,83.77,85.07,10.19,9021.0
6435,20261008,48.42,51.67,36.67,10700.0
6436,20261008,98.56,98.56,0.71,17.0
6437,20261008,40.87,65.14,12.97,401.0
6438,20261008,23.5,35.9,46.7,45504.0
6441,20261008,41.86,45.19,41.45,35110.0
6442,20261008,37.03,57.83,26.87,66515.0
6443,20261008,12.28,14.33,73.42,159905.0
6446,20261008,41.72,56.22,23.24,77031.0
6449,20261008,60.87,68.16,21.15,34697.0
6451,20261008,59.69,64.56,27.82,33784.0
6452,20261008,30.51,39.23,42.62,11636.0
6453,20261008,0.0,0.0,73.29,620.0
6455,20261008,51.48,68.48,11.11,563.0
6456,20261008,56.95,60.47,28.54,30804.0
6458,20261008,63.74,65.25,17.03,2714.0
6461,20261008,53.77,60.61,21.15,8742.0
6462,20261008,21.64,30.89,53.12,46354.0
6464,20261008,79.89,86.68,4.4,2141.0
6465,20261008,55.17,63.45,18.32,3285.0
6467,20261008,21.86,28.43,42.87,6638.0
6468,20261008,98.55,98.55,1.42,162.0
6469,20261008,40.78,47.08,39.26,29495.0
6470,20261008,40.01,41.91,48.07,27263.0
6471,20261008,0.0,0.0,93.15,358.0
6472,20261008,45.09,56.41,32.31,30666.0
6473,20261008,64.7,78.08,7.6,9735.0
6474,20261008,44.6,67.27,12.19,1597.0
6475,20261008,56.66,73.13,13.53,928.0
6477,20261008,35.94,40.24,46.37,30672.0
6479,20261008,79.32,86.79,5.23,876.0
6481,20261008,91.6,96.01,1.46,107.0
6482,20261008,65.78,67.6,23.6,2034.0
6483,20261008,18.87,43.03,18.34,17189.0
6484,20261008,100.0,100.0,0.0,1.0
6485,20261008,19.64,29.68,50.6,40620.0
6486,20261008,40.55,43.21,41.22,30391.0
6488,20261008,73.5,79.68,11.91,108894.0
6489,20261008,36.92,62.98,9.38,278.0
6490,20261008,64.16,70.62,9.29,425.0
6491,20261008,52.18,66.53,18.43,8689.0
6492,20261008,33.06,39.9,38.31,47191.0
6493,20261008,80.37,80.37,10.08,1041.0
6494,20261008,5.22,16.95,55.28,38271.0
6495,20261008,43.12,52.59,22.38,12150.0
6496,20261008,62.53,65.96,25.67,10111.0
6497,20261008,96.46,97.19,2.38,1555.0
6498,20261008,54.81,67.59,19.55,6741.0
6499,20261008,36.28,42.34,31.75,7623.0
6502,20261008,90.96,90.96,1.33,134.0
6503,20261008,80.41,80.41,5.64,77.0
6504,20261008,63.18,70.97,19.37,5086.0
6505,20261008,96.02,96.48,2.45,81755.0
6506,20261008,43.92,61.63,18.57,4205.0
6508,20261008,61.09,63.39,30.52,14848.0
6509,20261008,28.63,38.23,43.81,55306.0
6510,20261008,42.17,51.96,23.26,25240.0
6511,20261008,57.36,72.03,10.0,642.0
6512,20261008,17.69,36.01,27.21,6587.0
6515,20261008,35.07,46.19,28.02,72844.0
6516,20261008,43.18,53.41,25.0,3674.0
6517,20261008,17.96,22.58,56.78,22070.0
6518,20261008,74.1,84.51,7.05,512.0
6523,20261008,61.69,63.08,30.25,6114.0
6525,20261008,58.83,67.61,21.0,13490.0
6526,20261008,76.73,81.3,11.14,18247.0
6527,20261008,34.68,45.97,21.09,2111.0
6529,20261008,41.45,71.81,11.28,399.0
6530,20261008,8.93,13.1,65.84,36855.0
6531,20261008,52.36,66.02,17.29,42302.0
6532,20261008,18.46,40.45,39.08,29516.0
6533,20261008,17.76,26.17,50.79,33571.0
6534,20261008,76.74,84.46,7.78,1883.0
6535,20261008,56.07,64.07,19.26,10863.0
6536,20261008,53.2,58.26,16.51,1138.0
6538,20261008,21.78,53.22,24.71,37637.0
6539,20261008,75.51,85.23,6.51,1007.0
6540,20261008,98.57,99.05,0.41,131.0
6541,20261008,65.32,70.71,16.75,12006.0
6542,20261008,77.6,84.71,7.44,881.0
6543,20261008,49.5,66.08,5.85,12307.0
6545,20261008,37.79,44.15,35.93,1238.0
6546,20261008,29.91,40.56,42.32,12423.0
6547,20261008,28.27,36.29,36.41,49894.0
6548,20261008,85.19,87.29,9.16,31699.0
6549,20261008,16.14,31.45,31.73,25426.0
6550,20261008,71.54,74.35,16.96,24782.0
6551,20261008,79.32,83.69,8.96,1189.0
6552,20261008,55.76,57.88,30.47,7594.0
6555,20261008,64.58,69.55,17.96,4476.0
6556,20261008,63.74,77.52,12.92,1411.0
6558,20261008,38.61,42.28,47.16,46648.0
6559,20261008,31.62,52.92,31.72,1863.0
6560,20261008,34.31,42.26,33.17,3351.0
6561,20261008,69.9,72.68,16.26,7219.0
6562,20261008,50.33,52.76,30.17,11455.0
6563,20261008,10.33,31.48,24.01,1183.0
6564,20261008,60.98,65.08,22.66,3651.0
6565,20261008,28.73,39.84,21.31,1184.0
6566,20261008,79.36,84.51,7.61,663.0
6567,20261008,80.22,88.54,4.29,630.0
6568,20261008,29.94,42.11,36.1,24732.0
6569,20261008,60.79,68.09,21.11,4133.0
6570,20261008,29.85,43.6,36.78,8002.0
6572,20261008,65.0,68.83,18.88,4259.0
6573,20261008,59.22,64.21,27.05,5854.0
6574,20261008,75.44,77.31,13.52,2891.0
6575,20261008,51.06,54.4,22.88,6888.0
6576,20261008,60.89,67.85,16.49,30164.0
6577,20261008,68.34,74.66,17.06,3718.0
6578,20261008,58.88,64.58,20.52,18674.0
6579,20261008,82.46,84.5,10.3,7658.0
6580,20261008,43.57,57.71,19.8,3872.0
6581,20261008,86.88,90.04,4.99,2290.0
6582,20261008,71.21,74.63,17.68,9154.0
6583,20261008,53.46,82.44,6.91,310.0
6584,20261008,62.26,72.42,18.7,15138.0
6585,20261008,72.27,75.7,15.8,4452.0
6586,20261008,56.1,62.27,20.19,29149.0
6587,20261008,100.0,100.0,0.0,1.0
6588,20261008,18.13,23.84,53.47,41607.0
6589,20261008,50.43,58.2,26.52,22462.0
6590,20261008,30.8,56.95,21.98,2404.0
6591,20261008,20.08,25.06,55.64,44602.0
6592,20261008,75.38,79.47,13.78,25474.0
6593,20261008,29.86,46.04,43.19,34839.0
6595,20261008,57.1,80.39,4.74,8928.0
6596,20261008,22.73,26.54,58.54,17144.0
6597,20261008,72.45,81.31,8.3,923.0
6598,20261008,37.26,52.74,23.56,36973.0
6599,20261008,71.03,76.44,7.23,300.0
6601,20261008,84.46,86.87,4.94,361.0
6602,20261008,0.0,0.0,95.63,404.0
6603,20261008,38.0,52.07,29.27,25513.0
6604,20261008,67.55,75.89,13.42,2331.0
6605,20261008,58.51,67.49,20.19,15617.0
6606,20261008,61.08,70.63,12.71,9553.0
6607,20261008,76.22,81.0,7.14,68.0
6608,20261008,93.72,96.78,2.6,313.0
6609,20261008,55.85,58.91,31.55,9357.0
6610,20261008,74.95,77.79,10.63,4535.0
6611,20261008,91.68,91.68,8.3,459.0
6612,20261008,48.6,65.68,17.58,2763.0
6613,20261008,55.52,59.45,28.14,10585.0
6614,20261008,73.61,74.19,17.03,3966.0
6615,20261008,35.88,51.51,36.59,5281.0
6616,20261008,53.92,62.18,19.94,1543.0
6617,20261008,59.79,67.7,18.63,7115.0
6618,20261008,15.35,28.45,37.34,34064.0
6620,20261008,48.49,61.26,21.39,21618.0
6621,20261008,23.52,37.02,35.4,32164.0
6622,20261008,53.38,65.52,10.71,914.0
6623,20261008,100.0,100.0,0.0,1.0
6624,20261008,58.3,76.07,11.19,851.0
6625,20261008,44.07,49.63,34.57,10501.0
6626,20261008,59.56,77.35,10.84,424.0
6627,20261008,65.81,77.55,4.79,267.0
6629,20261008,80.01,84.25,6.36,945.0
6633,20261008,95.66,95.66,4.32,1367.0
6634,20261008,51.18,66.04,16.8,2232.0
6635,20261008,100.0,100.0,0.0,1.0
6637,20261008,53.8,59.25,31.72,3325.0
6638,20261008,56.74,70.5,15.92,1122.0
6639,20261008,58.08,69.18,10.35,947.0
6640,20261008,63.21,64.61,24.06,13672.0
6641,20261008,49.83,60.25,19.07,1984.0
6642,20261008,46.24,56.43,19.85,3125.0
6643,20261008,33.18,37.15,49.18,22825.0
6645,20261008,26.16,43.92,29.07,6596.0
6648,20261008,54.02,68.03,16.12,9184.0
6649,20261008,35.26,53.63,19.08,18377.0
6650,20261008,61.87,80.17,5.85,484.0
6651,20261008,32.39,50.28,22.55,3502.0
6652,20261008,69.5,79.07,6.97,1689.0
6653,20261008,95.45,95.45,1.16,281.0
6654,20261008,71.17,79.16,7.96,3368.0
6655,20261008,76.49,86.17,4.04,977.0
6656,20261008,82.4,90.33,1.71,66.0
6657,20261008,21.74,35.42,33.71,15804.0
6658,20261008,35.14,46.23,32.67,11113.0
6659,20261008,72.07,80.96,7.12,1113.0
6660,20261008,75.44,89.84,2.9,250.0
6661,20261008,61.92,66.11,17.11,1282.0
6662,20261008,40.19,47.68,18.11,4655.0
6664,20261008,36.54,55.16,30.93,16653.0
6665,20261008,59.37,65.83,18.87,1825.0
6666,20261008,77.96,78.82,12.94,2168.0
6667,20261008,44.14,49.76,36.72,13127.0
6668,20261008,51.33,54.56,31.94,14640.0
6669,20261008,52.91,60.82,21.95,197197.0
6670,20261008,65.7,78.65,9.0,6041.0
6671,20261008,56.6,75.18,9.9,1376.0
6672,20261008,30.67,43.02,43.37,51888.0
6673,20261008,25.31,30.46,52.3,3094.0
6674,20261008,79.85,83.71,10.4,1853.0
6676,20261008,55.04,61.54,16.69,4329.0
6677,20261008,57.04,63.97,17.33,1907.0
6679,20261008,43.7,53.52,25.61,7063.0
6680,20261008,63.66,71.59,10.62,925.0
6681,20261008,0.0,0.0,100.0,7.0
6682,20261008,47.36,52.75,30.63,11170.0
6683,20261008,11.24,20.58,47.92,35093.0
6684,20261008,31.51,36.91,49.78,23693.0
6688,20261008,49.8,73.88,6.1,197.0
6689,20261008,33.92,48.39,38.75,10090.0
6690,20261008,59.68,59.68,32.04,5733.0
6691,20261008,58.36,69.78,15.77,17746.0
6692,20261008,61.9,71.74,13.18,2093.0
6693,20261008,31.39,40.08,33.53,7998.0
6695,20261008,45.81,51.71,33.0,22430.0
6696,20261008,51.59,62.64,15.51,32761.0
6697,20261008,61.11,66.8,25.6,2212.0
6698,20261008,31.06,38.31,40.64,35984.0
6699,20261008,75.24,85.49,4.23,762.0
6701,20261008,97.98,97.98,1.33,758.0
6702,20261008,75.46,79.73,8.7,11474.0
6703,20261008,38.41,50.72,36.37,23341.0
6704,20261008,32.35,44.81,22.7,3579.0
6705,20261008,54.99,73.6,9.42,651.0
6706,20261008,15.4,27.31,52.29,48718.0
6707,20261008,71.73,80.07,9.93,1477.0
6708,20261008,42.81,50.61,29.93,2749.0
6709,20261008,53.12,64.24,15.2,1953.0
6712,20261008,29.99,39.83,38.0,28940.0
6713,20261008,37.76,60.25,16.73,885.0
6715,20261008,64.86,75.85,11.12,5700.0
6716,20261008,22.14,34.96,28.75,3717.0
6717,20261008,56.28,75.04,9.57,427.0
6719,20261008,43.05,48.96,38.66,26462.0
6720,20261008,25.38,58.14,14.62,1350.0
6721,20261008,37.77,50.55,19.92,1638.0
6722,20261008,74.1,76.79,11.89,2595.0
6723,20261008,42.18,58.69,19.98,1228.0
6724,20261008,62.32,62.32,19.72,1841.0
6725,20261008,58.66,63.18,24.28,6386.0
6726,20261008,100.0,100.0,0.0,1.0
6727,20261008,0.0,25.66,41.45,41271.0
6728,20261008,59.01,63.32,22.44,2877.0
6729,20261008,31.19,47.9,22.23,1459.0
6730,20261008,60.56,74.36,9.38,986.0
6731,20261008,99.44,99.44,0.54,186.0
6732,20261008,46.31,49.39,39.5,9359.0
6733,20261008,40.25,48.74,28.55,7269.0
6734,20261008,46.05,59.52,20.58,2171.0
6735,20261008,35.59,48.58,28.14,5136.0
6736,20261008,93.39,93.39,3.5,850.0
6737,20261008,76.48,80.91,10.36,1354.0
6738,20261008,46.5,67.2,8.36,530.0
6739,20261008,48.11,57.35,28.28,11285.0
6741,20261008,57.82,69.4,17.78,6783.0
6742,20261008,25.94,35.58,42.45,41120.0
6743,20261008,58.55,65.09,21.37,8716.0
6744,20261008,52.96,65.84,10.65,416.0
6746,20261008,97.59,99.59,0.4,6.0
6748,20261008,26.65,35.08,36.29,7020.0
6749,20261008,100.0,100.0,0.0,1.0
6750,20261008,40.28,59.23,19.37,1829.0
6751,20261008,56.93,64.83,26.5,2384.0
6752,20261008,21.07,47.68,21.37,3798.0
6753,20261008,50.48,57.63,28.96,17135.0
6754,20261008,81.35,83.07,11.76,2195.0
6755,20261008,40.99,53.73,15.36,1230.0
6756,20261008,58.12,62.25,27.64,8263.0
6757,20261008,72.31,74.78,20.09,134159.0
6758,20261008,74.89,81.83,5.69,251.0
6760,20261008,100.0,100.0,0.0,1.0
6761,20261008,29.93,39.04,41.77,12873.0
6762,20261008,61.86,77.6,8.95,900.0
6763,20261008,57.3,61.52,30.61,17953.0
6764,20261008,98.27,98.27,1.38,255.0
6767,20261008,51.86,59.35,19.13,1464.0
6768,20261008,76.52,81.79,11.27,7115.0
6770,20261008,44.76,49.18,38.32,647317.0
6771,20261008,18.13,43.78,27.64,1742.0
6772,20261008,96.66,98.74,0.2,9.0
6775,20261008,56.48,62.7,16.84,4171.0
6776,20261008,61.35,66.72,24.13,7426.0
6778,20261008,100.0,100.0,0.0,1.0
6779,20261008,100.0,100.0,0.0,1.0
6780,20261008,53.41,83.48,4.61,237.0
6781,20261008,67.6,70.5,21.31,28741.0
6782,20261008,35.38,52.83,18.7,6268.0
6784,20261008,30.34,51.19,21.13,890.0
6785,20261008,54.43,60.86,20.12,4474.0
6786,20261008,0.0,9.03,59.89,17450.0
6787,20261008,9.91,24.75,43.33,19593.0
6788,20261008,14.25,22.91,57.19,27920.0
6789,20261008,68.3,72.26,19.97,52679.0
6790,20261008,75.34,78.57,13.94,11087.0
6791,20261008,56.02,74.29,17.52,1954.0
6792,20261008,48.08,53.89,28.66,3972.0
6793,20261008,22.4,39.1,29.7,23696.0
6794,20261008,67.05,78.94,7.67,1182.0
6796,20261008,33.96,47.42,27.15,3009.0
6797,20261008,29.99,48.87,37.03,26759.0
6798,20261008,55.68,73.39,5.4,5875.0
6799,20261008,21.07,33.31,47.72,30089.0
6803,20261008,54.28,56.36,36.88,14700.0
6804,20261008,49.05,64.75,16.65,2151.0
6805,20261008,50.29,63.8,14.01,17153.0
6806,20261008,58.45,60.24,30.77,30962.0
6807,20261008,73.55,81.41,7.41,967.0
6808,20261008,44.25,54.35,17.12,2186.0
6810,20261008,21.39,35.38,28.02,25166.0
6811,20261008,61.89,66.38,21.47,5172.0
6812,20261008,26.29,40.99,32.85,7427.0
6813,20261008,48.86,62.5,17.21,633.0
6814,20261008,73.55,82.91,7.24,733.0
6815,20261008,49.84,67.19,13.72,8304.0
6816,20261008,61.98,70.99,13.68,431.0
6817,20261008,54.89,54.89,26.22,1095.0
6818,20261008,55.93,66.52,19.55,1365.0
6819,20261008,40.71,55.49,17.79,1233.0
6820,20261008,71.58,71.58,15.25,1519.0
6821,20261008,39.52,51.72,30.3,3900.0
6822,20261008,100.0,100.0,0.0,1.0
6823,20261008,54.97,58.89,23.19,2486.0
6824,20261008,100.0,100.0,0.0,1.0
6825,20261008,66.71,75.64,7.42,665.0
6826,20261008,66.6,74.62,15.05,7037.0
6827,20261008,47.45,61.67,13.32,1595.0
6829,20261008,63.0,66.79,25.15,11669.0
6830,20261008,16.17,28.78,49.11,27278.0
6831,20261008,36.32,57.15,20.72,12852.0
6832,20261008,82.84,86.13,8.11,3565.0
6833,20261008,79.3,85.79,7.91,896.0
6834,20261008,46.29,63.58,23.37,11096.0
6835,20261008,68.83,78.74,11.19,2093.0
6837,20261008,41.11,59.15,16.33,1001.0
6838,20261008,54.11,61.8,19.85,6701.0
6839,20261008,74.43,80.74,4.88,892.0
6840,20261008,37.21,55.1,21.45,2005.0
6841,20261008,37.27,47.79,37.0,11892.0
6842,20261008,31.72,39.36,33.42,2210.0
6843,20261008,55.9,76.75,14.57,1222.0
6844,20261008,55.96,63.45,16.86,3347.0
6846,20261008,64.19,66.78,17.84,1461.0
6847,20261008,19.67,55.89,21.66,657.0
6848,20261008,29.84,52.95,17.41,522.0
6849,20261008,37.37,47.9,32.01,6170.0
6850,20261008,41.06,60.74,12.99,923.0
6851,20261008,100.0,100.0,0.0,1.0
6854,20261008,54.65,65.08,18.96,6119.0
6855,20261008,41.79,61.34,12.59,1985.0
6856,20261008,74.41,83.77,8.86,938.0
6857,20261008,94.62,94.62,2.7,420.0
6858,20261008,82.2,89.89,5.27,329.0
6859,20261008,55.88,64.5,16.64,2450.0
6861,20261008,48.55,48.55,36.08,14619.0
6862,20261008,68.92,69.87,22.03,6172.0
6863,20261008,72.27,75.45,15.5,4442.0
6864,20261008,12.22,37.04,24.51,4216.0
6865,20261008,36.45,50.87,26.5,1373.0
6866,20261008,99.73,99.73,0.0,2.0
6867,20261008,78.62,86.5,7.34,820.0
6868,20261008,27.27,55.37,9.66,487.0
6869,20261008,45.93,55.21,32.36,20309.0
6870,20261008,56.35,75.88,11.16,2374.0
6872,20261008,42.75,57.43,21.13,2894.0
6873,20261008,54.04,61.65,24.19,11505.0
6874,20261008,39.58,53.61,29.29,2877.0
6875,20261008,51.16,59.88,19.65,4857.0
6876,20261008,16.73,31.12,25.97,20244.0
6877,20261008,58.78,73.2,13.64,3245.0
6878,20261008,84.69,88.93,5.66,1093.0
6879,20261008,80.25,89.17,3.39,349.0
6881,20261008,49.96,57.92,12.08,947.0
6882,20261008,31.51,59.44,18.2,808.0
6883,20261008,80.38,87.72,4.25,689.0
6884,20261008,69.21,73.01,16.3,1313.0
6885,20261008,23.32,36.0,34.17,22515.0
6886,20261008,88.01,91.21,3.91,14387.0
6887,20261008,82.02,91.81,3.88,854.0
6890,20261008,91.98,92.25,5.51,7454.0
6891,20261008,73.54,76.81,13.22,5700.0
6892,20261008,36.89,57.23,15.54,2572.0
6894,20261008,55.0,60.91,16.94,2705.0
6895,20261008,50.97,61.05,21.71,2855.0
6897,20261008,100.0,100.0,0.0,1.0
6898,20261008,45.84,59.19,18.25,1572.0
6899,20261008,61.27,80.03,12.06,1948.0
6901,20261008,80.13,82.24,10.98,24159.0
6902,20261008,54.96,67.34,13.38,7435.0
6903,20261008,65.51,68.08,22.17,9612.0
6904,20261008,64.36,79.9,5.24,591.0
6905,20261008,100.0,100.0,0.0,2.0
6906,20261008,47.84,57.94,27.24,3314.0
6907,20261008,62.26,64.45,22.63,7028.0
6908,20261008,76.46,77.83,16.65,2089.0
6909,20261008,20.81,37.82,38.06,12833.0
6910,20261008,49.59,57.09,20.68,1583.0
6911,20261008,44.33,61.89,14.91,924.0
6912,20261008,73.11,79.35,7.58,2018.0
6913,20261008,42.24,55.22,19.99,4226.0
6914,20261008,67.97,72.9,15.06,4710.0
6915,20261008,84.8,88.44,8.89,1115.0
6916,20261008,72.68,78.99,10.8,2063.0
6917,20261008,26.62,42.29,26.7,2612.0
6918,20261008,27.67,50.16,22.32,2007.0
6919,20261008,66.25,72.56,15.27,66963.0
6920,20261008,56.01,62.76,21.88,12072.0
6921,20261008,74.71,77.54,12.14,883.0
6922,20261008,56.65,62.87,18.03,2820.0
6923,20261008,55.35,69.83,13.62,3437.0
6924,20261008,73.08,82.21,7.52,582.0
6925,20261008,41.69,58.02,32.79,3335.0
6926,20261008,60.92,80.76,5.84,684.0
6927,20261008,52.74,67.9,14.93,1311.0
6928,20261008,76.07,79.69,14.28,4272.0
6929,20261008,86.91,89.6,7.72,1526.0
6930,20261008,97.06,98.17,0.57,121.0
6931,20261008,49.73,70.6,13.96,3380.0
6932,20261008,74.34,80.34,8.59,5224.0
6933,20261008,59.62,61.95,21.63,5829.0
6934,20261008,57.46,64.88,15.5,1542.0
6935,20261008,72.81,82.34,6.58,575.0
6936,20261008,64.77,76.2,14.21,3752.0
6937,20261008,53.93,62.8,21.4,8265.0
6938,20261008,54.14,67.01,11.76,700.0
6939,20261008,56.07,63.07,11.15,659.0
6940,20261008,39.55,54.05,18.86,9289.0
6942,20261008,100.0,100.0,0.0,1.0
6943,20261008,100.0,100.0,0.0,1.0
6944,20261008,36.3,56.78,19.5,16485.0
6945,20261008,54.09,63.74,19.82,5298.0
6946,20261008,90.81,93.88,2.71,1889.0
6947,20261008,59.76,70.05,16.53,5595.0
6949,20261008,89.26,92.67,2.98,9036.0
6950,20261008,89.66,95.74,1.38,457.0
6951,20261008,63.9,66.23,19.68,4516.0
6952,20261008,80.04,86.97,8.47,2396.0
6953,20261008,56.2,63.56,19.22,3198.0
6954,20261008,100.0,100.0,0.0,1.0
6955,20261008,49.64,63.35,7.09,522.0
6957,20261008,52.77,71.45,9.7,2309.0
6958,20261008,93.51,94.15,3.12,3447.0
6959,20261008,33.17,40.76,29.68,4006.0
6961,20261008,33.34,44.32,30.13,3735.0
6962,20261008,45.77,52.21,28.92,32197.0
6963,20261008,85.28,87.88,3.39,209.0
6965,20261008,91.17,92.65,3.89,2301.0
6967,20261008,39.25,65.44,18.06,1649.0
6968,20261008,43.26,60.0,21.33,3499.0
6969,20261008,40.67,53.25,20.07,1757.0
6971,20261008,61.37,73.78,16.37,1620.0
6972,20261008,63.73,83.82,5.12,354.0
6973,20261008,41.45,67.77,10.82,910.0
6976,20261008,73.8,80.59,8.14,5983.0
6977,20261008,15.91,44.76,26.67,1918.0
6978,20261008,98.31,98.31,1.31,35.0
6979,20261008,39.6,59.53,10.97,433.0
6980,20261008,72.36,77.06,16.45,2336.0
6982,20261008,53.7,64.14,21.56,2739.0
6983,20261008,16.01,43.49,25.25,3205.0
6984,20261008,27.71,56.57,8.98,340.0
6985,20261008,100.0,100.0,0.0,1.0
6986,20261008,36.71,50.95,16.98,1898.0
6987,20261008,87.19,90.78,2.86,1085.0
6988,20261008,64.97,77.58,6.77,484.0
6990,20261008,75.66,81.67,15.17,5539.0
6991,20261008,100.0,100.0,0.0,1.0
6992,20261008,43.25,72.81,5.86,449.0
6993,20261008,100.0,100.0,0.0,1.0
6994,20261008,35.39,42.93,37.22,7131.0
6995,20261008,28.93,45.64,17.97,3702.0
6996,20261008,55.68,60.27,18.35,2487.0
6997,20261008,77.74,82.26,9.19,749.0
6998,20261008,100.0,100.0,0.0,1.0
6999,20261008,57.3,77.32,4.81,258.0
7402,20261008,26.96,34.35,46.28,21085.0
7415,20261008,31.85,61.47,12.94,2743.0
7418,20261008,85.31,96.12,0.59,258.0
7419,20261008,39.37,49.26,33.98,4694.0
7421,20261008,0.0,0.0,69.71,537.0
7422,20261008,78.42,82.41,8.21,241.0
7426,20261008,100.0,100.0,0.0,1.0
7427,20261008,19.64,30.88,43.02,5195.0
7443,20261008,73.22,82.47,6.27,346.0
7452,20261008,87.89,87.89,9.29,109.0
7455,20261008,73.88,82.76,5.52,267.0
7507,20261008,70.2,78.24,6.59,1111.0
7516,20261008,14.79,36.63,40.54,24240.0
7530,20261008,46.0,53.88,29.54,3351.0
7547,20261008,66.12,73.11,18.22,2126.0
7551,20261008,42.93,56.65,13.86,436.0
7555,20261008,88.22,89.52,4.82,418.0
7556,20261008,54.55,64.35,19.45,2566.0
7558,20261008,22.43,52.29,17.54,803.0
7561,20261008,55.15,60.63,10.34,736.0
7562,20261008,63.05,76.41,7.03,286.0
7566,20261008,55.04,66.95,12.52,7895.0
7570,20261008,100.0,100.0,0.0,1.0
7575,20261008,32.69,53.15,12.02,558.0
7578,20261008,44.44,64.57,15.18,1751.0
7583,20261008,72.97,88.25,7.15,460.0
7584,20261008,51.83,71.29,17.03,971.0
7590,20261008,77.3,82.0,10.2,2491.0
7595,20261008,45.91,72.13,8.68,828.0
7607,20261008,62.37,71.98,7.71,678.0
7610,20261008,37.11,49.44,34.71,23045.0
7631,20261008,52.35,70.44,16.9,1292.0
7642,20261008,77.02,78.7,15.29,2083.0
7660,20261008,100.0,100.0,0.0,1.0
7669,20261008,4.94,32.75,27.63,3694.0
7686,20261008,86.03,87.06,4.91,1824.0
7689,20261008,81.71,84.52,11.52,7744.0
7702,20261008,87.94,92.73,2.15,351.0
7703,20261008,46.66,59.2,26.25,4255.0
7704,20261008,42.11,59.62,16.47,1612.0
7705,20261008,61.81,68.85,20.84,13916.0
7706,20261008,91.29,91.29,4.76,239.0
7707,20261008,39.74,46.37,23.3,3272.0
7708,20261008,61.96,63.6,21.92,3036.0
7709,20261008,77.39,79.43,14.35,2715.0
7710,20261008,89.53,96.79,1.72,661.0
7711,20261008,52.68,61.94,21.16,9460.0
7712,20261008,35.55,53.59,25.26,4739.0
7713,20261008,78.28,84.76,4.94,763.0
7714,20261008,47.95,66.63,25.39,2962.0
7715,20261008,39.6,55.89,23.85,2123.0
7716,20261008,66.14,82.6,8.03,543.0
7717,20261008,35.38,50.27,30.79,10127.0
7718,20261008,65.88,78.07,9.38,1030.0
7719,20261008,11.33,21.98,52.8,16159.0
7720,20261008,100.0,100.0,0.0,1.0
7721,20261008,52.74,60.74,18.93,3429.0
7722,20261008,83.62,84.96,13.26,20464.0
7723,20261008,47.21,56.43,26.81,4455.0
7724,20261008,71.15,84.41,4.5,304.0
7725,20261008,79.67,84.26,3.85,296.0
7726,20261008,80.37,87.24,3.95,181.0
7728,20261008,45.73,57.12,28.28,3550.0
7729,20261008,43.89,58.44,20.9,17814.0
7730,20261008,60.63,69.54,10.92,1220.0
7731,20261008,67.37,71.8,13.08,8924.0
7732,20261008,82.77,88.72,4.9,874.0
7734,20261008,67.31,71.73,16.01,13770.0
7735,20261008,87.5,92.92,3.71,2757.0
7736,20261008,76.74,84.26,7.78,1564.0
7737,20261008,56.78,77.82,6.29,373.0
7738,20261008,28.51,57.63,14.2,1650.0
7740,20261008,53.18,64.55,18.14,2914.0
7742,20261008,65.0,68.95,24.77,7183.0
7743,20261008,56.48,75.3,7.94,875.0
7744,20261008,61.84,75.49,10.52,2375.0
7745,20261008,56.71,71.12,16.45,545.0
7746,20261008,92.41,95.51,1.11,27.0
7747,20261008,78.63,79.96,5.06,941.0
7748,20261008,50.07,68.37,5.49,208.0
7749,20261008,28.12,45.73,26.55,8069.0
7750,20261008,61.59,75.16,10.68,11517.0
7751,20261008,36.95,46.58,19.37,10198.0
7752,20261008,81.99,86.17,5.24,2188.0
7753,20261008,65.34,74.15,15.88,2366.0
7754,20261008,55.81,69.35,10.73,1988.0
7756,20261008,59.42,70.8,3.48,261.0
7757,20261008,40.98,59.28,20.57,2602.0
7758,20261008,80.05,83.34,5.61,383.0
7759,20261008,71.69,79.72,8.72,1204.0
7760,20261008,47.99,64.74,8.77,1464.0
7761,20261008,30.57,46.68,21.33,1555.0
7762,20261008,39.54,55.35,13.97,1435.0
7763,20261008,76.51,82.08,9.72,3168.0
7764,20261008,68.84,81.33,8.48,785.0
7765,20261008,56.68,59.34,22.86,6194.0
7767,20261008,55.77,71.7,12.9,1062.0
7768,20261008,56.09,64.6,17.27,6670.0
7769,20261008,57.11,66.35,13.21,72426.0
7770,20261008,62.44,74.24,10.32,1074.0
7771,20261008,75.64,80.03,6.83,525.0
7772,20261008,52.82,54.43,34.13,5386.0
7773,20261008,42.82,57.67,15.33,986.0
7775,20261008,100.0,100.0,0.0,1.0
7776,20261008,63.72,74.35,11.37,1093.0
7777,20261008,59.36,63.72,26.55,17878.0
7779,20261008,56.73,66.95,6.92,368.0
7780,20261008,73.4,75.43,18.32,42969.0
7781,20261008,68.75,72.71,14.53,17716.0
7782,20261008,65.8,76.11,13.69,1105.0
7783,20261008,89.52,91.81,3.67,1182.0
7784,20261008,81.88,87.16,5.49,1519.0
7785,20261008,72.06,85.54,3.37,226.0
7786,20261008,77.93,82.64,11.42,6347.0
7788,20261008,56.17,69.7,13.27,8732.0
7789,20261008,42.63,71.33,2.64,177.0
7790,20261008,32.02,70.29,8.95,397.0
7791,20261008,70.07,80.07,12.23,4625.0
7792,20261008,61.9,71.51,15.13,4081.0
7793,20261008,100.0,100.0,0.0,1.0
7794,20261008,71.58,81.49,12.31,1236.0
7795,20261008,64.99,70.01,15.19,16779.0
7796,20261008,45.19,56.55,29.11,2379.0
7797,20261008,62.79,79.44,10.88,688.0
7798,20261008,88.62,94.82,1.33,783.0
7799,20261008,69.0,79.25,12.92,12339.0
7801,20261008,66.58,69.64,19.92,1254.0
7803,20261008,70.37,79.35,11.52,2071.0
7805,20261008,68.0,73.1,18.62,4675.0
7806,20261008,58.07,76.92,5.8,393.0
7808,20261008,76.94,77.96,10.9,1101.0
7810,20261008,36.34,46.8,26.79,3169.0
7811,20261008,65.17,73.51,9.66,1225.0
7812,20261008,49.95,58.28,21.06,3100.0
7813,20261008,27.14,42.31,27.65,1805.0
7814,20261008,71.66,77.63,13.19,1547.0
7815,20261008,50.32,61.69,22.3,4153.0
7816,20261008,71.86,79.43,12.1,1121.0
7817,20261008,100.0,100.0,0.0,1.0
7818,20261008,88.8,89.96,6.01,3833.0
7819,20261008,55.4,59.16,28.56,2624.0
7820,20261008,66.05,76.97,12.78,1893.0
7821,20261008,71.88,78.25,14.32,9876.0
7822,20261008,63.73,68.18,23.03,16677.0
7823,20261008,61.87,72.12,10.61,1002.0
7824,20261008,67.26,79.94,4.52,381.0
7825,20261008,24.81,40.25,40.3,4111.0
7826,20261008,60.74,84.38,3.55,126.0
7827,20261008,74.08,79.47,8.99,2653.0
7828,20261008,53.41,64.72,21.61,15384.0
7829,20261008,70.69,82.75,6.14,1092.0
7830,20261008,100.0,100.0,0.0,1.0
7831,20261008,56.06,74.55,1.51,71.0
7832,20261008,87.62,92.77,2.88,2267.0
7833,20261008,57.16,73.56,5.75,574.0
7834,20261008,61.04,75.03,7.35,259.0
7835,20261008,55.33,69.32,6.37,590.0
7836,20261008,61.33,70.88,5.57,588.0
7837,20261008,67.76,74.88,7.06,331.0
7839,20261008,55.95,72.5,8.46,471.0
7840,20261008,76.24,89.5,2.11,229.0
7841,20261008,66.61,77.75,6.02,354.0
7842,20261008,62.3,69.18,18.57,1576.0
7843,20261008,61.47,67.64,10.61,1083.0
7844,20261008,100.0,100.0,0.0,1.0
7846,20261008,75.12,82.49,6.89,764.0
7847,20261008,43.49,62.97,10.24,545.0
7848,20261008,51.35,72.44,10.41,1578.0
7849,20261008,95.78,95.78,1.82,174.0
7850,20261008,53.58,70.68,10.51,1689.0
7851,20261008,73.91,82.6,4.97,556.0
7853,20261008,21.31,28.96,50.9,14041.0
7854,20261008,79.77,89.32,6.85,846.0
7855,20261008,73.53,76.23,16.38,13540.0
7856,20261008,50.3,59.82,23.51,14899.0
7857,20261008,75.8,83.37,5.0,634.0
7858,20261008,30.41,48.4,25.64,4081.0
7859,20261008,100.0,100.0,0.0,1.0
7860,20261008,89.37,94.64,3.07,145.0
7861,20261008,66.89,77.21,9.05,4324.0
7862,20261008,84.22,87.8,4.39,599.0
7863,20261008,96.02,98.42,0.6,118.0
7864,20261008,100.0,100.0,0.0,3.0
7865,20261008,35.32,61.85,14.14,876.0
7866,20261008,45.7,61.45,19.5,4801.0
7867,20261008,83.91,95.08,2.43,717.0
7868,20261008,40.21,57.39,19.72,1086.0
7869,20261008,86.19,88.55,3.19,459.0
7870,20261008,49.17,76.07,5.51,2425.0
7871,20261008,47.3,53.96,24.52,6809.0
7872,20261008,61.22,64.96,14.61,1202.0
7873,20261008,75.23,84.68,6.64,3456.0
7875,20261008,96.46,96.46,2.22,341.0
7876,20261008,74.21,82.08,8.71,1977.0
7877,20261008,57.48,72.0,5.42,386.0
7878,20261008,27.56,47.25,18.01,3556.0
7879,20261008,49.57,62.01,17.5,3180.0
7880,20261008,34.52,66.42,14.88,1425.0
7881,20261008,78.55,84.01,6.58,424.0
7882,20261008,78.44,83.25,6.09,2200.0
7883,20261008,58.49,71.25,9.1,2128.0
7884,20261008,100.0,100.0,0.0,1.0
7885,20261008,57.39,76.53,7.29,460.0
7886,20261008,43.03,65.17,14.99,1579.0
7887,20261008,28.89,42.35,33.82,13955.0
7888,20261008,61.91,80.96,3.34,546.0
7889,20261008,45.61,83.87,4.36,201.0
7890,20261008,65.96,86.06,5.9,416.0
7891,20261008,53.58,56.47,8.33,189.0
7892,20261008,62.98,75.01,12.78,5972.0
7893,20261008,80.01,86.15,7.85,1352.0
7894,20261008,38.9,54.22,9.75,963.0
7895,20261008,65.58,73.04,7.07,13117.0
7896,20261008,80.81,86.61,3.62,630.0
7897,20261008,98.36,98.36,0.31,203.0
7898,20261008,63.78,68.99,13.39,3173.0
7899,20261008,10.92,41.8,35.98,8593.0
7901,20261008,75.03,84.18,7.79,2256.0
7902,20261008,85.65,89.31,4.83,1730.0
7904,20261008,85.92,92.51,3.27,99.0
7906,20261008,100.0,100.0,0.0,1.0
7907,20261008,65.41,75.24,5.84,2200.0
7909,20261008,77.56,83.29,7.77,4713.0
7911,20261008,48.27,61.69,15.44,1912.0
7912,20261008,72.27,79.28,9.13,2203.0
7913,20261008,86.34,89.36,5.79,1219.0
7914,20261008,93.58,94.66,1.02,94.0
7915,20261008,70.58,85.86,3.94,1875.0
7916,20261008,100.0,100.0,0.0,1.0
7917,20261008,69.97,79.99,8.63,2256.0
7918,20261008,75.61,78.31,13.46,14900.0
7919,20261008,42.07,50.06,18.47,607.0
7920,20261008,79.01,88.45,4.26,3626.0
7921,20261008,75.97,84.03,5.42,811.0
7922,20261008,94.08,95.56,1.7,510.0
7924,20261008,74.04,81.04,7.14,2416.0
7925,20261008,72.22,89.57,3.02,369.0
7926,20261008,59.45,69.66,13.07,1561.0
7927,20261008,41.67,70.01,5.16,610.0
7928,20261008,55.81,71.77,9.42,2602.0
7929,20261008,61.79,76.16,9.02,1052.0
7930,20261008,58.84,67.3,14.1,2135.0
7931,20261008,84.9,96.2,0.71,157.0
7932,20261008,40.0,57.59,14.54,3624.0
7933,20261008,72.02,86.56,1.41,113.0
7934,20261008,26.81,53.91,18.1,2408.0
7935,20261008,63.62,82.86,2.62,207.0
7936,20261008,63.93,67.65,12.18,666.0
7939,20261008,71.08,76.72,11.06,463.0
7942,20261008,74.01,80.51,9.02,3467.0
7943,20261008,56.97,73.44,6.57,565.0
7944,20261008,72.44,85.72,3.45,246.0
7945,20261008,58.3,71.77,10.88,335.0
7947,20261008,74.37,81.4,6.49,1526.0
7949,20261008,97.39,97.39,1.34,321.0
7950,20261008,73.84,81.59,7.6,256.0
7951,20261008,68.84,75.82,12.98,1814.0
7952,20261008,100.0,100.0,0.0,1.0
7955,20261008,95.23,99.99,0.0,2.0
7956,20261008,87.91,92.22,0.98,31.0
8002,20261008,0.0,0.0,78.09,250.0
8009,20261008,0.0,0.0,58.49,626.0
8010,20261008,20.25,46.01,21.77,385.0
8011,20261008,24.43,31.71,50.99,60595.0
8012,20261008,93.02,93.02,5.54,478.0
8014,20261008,37.88,37.88,29.79,591.0
8015,20261008,0.0,29.54,21.55,111.0
8016,20261008,29.45,44.92,29.8,35653.0
8018,20261008,0.0,21.62,15.78,75.0
8019,20261008,90.33,93.81,2.21,98.0
8020,20261008,32.36,59.32,8.3,108.0
8021,20261008,38.69,50.47,37.58,79839.0
8022,20261008,70.18,70.18,6.36,57.0
8023,20261008,0.0,0.0,54.15,35.0
8024,20261008,18.86,29.88,46.7,22523.0
8026,20261008,0.0,0.0,99.98,61.0
8027,20261008,15.85,27.02,54.67,65802.0
8028,20261008,35.92,46.8,40.33,75385.0
8029,20261008,62.69,75.2,6.97,648.0
8030,20261008,0.0,0.0,99.99,16.0
8031,20261008,25.57,25.57,26.61,121.0
8032,20261008,74.21,75.96,18.48,23330.0
8033,20261008,17.85,26.62,58.77,78695.0
8034,20261008,8.72,18.53,53.02,21949.0
8035,20261008,17.91,44.2,26.63,213.0
8036,20261008,20.62,20.62,33.25,532.0
8037,20261008,0.0,0.0,22.11,23.0
8038,20261008,15.02,21.24,61.02,39966.0
8039,20261008,49.3,57.3,31.73,91741.0
8040,20261008,44.68,49.0,36.13,32850.0
8042,20261008,57.14,63.49,30.67,44967.0
8043,20261008,37.54,40.78,53.13,37098.0
8044,20261008,56.09,60.73,25.59,27356.0
8045,20261008,55.75,66.49,16.05,4221.0
8046,20261008,81.23,85.67,7.75,85988.0
8047,20261008,75.43,83.25,7.63,1271.0
8048,20261008,28.31,40.29,39.13,35191.0
8049,20261008,27.21,33.76,50.71,39250.0
8050,20261008,36.19,44.03,42.28,56354.0
8051,20261008,0.0,0.0,100.0,1.0
8052,20261008,0.0,0.0,99.98,11.0
8053,20261008,80.37,85.44,5.98,3691.0
8054,20261008,28.4,34.5,50.01,52260.0
8055,20261008,0.0,0.0,37.74,44.0
8056,20261008,53.99,60.66,18.06,11788.0
8057,20261008,67.07,67.07,11.11,84.0
8058,20261008,49.98,67.3,14.44,2596.0
8059,20261008,67.57,71.56,20.02,7478.0
8060,20261008,34.07,49.68,27.58,272.0
8061,20261008,0.0,25.89,27.95,42.0
8062,20261008,0.0,0.0,99.99,11.0
8064,20261008,39.86,47.1,43.57,81771.0
8065,20261008,0.0,37.58,30.69,928.0
8066,20261008,20.04,38.11,47.53,38036.0
8067,20261008,56.73,81.35,12.77,6987.0
8068,20261008,58.58,61.97,28.05,8270.0
8069,20261008,65.13,73.62,16.23,108351.0
8070,20261008,69.83,74.03,18.55,35982.0
8071,20261008,22.86,32.74,50.7,35025.0
8072,20261008,57.87,60.25,30.85,12842.0
8073,20261008,0.0,0.0,99.99,10.0
8074,20261008,29.56,38.42,47.09,45621.0
8076,20261008,25.75,34.11,44.13,89210.0
8077,20261008,76.8,82.07,6.7,1061.0
8080,20261008,82.53,84.75,9.67,14317.0
8081,20261008,23.97,37.85,37.85,21481.0
8082,20261008,62.9,71.71,11.74,4212.0
8083,20261008,44.13,51.85,20.52,2706.0
8084,20261008,45.03,55.17,24.63,4874.0
8085,20261008,30.13,41.53,36.79,35853.0
8086,20261008,44.69,49.79,40.17,74524.0
8087,20261008,40.26,56.59,21.46,9833.0
8088,20261008,14.73,16.98,71.96,53933.0
8089,20261008,38.0,41.0,40.92,27177.0
8091,20261008,31.75,44.36,33.29,18960.0
8092,20261008,41.11,60.89,25.04,20461.0
8093,20261008,64.0,67.55,17.11,3207.0
8094,20261008,11.96,43.02,13.06,337.0
8095,20261008,18.1,51.29,15.89,123.0
8096,20261008,34.49,40.61,47.35,84914.0
8097,20261008,60.28,72.72,14.44,13311.0
8098,20261008,33.03,56.33,21.4,1675.0
8099,20261008,76.62,81.68,11.25,29181.0
8101,20261008,80.45,81.41,11.86,18390.0
8102,20261008,24.43,38.9,16.62,1138.0
8103,20261008,29.46,44.5,37.56,20871.0
8104,20261008,30.38,34.44,49.56,44902.0
8105,20261008,59.64,63.23,25.96,36336.0
8106,20261008,27.88,60.82,11.91,68.0
8107,20261008,44.42,53.94,30.96,31762.0
8108,20261008,0.0,0.0,99.99,13.0
8109,20261008,34.8,53.83,25.71,6960.0
8110,20261008,45.58,49.01,43.7,82203.0
8111,20261008,26.77,36.52,49.23,60338.0
8112,20261008,30.94,34.84,49.76,118460.0
8114,20261008,51.94,62.32,21.58,11765.0
8115,20261008,78.23,86.41,6.08,842.0
8119,20261008,27.54,46.68,25.87,33042.0
8121,20261008,53.35,59.83,26.3,31232.0
8122,20261008,92.23,93.1,2.45,1617.0
8127,20261008,0.0,7.67,41.26,242.0
8130,20261008,59.07,70.92,5.61,297.0
8131,20261008,69.01,71.65,21.05,31895.0
8143,20261008,0.0,0.0,35.49,24.0
8147,20261008,32.52,44.02,28.28,5238.0
8150,20261008,64.69,72.01,21.51,119495.0
8152,20261008,100.0,100.0,0.0,1.0
8155,20261008,35.5,43.63,40.88,17272.0
8157,20261008,73.65,78.63,13.14,662.0
8162,20261008,61.79,74.56,13.63,2620.0
8163,20261008,39.45,45.0,41.0,74599.0
8171,20261008,52.34,61.15,24.82,44533.0
8172,20261008,0.0,0.0,69.94,258.0
8176,20261008,22.26,33.53,40.16,34729.0
8182,20261008,63.78,67.06,25.66,10813.0
8197,20261008,83.38,84.91,6.29,637.0
8201,20261008,47.67,59.75,28.81,12134.0
8204,20261008,0.0,0.0,99.99,4.0
8210,20261008,54.42,60.26,30.49,52986.0
8213,20261008,40.92,51.17,31.32,68341.0
8215,20261008,50.43,53.7,34.57,67663.0
8218,20261008,0.0,0.0,41.62,105.0
8219,20261008,0.0,0.0,99.99,3.0
8221,20261008,0.0,0.0,99.99,2.0
8222,20261008,31.52,35.45,49.15,39515.0
8225,20261008,73.02,79.65,9.09,380.0
8227,20261008,21.8,37.98,43.25,28683.0
8234,20261008,46.67,53.98,32.53,16509.0
8240,20261008,48.06,54.05,33.39,37971.0
8244,20261008,77.43,88.79,0.9,43.0
8249,20261008,53.61,57.68,33.67,35475.0
8255,20261008,46.82,51.12,35.4,24997.0
8259,20261008,0.0,0.0,71.94,17.0
8261,20261008,36.38,44.05,47.57,75504.0
8264,20261008,0.0,0.0,72.08,496.0
8271,20261008,34.2,39.87,47.83,66763.0
8272,20261008,25.15,38.04,19.23,1635.0
8276,20261008,0.0,21.96,41.36,124.0
8277,20261008,16.88,16.88,62.12,12736.0
8279,20261008,52.51,60.23,18.94,2124.0
8281,20261008,34.88,44.49,8.43,415.0
8284,20261008,48.12,64.4,13.4,2291.0
8286,20261008,0.0,0.0,99.98,157.0
8287,20261008,70.24,70.24,25.73,11817.0
8289,20261008,33.76,43.89,37.44,30653.0
8291,20261008,71.89,71.89,20.49,1816.0
8297,20261008,92.95,92.95,3.99,174.0
8298,20261008,81.42,81.42,5.4,377.0
8299,20261008,28.17,38.5,44.14,204420.0
8307,20261008,97.93,99.42,0.23,37.0
8325,20261008,0.0,0.0,87.48,204.0
8329,20261008,87.41,91.02,5.09,3148.0
8341,20261008,46.62,49.03,37.71,18631.0
8342,20261008,66.31,72.33,10.68,1091.0
8345,20261008,73.22,83.41,4.37,808.0
8349,20261008,66.89,71.13,15.26,7581.0
8351,20261008,74.92,76.32,10.34,1048.0
8354,20261008,49.56,65.58,17.35,14682.0
8358,20261008,29.35,37.89,50.99,163741.0
8359,20261008,79.51,83.36,9.62,5985.0
8361,20261008,0.0,0.0,99.98,5.0
8367,20261008,61.38,70.65,14.27,3478.0
8374,20261008,68.36,71.03,22.74,13077.0
8375,20261008,40.34,77.08,10.76,114.0
8380,20261008,0.0,19.46,53.52,880.0
8382,20261008,56.95,66.04,16.24,10344.0
8383,20261008,43.91,53.03,35.89,56295.0
8390,20261008,38.5,43.95,32.57,31587.0
8391,20261008,100.0,100.0,0.0,1.0
8401,20261008,54.54,63.21,20.31,11875.0
8403,20261008,32.26,38.05,40.99,36544.0
8404,20261008,73.77,78.8,10.52,15661.0
8409,20261008,38.8,48.88,27.76,25649.0
8410,20261008,50.7,56.94,24.61,2071.0
8411,20261008,79.38,81.96,9.58,10690.0
8415,20261008,89.45,93.1,3.08,8778.0
8416,20261008,77.13,77.13,14.73,2087.0
8419,20261008,40.55,53.22,32.7,1376.0
8421,20261008,58.46,64.52,21.36,6680.0
8422,20261008,34.41,37.98,47.5,148559.0
8423,20261008,54.59,62.67,19.89,6256.0
8424,20261008,50.7,60.6,26.95,3001.0
8426,20261008,70.26,75.82,15.53,2639.0
8427,20261008,0.0,0.0,99.97,14.0
8429,20261008,38.12,42.24,37.67,45030.0
8431,20261008,18.68,32.02,46.99,44307.0
8432,20261008,56.47,61.54,23.4,3182.0
8433,20261008,60.43,66.8,17.86,3127.0
8435,20261008,20.64,41.03,43.86,22338.0
8436,20261008,27.08,34.87,46.9,46057.0
8437,20261008,28.08,41.85,29.4,32536.0
8438,20261008,66.69,77.92,10.83,3108.0
8440,20261008,29.05,31.76,56.82,55753.0
8442,20261008,61.45,71.68,11.82,1987.0
8443,20261008,60.37,69.7,22.05,46504.0
8444,20261008,77.61,85.89,5.38,1678.0
8446,20261008,43.01,51.42,38.41,7676.0
8450,20261008,56.66,58.33,31.36,10184.0
8452,20261008,100.0,100.0,0.0,1.0
8454,20261008,79.33,81.78,13.77,37733.0
8455,20261008,87.77,89.9,6.22,705.0
8458,20261008,51.58,73.63,6.73,548.0
8462,20261008,59.04,65.03,18.61,6241.0
8463,20261008,76.84,82.36,9.96,3540.0
8464,20261008,77.81,87.05,2.64,3886.0
8465,20261008,41.56,58.22,10.66,232.0
8466,20261008,67.53,77.12,11.72,2124.0
8467,20261008,73.86,81.99,7.55,1662.0
8472,20261008,55.75,63.04,13.25,1034.0
8473,20261008,66.72,69.44,20.18,14962.0
8475,20261008,100.0,100.0,0.0,1.0
8476,20261008,62.35,72.64,14.53,6229.0
8477,20261008,81.6,83.52,9.92,10861.0
8478,20261008,75.66,75.66,17.93,10820.0
8479,20261008,41.51,62.09,10.55,375.0
8481,20261008,53.64,66.52,13.2,2497.0
8482,20261008,90.26,95.14,2.38,1034.0
8485,20261008,0.0,96.18,3.8,61.0
8487,20261008,46.05,55.94,19.71,19464.0
8488,20261008,80.22,86.8,5.39,905.0
8489,20261008,46.07,56.84,24.96,29859.0
8490,20261008,29.07,45.75,15.43,1099.0
8491,20261008,0.0,0.0,70.08,1286.0
8492,20261008,88.34,92.97,3.99,250.0
8495,20261008,91.06,92.59,4.43,855.0
8496,20261008,84.71,87.43,4.35,292.0
8499,20261008,72.65,79.86,11.26,2138.0
8707,20261008,0.0,0.0,59.69,6304.0
8708,20261008,36.72,43.78,36.29,20434.0
8710,20261008,18.25,29.02,37.89,6836.0
8712,20261008,63.8,76.16,5.61,6932.0
8718,20261008,28.36,35.44,44.2,18041.0
8719,20261008,79.48,86.8,5.01,6758.0
8720,20261008,47.39,56.97,27.11,8584.0
8721,20261008,0.0,0.0,61.34,2239.0
8722,20261008,56.92,62.76,23.38,5790.0
8723,20261008,42.32,50.84,31.39,23374.0
8724,20261008,33.65,40.7,48.33,8384.0
8725,20261008,25.29,32.37,43.1,12486.0
8905,20261008,89.62,92.62,3.79,21563.0
8906,20261008,49.92,56.54,23.52,2895.0
8908,20261008,85.98,89.05,6.0,15584.0
8916,20261008,60.0,66.06,19.94,41360.0
8917,20261008,66.25,82.64,3.13,1711.0
8921,20261008,63.01,85.56,4.39,1149.0
8923,20261008,74.55,82.32,6.8,5117.0
8924,20261008,29.73,38.86,46.28,16931.0
8925,20261008,27.55,41.33,26.8,19583.0
8926,20261008,51.81,57.21,27.81,61720.0
8927,20261008,74.91,83.74,7.48,25573.0
8928,20261008,35.67,49.08,29.97,4312.0
8929,20261008,39.18,45.67,38.97,11626.0
8930,20261008,57.81,68.33,19.08,5284.0
8931,20261008,78.92,82.02,8.18,18878.0
8932,20261008,74.37,79.28,9.65,9949.0
8933,20261008,47.69,52.83,30.47,42630.0
8934,20261008,94.77,94.77,1.67,504.0
8935,20261008,41.44,51.03,24.52,38034.0
8936,20261008,23.58,31.74,49.64,74889.0
8937,20261008,88.46,91.01,3.73,3336.0
8938,20261008,45.63,57.75,24.72,12230.0
8940,20261008,62.43,70.74,21.33,9266.0
8941,20261008,44.39,66.78,11.1,2192.0
8942,20261008,42.29,50.9,29.12,13127.0
8945,20261008,0.0,0.0,100.0,2.0
8977,20261008,94.48,96.97,0.0,25.0
8996,20261008,29.41,50.79,20.4,36845.0
8999,20261008,18.91,63.91,5.05,392.0
9103,20261008,3.75,11.36,57.85,21349.0
910322,20261008,21.62,28.54,53.05,7305.0
9105,20261008,17.54,28.04,41.47,110308.0
910861,20261008,20.29,37.38,34.35,2694.0
9110,20261008,21.55,43.71,20.25,1744.0
911608,20261008,13.44,31.56,33.67,2145.0
911611,20261008,28.83,41.32,26.79,3110.0
911613,20261008,0.0,5.99,58.77,1401.0
911622,20261008,42.56,52.91,28.86,1489.0
911868,20261008,25.81,36.97,29.73,6124.0
912000,20261008,23.3,35.08,30.15,6770.0
9136,20261008,61.39,67.75,18.12,4473.0
916665,20261008,0.0,0.0,90.16,366.0
9801,20261008,66.08,69.35,24.25,83315.0
9802,20261008,54.13,62.96,21.57,12185.0
9902,20261008,51.35,57.59,28.2,45091.0
9904,20261008,62.81,67.98,18.17,105874.0
9905,20261008,71.92,74.01,17.09,17057.0
9906,20261008,74.98,78.75,14.72,8171.0
9907,20261008,70.29,74.53,14.72,55291.0
9908,20261008,74.75,80.43,10.65,16330.0
9910,20261008,86.85,88.59,7.45,24271.0
9911,20261008,60.96,66.86,23.24,31240.0
9912,20261008,56.81,62.94,22.89,61696.0
9914,20261008,54.68,65.06,23.69,67103.0
9917,20261008,70.35,76.93,14.68,56508.0
9918,20261008,77.24,85.09,4.82,25051.0
9919,20261008,42.39,45.68,43.78,63438.0
9921,20261008,59.59,69.4,18.71,28473.0
9922,20261008,59.04,69.34,15.94,10414.0
9924,20261008,52.66,61.18,27.18,12987.0
9925,20261008,60.81,67.7,19.94,19388.0
9926,20261008,73.65,83.81,5.07,4216.0
9927,20261008,52.67,58.7,30.5,14317.0
9928,20261008,67.19,75.21,14.63,7102.0
9929,20261008,83.94,88.12,5.05,3777.0
9930,20261008,76.45,77.64,15.31,12290.0
9931,20261008,73.37,78.0,7.96,7787.0
9933,20261008,57.6,63.37,19.98,54660.0
9934,20261008,59.15,66.51,17.4,13512.0
9935,20261008,50.03,61.4,17.21,57669.0
9936,20261008,20.12,29.12,42.72,11622.0
9937,20261008,82.18,89.21,3.82,15706.0
9938,20261008,44.42,52.86,30.3,50047.0
9939,20261008,52.19,62.56,24.42,27727.0
9940,20261008,77.89,81.46,10.36,17043.0
9941,20261008,65.95,69.74,23.07,44467.0
9942,20261008,39.07,51.17,30.38,9611.0
9943,20261008,69.48,71.04,24.68,15906.0
9944,20261008,66.16,79.2,12.22,10365.0
9945,20261008,62.07,66.45,19.46,100841.0
9946,20261008,78.31,81.74,10.55,13931.0
9947,20261008,0.0,0.0,0.0,1.0
9948,20261008,0.0,0.0,99.97,73.0
9949,20261008,58.15,73.41,15.64,10979.0
9950,20261008,80.98,83.86,9.81,3585.0
9951,20261008,41.17,46.8,39.13,24379.0
9952,20261008,0.0,0.0,43.32,36.0
9953,20261008,0.0,0.0,57.28,518.0
9955,20261008,55.34,61.45,30.02,15159.0
9956,20261008,0.0,0.0,69.31,43.0
9957,20261008,95.5,96.03,2.23,12735.0
9958,20261008,42.11,48.82,38.8,59669.0
9959,20261008,0.0,0.0,76.32,23.0
9960,20261008,54.23,78.14,8.84,9416.0
9961,20261008,89.73,93.39,2.19,321.0
9962,20261008,40.1,46.74,36.12,28858.0
9963,20261008,100.0,100.0,0.0,1.0
9964,20261008,100.0,100.0,0.0,1.0
9965,20261008,0.0,0.0,89.04,68.0
9971,20261008,100.0,100.0,0.0,1.0
